-- phpMyAdmin SQL Dump
-- version 4.4.10
-- http://www.phpmyadmin.net
--
-- Хост: localhost:3306
-- Время создания: Июн 16 2016 г., 07:39
-- Версия сервера: 5.5.42
-- Версия PHP: 5.6.10

SET SQL_MODE = "NO_AUTO_VALUE_ON_ZERO";
SET time_zone = "+00:00";


/*!40101 SET @OLD_CHARACTER_SET_CLIENT=@@CHARACTER_SET_CLIENT */;
/*!40101 SET @OLD_CHARACTER_SET_RESULTS=@@CHARACTER_SET_RESULTS */;
/*!40101 SET @OLD_COLLATION_CONNECTION=@@COLLATION_CONNECTION */;
/*!40101 SET NAMES utf8mb4 */;

--
-- База данных: `bhelp`
--

--
-- Очистить таблицу перед добавлением данных `cashflows`
--

TRUNCATE TABLE `cashflows`;
--
-- Дамп данных таблицы `cashflows`
--

INSERT INTO `cashflows` (`cashflow_id`, `cashflow_type_id`, `comment`, `comp_id`, `employee_id`, `store_id`, `price`, `cashflow_date`) VALUES
(12, 0, '', 1, 1, 1, 1000, '2016-03-20 09:10:23'),
(13, 0, '', 1, 1, 1, 1000, '2016-03-20 13:49:10'),
(14, 0, '', 1, 1, 1, 20000, '2016-03-20 13:49:28'),
(15, 3, '', 1, 1, 1, 190, '2016-03-20 13:51:04'),
(16, 4, 'Алмас приходил', 1, 1, 2, 20000, '2016-03-20 14:14:09'),
(17, 0, '', 1, 1, 1, 0, '2016-03-20 15:16:41'),
(18, 18, 'за февраль оплачено', 1, 1, 1, 5000, '2016-03-24 14:47:07'),
(19, 8, '', 5, 7, 8, 53000, '2016-06-10 00:22:54');

--
-- Очистить таблицу перед добавлением данных `cashflow_types`
--

TRUNCATE TABLE `cashflow_types`;
--
-- Дамп данных таблицы `cashflow_types`
--

INSERT INTO `cashflow_types` (`cashflow_type_id`, `title`, `description`, `flow_type`, `is_real`, `comp_id`) VALUES
(1, 'Интернет', 'Оплата за интернет', 0, 1, 1),
(3, 'Аренда', 'аренда за помещение', 0, 1, 1),
(4, '  Деньги с банка', 'Пришли денши с банкомата', 1, 0, 1),
(5, 'Деловая литература', '', 1, 1, 5),
(6, 'Детская литература', '', 1, 1, 5),
(7, 'Религиозная литература', '', 1, 1, 5),
(8, 'Прочие поступления', '', 1, 1, 5),
(9, 'За семинар', '', 1, 1, 5),
(10, 'Покупка', 'Покупка книг', 0, 1, 5),
(11, 'Единицы', '', 0, 1, 5),
(12, 'Зарплата', '', 0, 1, 5),
(13, 'Интернет', '', 0, 1, 5),
(14, 'Прочее', '', 0, 1, 5),
(15, 'Связь сити', '', 0, 1, 5),
(16, 'Отток к Алмазу', '', 0, 1, 5),
(17, 'Аренда', '', 0, 1, 5),
(18, 'Интернет оплата', 'Ежемесячно вввв', 0, 1, 1);

--
-- Очистить таблицу перед добавлением данных `categories`
--

TRUNCATE TABLE `categories`;
--
-- Дамп данных таблицы `categories`
--

INSERT INTO `categories` (`cat_id`, `title`, `description`, `parent_id`, `level`, `comp_id`) VALUES
(3, 'Детективы', '', 0, 1, 4),
(4, 'Боевики', '', 0, 1, 4),
(5, 'Драмы', '', 0, 1, 4),
(6, 'Комедии', '', 0, 1, 4),
(7, 'Мультфилмы', '', 0, 1, 4),
(8, 'Мелодрамы', '', 0, 1, 4),
(9, 'Триллеры', '', 0, 1, 4),
(10, 'Ужасы', '', 0, 1, 4),
(11, 'Фантастика', '', 0, 1, 4),
(12, 'Спортивные', '', 0, 1, 4),
(13, 'Другие', '', 0, 1, 4),
(14, 'Ищу работу', 'Люди которые ищут работу', 0, 1, 1),
(15, 'Книги', 'Исторические книги на продажу', 0, 1, 1),
(16, ' Комедия', 'Фильмы жанра комедии', 0, 1, 1),
(17, 'Религиозная литература', '', 0, 1, 5),
(18, 'Электронные книги', '', 0, 1, 5),
(19, 'Деловая литература', '', 0, 1, 5),
(20, 'Прочее', '', 0, 1, 5),
(21, 'Боевик', 'Фильмы жанра боевик', 0, 1, 1),
(22, 'Эл жайнамаз', '', 0, 1, 5);

--
-- Очистить таблицу перед добавлением данных `clients`
--

TRUNCATE TABLE `clients`;
--
-- Дамп данных таблицы `clients`
--

INSERT INTO `clients` (`client_id`, `phone`, `email`, `password`, `comp_id`, `name`, `surname`) VALUES
(2, '87789158745', 'amankosss@gmail.com', 'A555555a', 4, 'Аманкос', 'Рахымбергенов'),
(4, '7777777772', 'a2@mail.ru', NULL, 1, 'А2', 'Р2'),
(5, '873', 'а3@', NULL, 1, 'A3', 'Р3'),
(6, '55', 'A5', NULL, 1, 'A4', 'A5');

--
-- Очистить таблицу перед добавлением данных `companies`
--

TRUNCATE TABLE `companies`;
--
-- Дамп данных таблицы `companies`
--

INSERT INTO `companies` (`comp_id`, `name`, `description`, `email`) VALUES
(1, 'TOO BRK', 'Financial company', 'amankosss@gmail.com'),
(2, 'TOO KAZMUNAIGAZ', 'Fuel creater company', 'kazmaz@kmg.kz'),
(3, 'TOO "Logycom"', 'Компания занимающаяся торговлей качественной техники по доступной цене. ', 'logycom@gmail.com'),
(4, 'Меломан', 'ООО Меломан — казахстанская ритейлинговая, дистрибуторская и производственная компания, специализирующаяся на производстве и продаже аудио- и видеопродукции, книг, бытовой электроники и сопутствующих товаров.', 'meloman@gmail.com'),
(5, 'BRK Consulting', 'Financial company', 'amankosss@gmail.com');

--
-- Очистить таблицу перед добавлением данных `debits`
--

TRUNCATE TABLE `debits`;
--
-- Дамп данных таблицы `debits`
--

INSERT INTO `debits` (`debit_id`, `good_id`, `count`, `comp_id`, `store_id`, `net_price`, `employee_id`, `debit_date`) VALUES
(44, 103, 8, 5, 8, NULL, 7, '0000-00-00 00:00:00'),
(45, 107, 3, 5, 8, NULL, 7, '0000-00-00 00:00:00'),
(46, 108, 11, 5, 8, NULL, 7, '0000-00-00 00:00:00'),
(47, 111, 5, 5, 8, NULL, 7, '0000-00-00 00:00:00'),
(48, 112, 3, 5, 8, NULL, 7, '0000-00-00 00:00:00'),
(49, 114, 5, 5, 8, NULL, 7, '0000-00-00 00:00:00'),
(50, 116, 1, 5, 8, NULL, 7, '0000-00-00 00:00:00'),
(51, 118, 2, 5, 8, NULL, 7, '0000-00-00 00:00:00'),
(52, 121, 4, 5, 8, NULL, 7, '0000-00-00 00:00:00'),
(53, 122, 4, 5, 8, NULL, 7, '0000-00-00 00:00:00'),
(54, 126, 4, 5, 8, NULL, 7, '0000-00-00 00:00:00'),
(55, 127, 11, 5, 8, NULL, 7, '0000-00-00 00:00:00'),
(56, 130, 1, 5, 8, NULL, 7, '0000-00-00 00:00:00'),
(57, 133, 17, 5, 8, NULL, 7, '0000-00-00 00:00:00'),
(58, 135, 1, 5, 8, NULL, 7, '0000-00-00 00:00:00'),
(59, 136, 3, 5, 8, NULL, 7, '0000-00-00 00:00:00'),
(60, 137, 1, 5, 8, NULL, 7, '0000-00-00 00:00:00'),
(61, 138, 4, 5, 0, NULL, 7, '0000-00-00 00:00:00'),
(62, 139, 5, 5, 8, NULL, 7, '0000-00-00 00:00:00'),
(63, 140, 9, 5, 8, NULL, 7, '0000-00-00 00:00:00'),
(64, 141, 1, 5, 8, NULL, 7, '0000-00-00 00:00:00'),
(65, 143, 6, 5, 8, NULL, 7, '0000-00-00 00:00:00'),
(66, 144, 8, 5, 8, NULL, 7, '0000-00-00 00:00:00'),
(67, 145, 11, 5, 8, NULL, 7, '0000-00-00 00:00:00'),
(68, 146, 3, 5, 8, NULL, 7, '0000-00-00 00:00:00'),
(69, 148, 3, 5, 8, NULL, 7, '0000-00-00 00:00:00'),
(70, 149, 5, 5, 8, NULL, 7, '0000-00-00 00:00:00'),
(71, 150, 3, 5, 8, NULL, 7, '0000-00-00 00:00:00'),
(72, 154, 4, 5, 8, NULL, 7, '0000-00-00 00:00:00'),
(73, 156, 1, 5, 8, NULL, 7, '0000-00-00 00:00:00'),
(74, 159, 18, 5, 8, NULL, 7, '0000-00-00 00:00:00'),
(75, 160, 4, 5, 8, NULL, 7, '0000-00-00 00:00:00'),
(76, 161, 2, 5, 8, NULL, 7, '0000-00-00 00:00:00'),
(77, 164, 3, 5, 8, NULL, 7, '0000-00-00 00:00:00'),
(78, 206, 5, 5, 8, NULL, 7, '0000-00-00 00:00:00'),
(79, 103, 23, 5, 9, NULL, 7, '0000-00-00 00:00:00'),
(80, 107, 30, 5, 9, NULL, 7, '0000-00-00 00:00:00'),
(81, 108, 39, 5, 9, NULL, 7, '0000-00-00 00:00:00'),
(82, 110, 13, 5, 9, NULL, 7, '0000-00-00 00:00:00'),
(83, 111, 28, 5, 9, NULL, 7, '0000-00-00 00:00:00'),
(84, 112, 52, 5, 9, NULL, 7, '0000-00-00 00:00:00'),
(85, 113, 42, 5, 9, NULL, 7, '0000-00-00 00:00:00'),
(86, 116, 6, 5, 9, NULL, 7, '0000-00-00 00:00:00'),
(87, 118, 40, 5, 9, NULL, 7, '0000-00-00 00:00:00'),
(88, 121, 9, 5, 9, NULL, 7, '0000-00-00 00:00:00'),
(89, 123, 39, 5, 9, NULL, 7, '0000-00-00 00:00:00'),
(90, 126, 3, 5, 9, NULL, 7, '0000-00-00 00:00:00'),
(91, 127, 8, 5, 9, NULL, 7, '0000-00-00 00:00:00'),
(92, 130, 27, 5, 9, NULL, 7, '0000-00-00 00:00:00'),
(93, 131, 1, 5, 9, NULL, 7, '0000-00-00 00:00:00'),
(94, 133, 29, 5, 9, NULL, 7, '0000-00-00 00:00:00'),
(95, 135, 67, 5, 9, NULL, 7, '0000-00-00 00:00:00'),
(96, 136, 9, 5, 9, NULL, 7, '0000-00-00 00:00:00'),
(97, 137, 10, 5, 9, NULL, 7, '0000-00-00 00:00:00'),
(98, 138, 57, 5, 9, NULL, 7, '0000-00-00 00:00:00'),
(99, 140, 26, 5, 9, NULL, 7, '0000-00-00 00:00:00'),
(100, 141, 5, 5, 9, NULL, 7, '0000-00-00 00:00:00'),
(101, 143, 15, 5, 9, NULL, 7, '0000-00-00 00:00:00'),
(102, 145, 19, 5, 9, NULL, 7, '0000-00-00 00:00:00'),
(103, 146, 2, 5, 9, NULL, 7, '0000-00-00 00:00:00'),
(104, 148, 5, 5, 9, NULL, 7, '0000-00-00 00:00:00'),
(105, 154, 17, 5, 9, NULL, 7, '0000-00-00 00:00:00'),
(106, 155, 27, 5, 9, NULL, 7, '0000-00-00 00:00:00'),
(107, 156, 4, 5, 9, NULL, 7, '0000-00-00 00:00:00'),
(108, 159, 23, 5, 9, NULL, 7, '0000-00-00 00:00:00'),
(109, 160, 12, 5, 9, NULL, 7, '0000-00-00 00:00:00'),
(110, 164, 8, 5, 9, NULL, 7, '0000-00-00 00:00:00'),
(111, 225, 2, 5, 9, NULL, 7, '0000-00-00 00:00:00'),
(112, 226, 6, 5, 9, NULL, 7, '0000-00-00 00:00:00'),
(113, 230, 10, 5, 9, NULL, 7, '0000-00-00 00:00:00'),
(114, 231, 1, 5, 9, NULL, 7, '0000-00-00 00:00:00'),
(115, 232, 1, 5, 9, NULL, 7, '0000-00-00 00:00:00'),
(116, 238, 2, 5, 9, NULL, 7, '0000-00-00 00:00:00'),
(117, 243, 2, 5, 9, NULL, 7, '0000-00-00 00:00:00'),
(118, 244, 3, 5, 9, NULL, 7, '0000-00-00 00:00:00'),
(119, 264, 2, 5, 9, NULL, 7, '0000-00-00 00:00:00'),
(120, 269, 2, 5, 9, NULL, 7, '0000-00-00 00:00:00'),
(121, 270, 1, 5, 9, NULL, 7, '0000-00-00 00:00:00'),
(122, 282, 1, 5, 9, NULL, 7, '0000-00-00 00:00:00'),
(123, 291, 3, 5, 9, NULL, 7, '0000-00-00 00:00:00'),
(124, 295, 1, 5, 9, NULL, 7, '0000-00-00 00:00:00'),
(125, 298, 1, 5, 9, NULL, 7, '0000-00-00 00:00:00'),
(126, 310, 2, 5, 9, NULL, 7, '0000-00-00 00:00:00'),
(127, 314, 1, 5, 9, NULL, 7, '0000-00-00 00:00:00'),
(128, 318, 3, 5, 9, NULL, 7, '0000-00-00 00:00:00'),
(129, 327, 2, 5, 9, NULL, 7, '0000-00-00 00:00:00'),
(130, 334, 4, 5, 9, NULL, 7, '0000-00-00 00:00:00'),
(131, 335, 1, 5, 9, NULL, 7, '0000-00-00 00:00:00'),
(132, 336, 3, 5, 9, NULL, 7, '0000-00-00 00:00:00'),
(133, 341, 1, 5, 9, NULL, 7, '0000-00-00 00:00:00'),
(134, 342, 1, 5, 9, NULL, 7, '0000-00-00 00:00:00'),
(135, 346, 4, 5, 9, NULL, 7, '0000-00-00 00:00:00'),
(136, 347, 17, 5, 9, NULL, 7, '0000-00-00 00:00:00'),
(137, 355, 4, 5, 9, NULL, 7, '0000-00-00 00:00:00'),
(138, 361, 2, 5, 9, NULL, 7, '0000-00-00 00:00:00'),
(139, 366, 3, 5, 9, NULL, 7, '0000-00-00 00:00:00'),
(140, 373, 1, 5, 9, NULL, 7, '0000-00-00 00:00:00'),
(141, 377, 1, 5, 9, NULL, 7, '0000-00-00 00:00:00'),
(142, 378, 7, 5, 9, NULL, 7, '0000-00-00 00:00:00'),
(143, 386, 3, 5, 9, NULL, 7, '0000-00-00 00:00:00'),
(144, 393, 3, 5, 9, NULL, 7, '0000-00-00 00:00:00'),
(145, 395, 1, 5, 9, NULL, 7, '0000-00-00 00:00:00'),
(146, 400, 6, 5, 9, NULL, 7, '0000-00-00 00:00:00'),
(147, 406, 6, 5, 9, NULL, 7, '0000-00-00 00:00:00'),
(148, 410, 1, 5, 9, NULL, 7, '0000-00-00 00:00:00'),
(149, 420, 1, 5, 9, NULL, 7, '0000-00-00 00:00:00'),
(150, 421, 3, 5, 9, NULL, 7, '0000-00-00 00:00:00'),
(151, 427, 1, 5, 9, NULL, 7, '0000-00-00 00:00:00'),
(152, 432, 2, 5, 9, NULL, 7, '0000-00-00 00:00:00'),
(153, 434, 2, 5, 9, NULL, 7, '0000-00-00 00:00:00'),
(154, 436, 8, 5, 9, NULL, 7, '0000-00-00 00:00:00'),
(155, 439, 7, 5, 9, NULL, 7, '0000-00-00 00:00:00'),
(156, 443, 15, 5, 9, NULL, 7, '0000-00-00 00:00:00'),
(157, 445, 8, 5, 9, NULL, 7, '0000-00-00 00:00:00'),
(158, 457, 3, 5, 9, NULL, 7, '0000-00-00 00:00:00'),
(159, 461, 9, 5, 9, NULL, 7, '0000-00-00 00:00:00'),
(160, 462, 1, 5, 9, NULL, 7, '0000-00-00 00:00:00'),
(161, 465, 2, 5, 9, NULL, 7, '0000-00-00 00:00:00'),
(162, 466, 1, 5, 9, NULL, 7, '0000-00-00 00:00:00'),
(163, 471, 1, 5, 9, NULL, 7, '0000-00-00 00:00:00'),
(164, 479, 3, 5, 9, NULL, 7, '0000-00-00 00:00:00'),
(165, 481, 3, 5, 9, NULL, 7, '0000-00-00 00:00:00'),
(166, 493, 1, 5, 9, NULL, 7, '0000-00-00 00:00:00'),
(167, 498, 10, 5, 9, NULL, 7, '0000-00-00 00:00:00'),
(168, 500, 3, 5, 9, NULL, 7, '0000-00-00 00:00:00'),
(169, 510, 1, 5, 9, NULL, 7, '0000-00-00 00:00:00'),
(170, 515, 3, 5, 9, NULL, 7, '0000-00-00 00:00:00'),
(171, 521, 1, 5, 9, NULL, 7, '0000-00-00 00:00:00'),
(172, 531, 1, 5, 9, NULL, 7, '0000-00-00 00:00:00'),
(173, 533, 1, 5, 9, NULL, 7, '0000-00-00 00:00:00'),
(174, 535, 2, 5, 9, NULL, 7, '0000-00-00 00:00:00'),
(175, 537, 8, 5, 9, NULL, 7, '0000-00-00 00:00:00'),
(176, 545, 2, 5, 9, NULL, 7, '0000-00-00 00:00:00'),
(177, 550, 4, 5, 9, NULL, 7, '0000-00-00 00:00:00'),
(178, 554, 5, 5, 9, NULL, 7, '0000-00-00 00:00:00'),
(179, 558, 3, 5, 9, NULL, 7, '0000-00-00 00:00:00'),
(180, 562, 1, 5, 9, NULL, 7, '0000-00-00 00:00:00'),
(181, 571, 3, 5, 9, NULL, 7, '0000-00-00 00:00:00'),
(182, 588, 3, 5, 9, NULL, 7, '0000-00-00 00:00:00'),
(183, 603, 2, 5, 9, NULL, 7, '0000-00-00 00:00:00'),
(184, 604, 2, 5, 9, NULL, 7, '0000-00-00 00:00:00'),
(185, 614, 114, 5, 9, NULL, 7, '0000-00-00 00:00:00'),
(186, 620, 7, 5, 9, NULL, 7, '0000-00-00 00:00:00'),
(187, 621, 11, 5, 9, NULL, 7, '0000-00-00 00:00:00'),
(188, 622, 7, 5, 9, NULL, 7, '0000-00-00 00:00:00'),
(189, 623, 4, 5, 9, NULL, 7, '0000-00-00 00:00:00'),
(190, 624, 19, 5, 9, NULL, 7, '0000-00-00 00:00:00'),
(191, 634, 3, 5, 9, NULL, 7, '0000-00-00 00:00:00'),
(192, 650, 1, 5, 9, NULL, 7, '0000-00-00 00:00:00'),
(193, 656, 1, 5, 9, NULL, 7, '0000-00-00 00:00:00'),
(194, 658, 2, 5, 9, NULL, 7, '0000-00-00 00:00:00'),
(195, 664, 3, 5, 9, NULL, 7, '0000-00-00 00:00:00'),
(196, 679, 2, 5, 9, NULL, 7, '0000-00-00 00:00:00'),
(197, 867, 3, 5, 9, NULL, 7, '0000-00-00 00:00:00'),
(198, 868, 1, 5, 9, NULL, 7, '0000-00-00 00:00:00'),
(199, 870, 3, 5, 9, NULL, 7, '0000-00-00 00:00:00'),
(200, 874, 3, 5, 9, NULL, 7, '0000-00-00 00:00:00'),
(201, 892, 32, 5, 9, NULL, 7, '0000-00-00 00:00:00'),
(202, 102, 10, 5, 10, NULL, 7, '0000-00-00 00:00:00'),
(203, 107, 1, 5, 10, NULL, 7, '0000-00-00 00:00:00'),
(204, 108, 12, 5, 10, NULL, 7, '0000-00-00 00:00:00'),
(205, 110, 21, 5, 10, NULL, 7, '0000-00-00 00:00:00'),
(206, 111, 25, 5, 10, NULL, 7, '0000-00-00 00:00:00'),
(207, 112, 45, 5, 10, NULL, 7, '0000-00-00 00:00:00'),
(208, 113, 16, 5, 10, NULL, 7, '0000-00-00 00:00:00'),
(209, 116, 7, 5, 10, NULL, 7, '0000-00-00 00:00:00'),
(210, 118, 10, 5, 10, NULL, 7, '0000-00-00 00:00:00'),
(211, 121, 2, 5, 10, NULL, 7, '0000-00-00 00:00:00'),
(212, 122, 2, 5, 10, NULL, 7, '0000-00-00 00:00:00'),
(213, 126, 5, 5, 10, NULL, 7, '0000-00-00 00:00:00'),
(214, 127, 12, 5, 10, NULL, 7, '0000-00-00 00:00:00'),
(215, 129, 4, 5, 10, NULL, 7, '0000-00-00 00:00:00'),
(216, 130, 10, 5, 10, NULL, 7, '0000-00-00 00:00:00'),
(217, 133, 4, 5, 10, NULL, 7, '0000-00-00 00:00:00'),
(218, 135, 17, 5, 10, NULL, 7, '0000-00-00 00:00:00'),
(219, 136, 6, 5, 10, NULL, 7, '0000-00-00 00:00:00'),
(220, 137, 17, 5, 10, NULL, 7, '0000-00-00 00:00:00'),
(221, 138, 20, 5, 10, NULL, 7, '0000-00-00 00:00:00'),
(222, 140, 13, 5, 10, NULL, 7, '0000-00-00 00:00:00'),
(223, 141, 2, 5, 10, NULL, 7, '0000-00-00 00:00:00'),
(224, 143, 1, 5, 10, NULL, 7, '0000-00-00 00:00:00'),
(225, 144, 12, 5, 10, NULL, 7, '0000-00-00 00:00:00'),
(226, 145, 16, 5, 10, NULL, 7, '0000-00-00 00:00:00'),
(227, 146, 12, 5, 10, NULL, 7, '0000-00-00 00:00:00'),
(228, 148, 19, 5, 10, NULL, 7, '0000-00-00 00:00:00'),
(229, 149, 8, 5, 10, NULL, 7, '0000-00-00 00:00:00'),
(230, 150, 7, 5, 10, NULL, 7, '0000-00-00 00:00:00'),
(231, 154, 9, 5, 10, NULL, 7, '0000-00-00 00:00:00'),
(232, 155, 17, 5, 10, NULL, 7, '0000-00-00 00:00:00'),
(233, 156, 6, 5, 10, NULL, 7, '0000-00-00 00:00:00'),
(234, 159, 9, 5, 10, NULL, 7, '0000-00-00 00:00:00'),
(235, 162, 16, 5, 10, NULL, 7, '0000-00-00 00:00:00'),
(236, 163, 18, 5, 10, NULL, 7, '0000-00-00 00:00:00'),
(237, 164, 10, 5, 10, NULL, 7, '0000-00-00 00:00:00'),
(238, 179, 4, 5, 10, NULL, 7, '0000-00-00 00:00:00'),
(239, 180, 3, 5, 10, NULL, 7, '0000-00-00 00:00:00'),
(240, 181, 8, 5, 10, NULL, 7, '0000-00-00 00:00:00'),
(241, 182, 9, 5, 10, NULL, 7, '0000-00-00 00:00:00'),
(242, 183, 5, 5, 10, NULL, 7, '0000-00-00 00:00:00'),
(243, 185, 3, 5, 10, NULL, 7, '0000-00-00 00:00:00'),
(244, 186, 10, 5, 10, NULL, 7, '0000-00-00 00:00:00'),
(245, 187, 2, 5, 10, NULL, 7, '0000-00-00 00:00:00'),
(246, 188, 20, 5, 10, NULL, 7, '0000-00-00 00:00:00'),
(247, 189, 7, 5, 10, NULL, 7, '0000-00-00 00:00:00'),
(248, 190, 8, 5, 10, NULL, 7, '0000-00-00 00:00:00'),
(249, 193, 8, 5, 10, NULL, 7, '0000-00-00 00:00:00'),
(250, 194, 13, 5, 10, NULL, 7, '0000-00-00 00:00:00'),
(251, 195, 15, 5, 10, NULL, 7, '0000-00-00 00:00:00'),
(252, 196, 8, 5, 10, NULL, 7, '0000-00-00 00:00:00'),
(253, 198, 11, 5, 10, NULL, 7, '0000-00-00 00:00:00'),
(254, 199, 10, 5, 10, NULL, 7, '0000-00-00 00:00:00'),
(255, 200, 25, 5, 10, NULL, 7, '0000-00-00 00:00:00'),
(256, 201, 12, 5, 10, NULL, 7, '0000-00-00 00:00:00'),
(257, 202, 12, 5, 10, NULL, 7, '0000-00-00 00:00:00'),
(258, 204, 10, 5, 10, NULL, 7, '0000-00-00 00:00:00'),
(259, 206, 9, 5, 10, NULL, 7, '0000-00-00 00:00:00'),
(260, 229, 1, 5, 10, NULL, 7, '0000-00-00 00:00:00'),
(261, 231, 1, 5, 10, NULL, 7, '0000-00-00 00:00:00'),
(262, 236, 1, 5, 10, NULL, 7, '0000-00-00 00:00:00'),
(263, 238, 3, 5, 10, NULL, 7, '0000-00-00 00:00:00'),
(264, 251, 1, 5, 10, NULL, 7, '0000-00-00 00:00:00'),
(265, 252, 1, 5, 10, NULL, 7, '0000-00-00 00:00:00'),
(266, 253, 2, 5, 10, NULL, 7, '0000-00-00 00:00:00'),
(267, 254, 1, 5, 10, NULL, 7, '0000-00-00 00:00:00'),
(268, 258, 2, 5, 10, NULL, 7, '0000-00-00 00:00:00'),
(269, 259, 1, 5, 10, NULL, 7, '0000-00-00 00:00:00'),
(270, 261, 1, 5, 10, NULL, 7, '0000-00-00 00:00:00'),
(271, 263, 1, 5, 10, NULL, 7, '0000-00-00 00:00:00'),
(272, 264, 2, 5, 10, NULL, 7, '0000-00-00 00:00:00'),
(273, 267, 1, 5, 10, NULL, 7, '0000-00-00 00:00:00'),
(274, 269, 2, 5, 10, NULL, 7, '0000-00-00 00:00:00'),
(275, 275, 1, 5, 10, NULL, 7, '0000-00-00 00:00:00'),
(276, 281, 1, 5, 10, NULL, 7, '0000-00-00 00:00:00'),
(277, 282, 1, 5, 10, NULL, 7, '0000-00-00 00:00:00'),
(278, 283, 1, 5, 10, NULL, 7, '0000-00-00 00:00:00'),
(279, 286, 1, 5, 10, NULL, 7, '0000-00-00 00:00:00'),
(280, 293, 3, 5, 10, NULL, 7, '0000-00-00 00:00:00'),
(281, 295, 2, 5, 10, NULL, 7, '0000-00-00 00:00:00'),
(282, 297, 2, 5, 10, NULL, 7, '0000-00-00 00:00:00'),
(283, 298, 2, 5, 10, NULL, 7, '0000-00-00 00:00:00'),
(284, 302, 2, 5, 10, NULL, 7, '0000-00-00 00:00:00'),
(285, 313, 2, 5, 10, NULL, 7, '0000-00-00 00:00:00'),
(286, 317, 4, 5, 10, NULL, 7, '0000-00-00 00:00:00'),
(287, 321, 1, 5, 10, NULL, 7, '0000-00-00 00:00:00'),
(288, 327, 2, 5, 10, NULL, 7, '0000-00-00 00:00:00'),
(289, 328, 1, 5, 10, NULL, 7, '0000-00-00 00:00:00'),
(290, 330, 20, 5, 10, NULL, 7, '0000-00-00 00:00:00'),
(291, 332, 13, 5, 10, NULL, 7, '0000-00-00 00:00:00'),
(292, 334, 1, 5, 10, NULL, 7, '0000-00-00 00:00:00'),
(293, 346, 2, 5, 10, NULL, 7, '0000-00-00 00:00:00'),
(294, 354, 5, 5, 10, NULL, 7, '0000-00-00 00:00:00'),
(295, 356, 2, 5, 10, NULL, 7, '0000-00-00 00:00:00'),
(296, 366, 2, 5, 10, NULL, 7, '0000-00-00 00:00:00'),
(297, 367, 1, 5, 10, NULL, 7, '0000-00-00 00:00:00'),
(298, 371, 1, 5, 10, NULL, 7, '0000-00-00 00:00:00'),
(299, 378, 4, 5, 10, NULL, 7, '0000-00-00 00:00:00'),
(300, 379, 1, 5, 10, NULL, 7, '0000-00-00 00:00:00'),
(301, 387, 3, 5, 10, NULL, 7, '0000-00-00 00:00:00'),
(302, 390, 2, 5, 10, NULL, 7, '0000-00-00 00:00:00'),
(303, 392, 1, 5, 10, NULL, 7, '0000-00-00 00:00:00'),
(304, 393, 1, 5, 10, NULL, 7, '0000-00-00 00:00:00'),
(305, 395, 2, 5, 10, NULL, 7, '0000-00-00 00:00:00'),
(306, 401, 1, 5, 10, NULL, 7, '0000-00-00 00:00:00'),
(307, 403, 1, 5, 10, NULL, 7, '0000-00-00 00:00:00'),
(308, 406, 1, 5, 10, NULL, 7, '0000-00-00 00:00:00'),
(309, 410, 3, 5, 10, NULL, 7, '0000-00-00 00:00:00'),
(310, 411, 2, 5, 10, NULL, 7, '0000-00-00 00:00:00'),
(311, 413, 4, 5, 10, NULL, 7, '0000-00-00 00:00:00'),
(312, 414, 1, 5, 10, NULL, 7, '0000-00-00 00:00:00'),
(313, 415, 1, 5, 10, NULL, 7, '0000-00-00 00:00:00'),
(314, 416, 2, 5, 10, NULL, 7, '0000-00-00 00:00:00'),
(315, 417, 1, 5, 10, NULL, 7, '0000-00-00 00:00:00'),
(316, 419, 3, 5, 10, NULL, 7, '0000-00-00 00:00:00'),
(317, 422, 1, 5, 10, NULL, 7, '0000-00-00 00:00:00'),
(318, 430, 2, 5, 10, NULL, 7, '0000-00-00 00:00:00'),
(319, 437, 1, 5, 10, NULL, 7, '0000-00-00 00:00:00'),
(320, 453, 1, 5, 10, NULL, 7, '0000-00-00 00:00:00'),
(321, 454, 3, 5, 10, NULL, 7, '0000-00-00 00:00:00'),
(322, 459, 2, 5, 10, NULL, 7, '0000-00-00 00:00:00'),
(323, 469, 1, 5, 10, NULL, 7, '0000-00-00 00:00:00'),
(324, 472, 2, 5, 10, NULL, 7, '0000-00-00 00:00:00'),
(325, 473, 1, 5, 10, NULL, 7, '0000-00-00 00:00:00'),
(326, 474, 2, 5, 10, NULL, 7, '0000-00-00 00:00:00'),
(327, 475, 1, 5, 10, NULL, 7, '0000-00-00 00:00:00'),
(328, 476, 2, 5, 10, NULL, 7, '0000-00-00 00:00:00'),
(329, 477, 2, 5, 10, NULL, 7, '0000-00-00 00:00:00'),
(330, 478, 1, 5, 10, NULL, 7, '0000-00-00 00:00:00'),
(331, 479, 2, 5, 10, NULL, 7, '0000-00-00 00:00:00'),
(332, 481, 3, 5, 10, NULL, 7, '0000-00-00 00:00:00'),
(333, 491, 4, 5, 10, NULL, 7, '0000-00-00 00:00:00'),
(334, 493, 3, 5, 10, NULL, 7, '0000-00-00 00:00:00'),
(335, 496, 3, 5, 10, NULL, 7, '0000-00-00 00:00:00'),
(336, 511, 1, 5, 10, NULL, 7, '0000-00-00 00:00:00'),
(337, 515, 1, 5, 10, NULL, 7, '0000-00-00 00:00:00'),
(338, 523, 1, 5, 10, NULL, 7, '0000-00-00 00:00:00'),
(339, 526, 3, 5, 10, NULL, 7, '0000-00-00 00:00:00'),
(340, 528, 2, 5, 10, NULL, 7, '0000-00-00 00:00:00'),
(341, 533, 5, 5, 10, NULL, 7, '0000-00-00 00:00:00'),
(342, 537, 1, 5, 10, NULL, 7, '0000-00-00 00:00:00'),
(343, 543, 2, 5, 10, NULL, 7, '0000-00-00 00:00:00'),
(344, 562, 2, 5, 10, NULL, 7, '0000-00-00 00:00:00'),
(345, 564, 1, 5, 10, NULL, 7, '0000-00-00 00:00:00'),
(346, 566, 1, 5, 10, NULL, 7, '0000-00-00 00:00:00'),
(347, 569, 1, 5, 10, NULL, 7, '0000-00-00 00:00:00'),
(348, 570, 2, 5, 10, NULL, 7, '0000-00-00 00:00:00'),
(349, 571, 3, 5, 10, NULL, 7, '0000-00-00 00:00:00'),
(350, 573, 2, 5, 10, NULL, 7, '0000-00-00 00:00:00'),
(351, 575, 1, 5, 10, NULL, 7, '0000-00-00 00:00:00'),
(352, 576, 2, 5, 10, NULL, 7, '0000-00-00 00:00:00'),
(353, 578, 1, 5, 10, NULL, 7, '0000-00-00 00:00:00'),
(354, 584, 3, 5, 10, NULL, 7, '0000-00-00 00:00:00'),
(355, 595, 1, 5, 10, NULL, 7, '0000-00-00 00:00:00'),
(356, 597, 2, 5, 10, NULL, 7, '0000-00-00 00:00:00'),
(357, 601, 1, 5, 10, NULL, 7, '0000-00-00 00:00:00'),
(358, 606, 1, 5, 10, NULL, 7, '0000-00-00 00:00:00'),
(359, 608, 2, 5, 10, NULL, 7, '0000-00-00 00:00:00'),
(360, 614, 9, 5, 10, NULL, 7, '0000-00-00 00:00:00'),
(361, 616, 2, 5, 10, NULL, 7, '0000-00-00 00:00:00'),
(362, 617, 1, 5, 10, NULL, 7, '0000-00-00 00:00:00'),
(363, 620, 1, 5, 10, NULL, 7, '0000-00-00 00:00:00'),
(364, 621, 1, 5, 10, NULL, 7, '0000-00-00 00:00:00'),
(365, 624, 7, 5, 10, NULL, 7, '0000-00-00 00:00:00'),
(366, 627, 1, 5, 10, NULL, 7, '0000-00-00 00:00:00'),
(367, 629, 1, 5, 10, NULL, 7, '0000-00-00 00:00:00'),
(368, 630, 2, 5, 10, NULL, 7, '0000-00-00 00:00:00'),
(369, 631, 1, 5, 10, NULL, 7, '0000-00-00 00:00:00'),
(370, 635, 3, 5, 10, NULL, 7, '0000-00-00 00:00:00'),
(371, 641, 1, 5, 10, NULL, 7, '0000-00-00 00:00:00'),
(372, 646, 1, 5, 10, NULL, 7, '0000-00-00 00:00:00'),
(373, 652, 1, 5, 10, NULL, 7, '0000-00-00 00:00:00'),
(374, 658, 1, 5, 10, NULL, 7, '0000-00-00 00:00:00'),
(375, 664, 1, 5, 10, NULL, 7, '0000-00-00 00:00:00'),
(376, 666, 1, 5, 10, NULL, 7, '0000-00-00 00:00:00'),
(377, 668, 1, 5, 10, NULL, 7, '0000-00-00 00:00:00'),
(378, 670, 1, 5, 10, NULL, 7, '0000-00-00 00:00:00'),
(379, 672, 2, 5, 10, NULL, 7, '0000-00-00 00:00:00'),
(380, 673, 2, 5, 10, NULL, 7, '0000-00-00 00:00:00'),
(381, 674, 1, 5, 10, NULL, 7, '0000-00-00 00:00:00'),
(382, 675, 1, 5, 10, NULL, 7, '0000-00-00 00:00:00'),
(383, 680, 2, 5, 10, NULL, 7, '0000-00-00 00:00:00'),
(384, 681, 2, 5, 10, NULL, 7, '0000-00-00 00:00:00'),
(385, 685, 1, 5, 10, NULL, 7, '0000-00-00 00:00:00'),
(386, 687, 1, 5, 10, NULL, 7, '0000-00-00 00:00:00'),
(387, 692, 1, 5, 10, NULL, 7, '0000-00-00 00:00:00'),
(388, 693, 1, 5, 10, NULL, 7, '0000-00-00 00:00:00'),
(389, 695, 3, 5, 10, NULL, 7, '0000-00-00 00:00:00'),
(390, 696, 1, 5, 10, NULL, 7, '0000-00-00 00:00:00'),
(391, 702, 1, 5, 10, NULL, 7, '0000-00-00 00:00:00'),
(392, 704, 4, 5, 10, NULL, 7, '0000-00-00 00:00:00'),
(393, 705, 2, 5, 10, NULL, 7, '0000-00-00 00:00:00'),
(394, 711, 2, 5, 10, NULL, 7, '0000-00-00 00:00:00'),
(395, 716, 3, 5, 10, NULL, 7, '0000-00-00 00:00:00'),
(396, 719, 3, 5, 10, NULL, 7, '0000-00-00 00:00:00'),
(397, 720, 1, 5, 10, NULL, 7, '0000-00-00 00:00:00'),
(398, 724, 1, 5, 10, NULL, 7, '0000-00-00 00:00:00'),
(399, 726, 1, 5, 10, NULL, 7, '0000-00-00 00:00:00'),
(400, 727, 1, 5, 10, NULL, 7, '0000-00-00 00:00:00'),
(401, 728, 1, 5, 10, NULL, 7, '0000-00-00 00:00:00'),
(402, 730, 4, 5, 10, NULL, 7, '0000-00-00 00:00:00'),
(403, 736, 1, 5, 10, NULL, 7, '0000-00-00 00:00:00'),
(404, 747, 2, 5, 10, NULL, 7, '0000-00-00 00:00:00'),
(405, 749, 3, 5, 10, NULL, 7, '0000-00-00 00:00:00'),
(406, 751, 2, 5, 10, NULL, 7, '0000-00-00 00:00:00'),
(407, 752, 3, 5, 10, NULL, 7, '0000-00-00 00:00:00'),
(408, 755, 1, 5, 10, NULL, 7, '0000-00-00 00:00:00'),
(409, 758, 1, 5, 10, NULL, 7, '0000-00-00 00:00:00'),
(410, 760, 1, 5, 10, NULL, 7, '0000-00-00 00:00:00'),
(411, 766, 1, 5, 10, NULL, 7, '0000-00-00 00:00:00'),
(412, 767, 3, 5, 10, NULL, 7, '0000-00-00 00:00:00'),
(413, 772, 2, 5, 10, NULL, 7, '0000-00-00 00:00:00'),
(414, 775, 1, 5, 10, NULL, 7, '0000-00-00 00:00:00'),
(415, 777, 1, 5, 10, NULL, 7, '0000-00-00 00:00:00'),
(416, 782, 1, 5, 10, NULL, 7, '0000-00-00 00:00:00'),
(417, 784, 3, 5, 10, NULL, 7, '0000-00-00 00:00:00'),
(418, 785, 1, 5, 10, NULL, 7, '0000-00-00 00:00:00'),
(419, 788, 2, 5, 10, NULL, 7, '0000-00-00 00:00:00'),
(420, 798, 2, 5, 10, NULL, 7, '0000-00-00 00:00:00'),
(421, 802, 1, 5, 10, NULL, 7, '0000-00-00 00:00:00'),
(422, 803, 1, 5, 10, NULL, 7, '0000-00-00 00:00:00'),
(423, 805, 1, 5, 10, NULL, 7, '0000-00-00 00:00:00'),
(424, 806, 1, 5, 10, NULL, 7, '0000-00-00 00:00:00'),
(425, 807, 1, 5, 10, NULL, 7, '0000-00-00 00:00:00'),
(426, 808, 2, 5, 10, NULL, 7, '0000-00-00 00:00:00'),
(427, 809, 1, 5, 10, NULL, 7, '0000-00-00 00:00:00'),
(428, 812, 1, 5, 10, NULL, 7, '0000-00-00 00:00:00'),
(429, 813, 1, 5, 10, NULL, 7, '0000-00-00 00:00:00'),
(430, 814, 1, 5, 10, NULL, 7, '0000-00-00 00:00:00'),
(431, 815, 1, 5, 10, NULL, 7, '0000-00-00 00:00:00'),
(432, 816, 1, 5, 10, NULL, 7, '0000-00-00 00:00:00'),
(433, 818, 1, 5, 10, NULL, 7, '0000-00-00 00:00:00'),
(434, 821, 1, 5, 10, NULL, 7, '0000-00-00 00:00:00'),
(435, 822, 2, 5, 10, NULL, 7, '0000-00-00 00:00:00'),
(436, 823, 1, 5, 10, NULL, 7, '0000-00-00 00:00:00'),
(437, 827, 1, 5, 10, NULL, 7, '0000-00-00 00:00:00'),
(438, 867, 2, 5, 10, NULL, 7, '0000-00-00 00:00:00'),
(439, 868, 1, 5, 10, NULL, 7, '0000-00-00 00:00:00'),
(440, 869, 8, 5, 10, NULL, 7, '0000-00-00 00:00:00'),
(441, 870, 2, 5, 10, NULL, 7, '0000-00-00 00:00:00'),
(442, 872, 2, 5, 10, NULL, 7, '0000-00-00 00:00:00'),
(443, 873, 2, 5, 10, NULL, 7, '0000-00-00 00:00:00'),
(444, 874, 4, 5, 10, NULL, 7, '0000-00-00 00:00:00'),
(445, 877, 2, 5, 10, NULL, 7, '0000-00-00 00:00:00'),
(446, 878, 3, 5, 10, NULL, 7, '0000-00-00 00:00:00'),
(447, 879, 3, 5, 10, NULL, 7, '0000-00-00 00:00:00'),
(448, 880, 5, 5, 10, NULL, 7, '0000-00-00 00:00:00'),
(449, 881, 1, 5, 10, NULL, 7, '0000-00-00 00:00:00'),
(450, 883, 3, 5, 10, NULL, 7, '0000-00-00 00:00:00'),
(451, 884, 3, 5, 10, NULL, 7, '0000-00-00 00:00:00'),
(452, 885, 3, 5, 10, NULL, 7, '0000-00-00 00:00:00'),
(453, 886, 4, 5, 10, NULL, 7, '0000-00-00 00:00:00'),
(454, 887, 3, 5, 10, NULL, 7, '0000-00-00 00:00:00'),
(455, 888, 2, 5, 10, NULL, 7, '0000-00-00 00:00:00'),
(456, 891, 7, 5, 10, NULL, 7, '0000-00-00 00:00:00'),
(457, 108, 72, 5, 11, NULL, 7, '0000-00-00 00:00:00'),
(458, 110, 48, 5, 11, NULL, 7, '0000-00-00 00:00:00'),
(459, 111, 9, 5, 11, NULL, 7, '0000-00-00 00:00:00'),
(460, 113, 48, 5, 11, NULL, 7, '0000-00-00 00:00:00'),
(461, 116, 27, 5, 11, NULL, 7, '0000-00-00 00:00:00'),
(462, 123, 19, 5, 11, NULL, 7, '0000-00-00 00:00:00'),
(463, 127, 20, 5, 11, NULL, 7, '0000-00-00 00:00:00'),
(464, 135, 20, 5, 11, NULL, 7, '0000-00-00 00:00:00'),
(465, 138, 24, 5, 11, NULL, 7, '0000-00-00 00:00:00'),
(466, 148, 14, 5, 11, NULL, 7, '0000-00-00 00:00:00'),
(467, 149, 8, 5, 11, NULL, 7, '0000-00-00 00:00:00'),
(468, 161, 24, 5, 11, NULL, 7, '0000-00-00 00:00:00'),
(469, 164, 8, 5, 11, NULL, 7, '0000-00-00 00:00:00'),
(470, 179, 18, 5, 11, NULL, 7, '0000-00-00 00:00:00'),
(471, 185, 152, 5, 11, NULL, 7, '0000-00-00 00:00:00'),
(472, 186, 131, 5, 11, NULL, 7, '0000-00-00 00:00:00'),
(473, 187, 146, 5, 11, NULL, 7, '0000-00-00 00:00:00'),
(474, 188, 1, 5, 11, NULL, 7, '0000-00-00 00:00:00'),
(475, 193, 24, 5, 11, NULL, 7, '0000-00-00 00:00:00'),
(476, 194, 24, 5, 11, NULL, 7, '0000-00-00 00:00:00'),
(477, 196, 8, 5, 11, NULL, 7, '0000-00-00 00:00:00'),
(478, 614, 24, 5, 11, NULL, 7, '0000-00-00 00:00:00'),
(479, 108, 120, 5, 12, NULL, 7, '0000-00-00 00:00:00'),
(480, 110, 60, 5, 12, NULL, 7, '0000-00-00 00:00:00'),
(481, 111, 40, 5, 12, NULL, 7, '0000-00-00 00:00:00'),
(482, 112, 192, 5, 12, NULL, 7, '0000-00-00 00:00:00'),
(483, 113, 360, 5, 12, NULL, 7, '0000-00-00 00:00:00'),
(484, 116, 10, 5, 12, NULL, 7, '0000-00-00 00:00:00'),
(485, 118, 16, 5, 12, NULL, 7, '0000-00-00 00:00:00'),
(486, 121, 37, 5, 12, NULL, 7, '0000-00-00 00:00:00'),
(487, 123, 2, 5, 12, NULL, 7, '0000-00-00 00:00:00'),
(488, 126, 3, 5, 12, NULL, 7, '0000-00-00 00:00:00'),
(489, 127, 79, 5, 12, NULL, 7, '0000-00-00 00:00:00'),
(490, 130, 210, 5, 12, NULL, 7, '0000-00-00 00:00:00'),
(491, 135, 3461, 5, 12, NULL, 7, '0000-00-00 00:00:00'),
(492, 136, 8, 5, 12, NULL, 7, '0000-00-00 00:00:00'),
(493, 137, 73, 5, 12, NULL, 7, '0000-00-00 00:00:00'),
(494, 138, 48, 5, 12, NULL, 7, '0000-00-00 00:00:00'),
(495, 139, 48, 5, 12, NULL, 7, '0000-00-00 00:00:00'),
(496, 140, 64, 5, 12, NULL, 7, '0000-00-00 00:00:00'),
(497, 141, 20, 5, 12, NULL, 7, '0000-00-00 00:00:00'),
(498, 146, 194, 5, 12, NULL, 7, '0000-00-00 00:00:00'),
(499, 148, 54, 5, 12, NULL, 7, '0000-00-00 00:00:00'),
(500, 149, 10, 5, 12, NULL, 7, '0000-00-00 00:00:00'),
(501, 150, 5, 5, 12, NULL, 7, '0000-00-00 00:00:00'),
(502, 154, 9, 5, 12, NULL, 7, '0000-00-00 00:00:00'),
(503, 156, 54, 5, 12, NULL, 7, '0000-00-00 00:00:00'),
(504, 160, 48, 5, 12, NULL, 7, '0000-00-00 00:00:00'),
(505, 164, 39, 5, 12, NULL, 7, '0000-00-00 00:00:00'),
(507, 103, 8, 5, 8, NULL, 7, '0000-00-00 00:00:00'),
(508, 107, 3, 5, 8, NULL, 7, '0000-00-00 00:00:00'),
(509, 108, 11, 5, 8, NULL, 7, '0000-00-00 00:00:00'),
(510, 111, 5, 5, 8, NULL, 7, '0000-00-00 00:00:00'),
(511, 112, 3, 5, 8, NULL, 7, '0000-00-00 00:00:00'),
(512, 114, 5, 5, 8, NULL, 7, '0000-00-00 00:00:00'),
(513, 116, 1, 5, 8, NULL, 7, '0000-00-00 00:00:00'),
(514, 118, 2, 5, 8, NULL, 7, '0000-00-00 00:00:00'),
(515, 121, 4, 5, 8, NULL, 7, '0000-00-00 00:00:00'),
(516, 122, 4, 5, 8, NULL, 7, '0000-00-00 00:00:00'),
(517, 126, 4, 5, 8, NULL, 7, '0000-00-00 00:00:00'),
(518, 127, 11, 5, 8, NULL, 7, '0000-00-00 00:00:00'),
(519, 130, 1, 5, 8, NULL, 7, '0000-00-00 00:00:00'),
(520, 133, 17, 5, 8, NULL, 7, '0000-00-00 00:00:00'),
(521, 135, 1, 5, 8, NULL, 7, '0000-00-00 00:00:00'),
(522, 136, 3, 5, 8, NULL, 7, '0000-00-00 00:00:00'),
(523, 137, 1, 5, 8, NULL, 7, '0000-00-00 00:00:00'),
(524, 138, 4, 5, 8, NULL, 7, '0000-00-00 00:00:00'),
(525, 139, 5, 5, 8, NULL, 7, '0000-00-00 00:00:00'),
(526, 140, 9, 5, 8, NULL, 7, '0000-00-00 00:00:00'),
(527, 141, 1, 5, 8, NULL, 7, '0000-00-00 00:00:00'),
(528, 143, 6, 5, 8, NULL, 7, '0000-00-00 00:00:00'),
(529, 144, 8, 5, 8, NULL, 7, '0000-00-00 00:00:00'),
(530, 145, 11, 5, 8, NULL, 7, '0000-00-00 00:00:00'),
(531, 146, 3, 5, 8, NULL, 7, '0000-00-00 00:00:00'),
(532, 148, 3, 5, 8, NULL, 7, '0000-00-00 00:00:00'),
(533, 149, 5, 5, 8, NULL, 7, '0000-00-00 00:00:00'),
(534, 150, 3, 5, 8, NULL, 7, '0000-00-00 00:00:00'),
(535, 154, 4, 5, 8, NULL, 7, '0000-00-00 00:00:00'),
(536, 156, 1, 5, 8, NULL, 7, '0000-00-00 00:00:00'),
(537, 159, 18, 5, 8, NULL, 7, '0000-00-00 00:00:00'),
(538, 160, 4, 5, 8, NULL, 7, '0000-00-00 00:00:00'),
(539, 161, 2, 5, 8, NULL, 7, '0000-00-00 00:00:00'),
(540, 164, 3, 5, 8, NULL, 7, '0000-00-00 00:00:00'),
(541, 206, 5, 5, 8, NULL, 7, '0000-00-00 00:00:00'),
(542, 103, 23, 5, 9, NULL, 7, '0000-00-00 00:00:00'),
(543, 107, 30, 5, 9, NULL, 7, '0000-00-00 00:00:00'),
(544, 108, 39, 5, 9, NULL, 7, '0000-00-00 00:00:00'),
(545, 110, 13, 5, 9, NULL, 7, '0000-00-00 00:00:00'),
(546, 111, 28, 5, 9, NULL, 7, '0000-00-00 00:00:00'),
(547, 112, 52, 5, 9, NULL, 7, '0000-00-00 00:00:00'),
(548, 113, 42, 5, 9, NULL, 7, '0000-00-00 00:00:00'),
(549, 116, 6, 5, 9, NULL, 7, '0000-00-00 00:00:00'),
(550, 118, 40, 5, 9, NULL, 7, '0000-00-00 00:00:00'),
(551, 121, 9, 5, 9, NULL, 7, '0000-00-00 00:00:00'),
(552, 123, 39, 5, 9, NULL, 7, '0000-00-00 00:00:00'),
(553, 126, 3, 5, 9, NULL, 7, '0000-00-00 00:00:00'),
(554, 127, 8, 5, 9, NULL, 7, '0000-00-00 00:00:00'),
(555, 130, 27, 5, 9, NULL, 7, '0000-00-00 00:00:00'),
(556, 131, 1, 5, 9, NULL, 7, '0000-00-00 00:00:00'),
(557, 133, 29, 5, 9, NULL, 7, '0000-00-00 00:00:00'),
(558, 135, 67, 5, 9, NULL, 7, '0000-00-00 00:00:00'),
(559, 136, 9, 5, 9, NULL, 7, '0000-00-00 00:00:00'),
(560, 137, 10, 5, 9, NULL, 7, '0000-00-00 00:00:00'),
(561, 138, 57, 5, 9, NULL, 7, '0000-00-00 00:00:00'),
(562, 140, 26, 5, 9, NULL, 7, '0000-00-00 00:00:00'),
(563, 141, 5, 5, 9, NULL, 7, '0000-00-00 00:00:00'),
(564, 143, 15, 5, 9, NULL, 7, '0000-00-00 00:00:00'),
(565, 145, 19, 5, 9, NULL, 7, '0000-00-00 00:00:00'),
(566, 146, 2, 5, 9, NULL, 7, '0000-00-00 00:00:00'),
(567, 148, 5, 5, 9, NULL, 7, '0000-00-00 00:00:00'),
(568, 154, 17, 5, 9, NULL, 7, '0000-00-00 00:00:00'),
(569, 155, 27, 5, 9, NULL, 7, '0000-00-00 00:00:00'),
(570, 156, 4, 5, 9, NULL, 7, '0000-00-00 00:00:00'),
(571, 159, 23, 5, 9, NULL, 7, '0000-00-00 00:00:00'),
(572, 160, 12, 5, 9, NULL, 7, '0000-00-00 00:00:00'),
(573, 164, 8, 5, 9, NULL, 7, '0000-00-00 00:00:00'),
(574, 225, 2, 5, 9, NULL, 7, '0000-00-00 00:00:00'),
(575, 226, 6, 5, 9, NULL, 7, '0000-00-00 00:00:00'),
(576, 230, 10, 5, 9, NULL, 7, '0000-00-00 00:00:00'),
(577, 231, 1, 5, 9, NULL, 7, '0000-00-00 00:00:00'),
(578, 232, 1, 5, 9, NULL, 7, '0000-00-00 00:00:00'),
(579, 238, 2, 5, 9, NULL, 7, '0000-00-00 00:00:00'),
(580, 243, 2, 5, 9, NULL, 7, '0000-00-00 00:00:00'),
(581, 244, 3, 5, 9, NULL, 7, '0000-00-00 00:00:00'),
(582, 264, 2, 5, 9, NULL, 7, '0000-00-00 00:00:00'),
(583, 269, 2, 5, 9, NULL, 7, '0000-00-00 00:00:00'),
(584, 270, 1, 5, 9, NULL, 7, '0000-00-00 00:00:00'),
(585, 282, 1, 5, 9, NULL, 7, '0000-00-00 00:00:00'),
(586, 291, 3, 5, 9, NULL, 7, '0000-00-00 00:00:00'),
(587, 295, 1, 5, 9, NULL, 7, '0000-00-00 00:00:00'),
(588, 298, 1, 5, 9, NULL, 7, '0000-00-00 00:00:00'),
(589, 310, 2, 5, 9, NULL, 7, '0000-00-00 00:00:00'),
(590, 314, 1, 5, 9, NULL, 7, '0000-00-00 00:00:00'),
(591, 318, 3, 5, 9, NULL, 7, '0000-00-00 00:00:00'),
(592, 327, 2, 5, 9, NULL, 7, '0000-00-00 00:00:00'),
(593, 334, 4, 5, 9, NULL, 7, '0000-00-00 00:00:00'),
(594, 335, 1, 5, 9, NULL, 7, '0000-00-00 00:00:00'),
(595, 336, 3, 5, 9, NULL, 7, '0000-00-00 00:00:00'),
(596, 341, 1, 5, 9, NULL, 7, '0000-00-00 00:00:00'),
(597, 342, 1, 5, 9, NULL, 7, '0000-00-00 00:00:00'),
(598, 346, 4, 5, 9, NULL, 7, '0000-00-00 00:00:00'),
(599, 347, 17, 5, 9, NULL, 7, '0000-00-00 00:00:00'),
(600, 355, 4, 5, 9, NULL, 7, '0000-00-00 00:00:00'),
(601, 361, 2, 5, 9, NULL, 7, '0000-00-00 00:00:00'),
(602, 366, 3, 5, 9, NULL, 7, '0000-00-00 00:00:00'),
(603, 373, 1, 5, 9, NULL, 7, '0000-00-00 00:00:00'),
(604, 377, 1, 5, 9, NULL, 7, '0000-00-00 00:00:00'),
(605, 378, 7, 5, 9, NULL, 7, '0000-00-00 00:00:00'),
(606, 386, 3, 5, 9, NULL, 7, '0000-00-00 00:00:00'),
(607, 393, 3, 5, 9, NULL, 7, '0000-00-00 00:00:00'),
(608, 395, 1, 5, 9, NULL, 7, '0000-00-00 00:00:00'),
(609, 400, 6, 5, 9, NULL, 7, '0000-00-00 00:00:00'),
(610, 406, 6, 5, 9, NULL, 7, '0000-00-00 00:00:00'),
(611, 410, 1, 5, 9, NULL, 7, '0000-00-00 00:00:00'),
(612, 420, 1, 5, 9, NULL, 7, '0000-00-00 00:00:00'),
(613, 421, 3, 5, 9, NULL, 7, '0000-00-00 00:00:00'),
(614, 427, 1, 5, 9, NULL, 7, '0000-00-00 00:00:00'),
(615, 432, 2, 5, 9, NULL, 7, '0000-00-00 00:00:00'),
(616, 434, 2, 5, 9, NULL, 7, '0000-00-00 00:00:00'),
(617, 436, 8, 5, 9, NULL, 7, '0000-00-00 00:00:00'),
(618, 439, 7, 5, 9, NULL, 7, '0000-00-00 00:00:00'),
(619, 443, 15, 5, 9, NULL, 7, '0000-00-00 00:00:00'),
(620, 445, 8, 5, 9, NULL, 7, '0000-00-00 00:00:00'),
(621, 457, 3, 5, 9, NULL, 7, '0000-00-00 00:00:00'),
(622, 461, 9, 5, 9, NULL, 7, '0000-00-00 00:00:00'),
(623, 462, 1, 5, 9, NULL, 7, '0000-00-00 00:00:00'),
(624, 465, 2, 5, 9, NULL, 7, '0000-00-00 00:00:00'),
(625, 466, 1, 5, 9, NULL, 7, '0000-00-00 00:00:00'),
(626, 471, 1, 5, 9, NULL, 7, '0000-00-00 00:00:00'),
(627, 479, 3, 5, 9, NULL, 7, '0000-00-00 00:00:00'),
(628, 481, 3, 5, 9, NULL, 7, '0000-00-00 00:00:00'),
(629, 493, 1, 5, 9, NULL, 7, '0000-00-00 00:00:00'),
(630, 498, 10, 5, 9, NULL, 7, '0000-00-00 00:00:00'),
(631, 500, 3, 5, 9, NULL, 7, '0000-00-00 00:00:00'),
(632, 510, 1, 5, 9, NULL, 7, '0000-00-00 00:00:00'),
(633, 515, 3, 5, 9, NULL, 7, '0000-00-00 00:00:00'),
(634, 521, 1, 5, 9, NULL, 7, '0000-00-00 00:00:00'),
(635, 531, 1, 5, 9, NULL, 7, '0000-00-00 00:00:00'),
(636, 533, 1, 5, 9, NULL, 7, '0000-00-00 00:00:00'),
(637, 535, 2, 5, 9, NULL, 7, '0000-00-00 00:00:00'),
(638, 537, 8, 5, 9, NULL, 7, '0000-00-00 00:00:00'),
(639, 545, 2, 5, 9, NULL, 7, '0000-00-00 00:00:00'),
(640, 550, 4, 5, 9, NULL, 7, '0000-00-00 00:00:00'),
(641, 554, 5, 5, 9, NULL, 7, '0000-00-00 00:00:00'),
(642, 558, 3, 5, 9, NULL, 7, '0000-00-00 00:00:00'),
(643, 562, 1, 5, 9, NULL, 7, '0000-00-00 00:00:00'),
(644, 571, 3, 5, 9, NULL, 7, '0000-00-00 00:00:00'),
(645, 588, 3, 5, 9, NULL, 7, '0000-00-00 00:00:00'),
(646, 603, 2, 5, 9, NULL, 7, '0000-00-00 00:00:00'),
(647, 604, 2, 5, 9, NULL, 7, '0000-00-00 00:00:00'),
(648, 614, 114, 5, 9, NULL, 7, '0000-00-00 00:00:00'),
(649, 620, 7, 5, 9, NULL, 7, '0000-00-00 00:00:00'),
(650, 621, 11, 5, 9, NULL, 7, '0000-00-00 00:00:00'),
(651, 622, 7, 5, 9, NULL, 7, '0000-00-00 00:00:00'),
(652, 623, 4, 5, 9, NULL, 7, '0000-00-00 00:00:00'),
(653, 624, 19, 5, 9, NULL, 7, '0000-00-00 00:00:00'),
(654, 634, 3, 5, 9, NULL, 7, '0000-00-00 00:00:00'),
(655, 650, 1, 5, 9, NULL, 7, '0000-00-00 00:00:00'),
(656, 656, 1, 5, 9, NULL, 7, '0000-00-00 00:00:00'),
(657, 658, 2, 5, 9, NULL, 7, '0000-00-00 00:00:00'),
(658, 664, 3, 5, 9, NULL, 7, '0000-00-00 00:00:00'),
(659, 679, 2, 5, 9, NULL, 7, '0000-00-00 00:00:00'),
(660, 867, 3, 5, 9, NULL, 7, '0000-00-00 00:00:00'),
(661, 868, 1, 5, 9, NULL, 7, '0000-00-00 00:00:00'),
(662, 870, 3, 5, 9, NULL, 7, '0000-00-00 00:00:00'),
(663, 874, 3, 5, 9, NULL, 7, '0000-00-00 00:00:00'),
(664, 892, 32, 5, 9, NULL, 7, '0000-00-00 00:00:00'),
(665, 102, 10, 5, 10, NULL, 7, '0000-00-00 00:00:00'),
(666, 107, 1, 5, 10, NULL, 7, '0000-00-00 00:00:00'),
(667, 108, 12, 5, 10, NULL, 7, '0000-00-00 00:00:00'),
(668, 110, 21, 5, 10, NULL, 7, '0000-00-00 00:00:00'),
(669, 111, 25, 5, 10, NULL, 7, '0000-00-00 00:00:00'),
(670, 112, 45, 5, 10, NULL, 7, '0000-00-00 00:00:00'),
(671, 113, 16, 5, 10, NULL, 7, '0000-00-00 00:00:00'),
(672, 116, 7, 5, 10, NULL, 7, '0000-00-00 00:00:00'),
(673, 118, 10, 5, 10, NULL, 7, '0000-00-00 00:00:00'),
(674, 121, 2, 5, 10, NULL, 7, '0000-00-00 00:00:00'),
(675, 122, 2, 5, 10, NULL, 7, '0000-00-00 00:00:00'),
(676, 126, 5, 5, 10, NULL, 7, '0000-00-00 00:00:00'),
(677, 127, 12, 5, 10, NULL, 7, '0000-00-00 00:00:00'),
(678, 129, 4, 5, 10, NULL, 7, '0000-00-00 00:00:00'),
(679, 130, 10, 5, 10, NULL, 7, '0000-00-00 00:00:00'),
(680, 133, 4, 5, 10, NULL, 7, '0000-00-00 00:00:00'),
(681, 135, 17, 5, 10, NULL, 7, '0000-00-00 00:00:00'),
(682, 136, 6, 5, 10, NULL, 7, '0000-00-00 00:00:00'),
(683, 137, 17, 5, 10, NULL, 7, '0000-00-00 00:00:00'),
(684, 138, 20, 5, 10, NULL, 7, '0000-00-00 00:00:00'),
(685, 140, 13, 5, 10, NULL, 7, '0000-00-00 00:00:00'),
(686, 141, 2, 5, 10, NULL, 7, '0000-00-00 00:00:00'),
(687, 143, 1, 5, 10, NULL, 7, '0000-00-00 00:00:00'),
(688, 144, 12, 5, 10, NULL, 7, '0000-00-00 00:00:00'),
(689, 145, 16, 5, 10, NULL, 7, '0000-00-00 00:00:00'),
(690, 146, 12, 5, 10, NULL, 7, '0000-00-00 00:00:00'),
(691, 148, 19, 5, 10, NULL, 7, '0000-00-00 00:00:00'),
(692, 149, 8, 5, 10, NULL, 7, '0000-00-00 00:00:00'),
(693, 150, 7, 5, 10, NULL, 7, '0000-00-00 00:00:00'),
(694, 154, 9, 5, 10, NULL, 7, '0000-00-00 00:00:00'),
(695, 155, 17, 5, 10, NULL, 7, '0000-00-00 00:00:00'),
(696, 156, 6, 5, 10, NULL, 7, '0000-00-00 00:00:00'),
(697, 159, 9, 5, 10, NULL, 7, '0000-00-00 00:00:00'),
(698, 162, 16, 5, 10, NULL, 7, '0000-00-00 00:00:00'),
(699, 163, 18, 5, 10, NULL, 7, '0000-00-00 00:00:00'),
(700, 164, 10, 5, 10, NULL, 7, '0000-00-00 00:00:00'),
(701, 179, 4, 5, 10, NULL, 7, '0000-00-00 00:00:00'),
(702, 180, 3, 5, 10, NULL, 7, '0000-00-00 00:00:00'),
(703, 181, 8, 5, 10, NULL, 7, '0000-00-00 00:00:00'),
(704, 182, 9, 5, 10, NULL, 7, '0000-00-00 00:00:00'),
(705, 183, 5, 5, 10, NULL, 7, '0000-00-00 00:00:00'),
(706, 185, 3, 5, 10, NULL, 7, '0000-00-00 00:00:00'),
(707, 186, 10, 5, 10, NULL, 7, '0000-00-00 00:00:00'),
(708, 187, 2, 5, 10, NULL, 7, '0000-00-00 00:00:00'),
(709, 188, 20, 5, 10, NULL, 7, '0000-00-00 00:00:00'),
(710, 189, 7, 5, 10, NULL, 7, '0000-00-00 00:00:00'),
(711, 190, 8, 5, 10, NULL, 7, '0000-00-00 00:00:00'),
(712, 193, 8, 5, 10, NULL, 7, '0000-00-00 00:00:00'),
(713, 194, 13, 5, 10, NULL, 7, '0000-00-00 00:00:00'),
(714, 195, 15, 5, 10, NULL, 7, '0000-00-00 00:00:00'),
(715, 196, 8, 5, 10, NULL, 7, '0000-00-00 00:00:00'),
(716, 198, 11, 5, 10, NULL, 7, '0000-00-00 00:00:00'),
(717, 199, 10, 5, 10, NULL, 7, '0000-00-00 00:00:00'),
(718, 200, 25, 5, 10, NULL, 7, '0000-00-00 00:00:00'),
(719, 201, 12, 5, 10, NULL, 7, '0000-00-00 00:00:00'),
(720, 202, 12, 5, 10, NULL, 7, '0000-00-00 00:00:00'),
(721, 204, 10, 5, 10, NULL, 7, '0000-00-00 00:00:00'),
(722, 206, 9, 5, 10, NULL, 7, '0000-00-00 00:00:00'),
(723, 229, 1, 5, 10, NULL, 7, '0000-00-00 00:00:00'),
(724, 231, 1, 5, 10, NULL, 7, '0000-00-00 00:00:00'),
(725, 236, 1, 5, 10, NULL, 7, '0000-00-00 00:00:00'),
(726, 238, 3, 5, 10, NULL, 7, '0000-00-00 00:00:00'),
(727, 251, 1, 5, 10, NULL, 7, '0000-00-00 00:00:00'),
(728, 252, 1, 5, 10, NULL, 7, '0000-00-00 00:00:00'),
(729, 253, 2, 5, 10, NULL, 7, '0000-00-00 00:00:00'),
(730, 254, 1, 5, 10, NULL, 7, '0000-00-00 00:00:00'),
(731, 258, 2, 5, 10, NULL, 7, '0000-00-00 00:00:00'),
(732, 259, 1, 5, 10, NULL, 7, '0000-00-00 00:00:00'),
(733, 261, 1, 5, 10, NULL, 7, '0000-00-00 00:00:00'),
(734, 263, 1, 5, 10, NULL, 7, '0000-00-00 00:00:00'),
(735, 264, 2, 5, 10, NULL, 7, '0000-00-00 00:00:00'),
(736, 267, 1, 5, 10, NULL, 7, '0000-00-00 00:00:00'),
(737, 269, 2, 5, 10, NULL, 7, '0000-00-00 00:00:00'),
(738, 275, 1, 5, 10, NULL, 7, '0000-00-00 00:00:00'),
(739, 281, 1, 5, 10, NULL, 7, '0000-00-00 00:00:00'),
(740, 282, 1, 5, 10, NULL, 7, '0000-00-00 00:00:00'),
(741, 283, 1, 5, 10, NULL, 7, '0000-00-00 00:00:00'),
(742, 286, 1, 5, 10, NULL, 7, '0000-00-00 00:00:00'),
(743, 293, 3, 5, 10, NULL, 7, '0000-00-00 00:00:00'),
(744, 295, 2, 5, 10, NULL, 7, '0000-00-00 00:00:00'),
(745, 297, 2, 5, 10, NULL, 7, '0000-00-00 00:00:00'),
(746, 298, 2, 5, 10, NULL, 7, '0000-00-00 00:00:00'),
(747, 302, 2, 5, 10, NULL, 7, '0000-00-00 00:00:00'),
(748, 313, 2, 5, 10, NULL, 7, '0000-00-00 00:00:00'),
(749, 317, 4, 5, 10, NULL, 7, '0000-00-00 00:00:00'),
(750, 321, 1, 5, 10, NULL, 7, '0000-00-00 00:00:00'),
(751, 327, 2, 5, 10, NULL, 7, '0000-00-00 00:00:00'),
(752, 328, 1, 5, 10, NULL, 7, '0000-00-00 00:00:00'),
(753, 330, 20, 5, 10, NULL, 7, '0000-00-00 00:00:00'),
(754, 332, 13, 5, 10, NULL, 7, '0000-00-00 00:00:00'),
(755, 334, 1, 5, 10, NULL, 7, '0000-00-00 00:00:00'),
(756, 346, 2, 5, 10, NULL, 7, '0000-00-00 00:00:00'),
(757, 354, 5, 5, 10, NULL, 7, '0000-00-00 00:00:00'),
(758, 356, 2, 5, 10, NULL, 7, '0000-00-00 00:00:00'),
(759, 366, 2, 5, 10, NULL, 7, '0000-00-00 00:00:00'),
(760, 367, 1, 5, 10, NULL, 7, '0000-00-00 00:00:00'),
(761, 371, 1, 5, 10, NULL, 7, '0000-00-00 00:00:00'),
(762, 378, 4, 5, 10, NULL, 7, '0000-00-00 00:00:00'),
(763, 379, 1, 5, 10, NULL, 7, '0000-00-00 00:00:00'),
(764, 387, 3, 5, 10, NULL, 7, '0000-00-00 00:00:00'),
(765, 390, 2, 5, 10, NULL, 7, '0000-00-00 00:00:00'),
(766, 392, 1, 5, 10, NULL, 7, '0000-00-00 00:00:00'),
(767, 393, 1, 5, 10, NULL, 7, '0000-00-00 00:00:00'),
(768, 395, 2, 5, 10, NULL, 7, '0000-00-00 00:00:00'),
(769, 401, 1, 5, 10, NULL, 7, '0000-00-00 00:00:00'),
(770, 403, 1, 5, 10, NULL, 7, '0000-00-00 00:00:00'),
(771, 406, 1, 5, 10, NULL, 7, '0000-00-00 00:00:00'),
(772, 410, 3, 5, 10, NULL, 7, '0000-00-00 00:00:00'),
(773, 411, 2, 5, 10, NULL, 7, '0000-00-00 00:00:00'),
(774, 413, 4, 5, 10, NULL, 7, '0000-00-00 00:00:00'),
(775, 414, 1, 5, 10, NULL, 7, '0000-00-00 00:00:00'),
(776, 415, 1, 5, 10, NULL, 7, '0000-00-00 00:00:00'),
(777, 416, 2, 5, 10, NULL, 7, '0000-00-00 00:00:00'),
(778, 417, 1, 5, 10, NULL, 7, '0000-00-00 00:00:00'),
(779, 419, 3, 5, 10, NULL, 7, '0000-00-00 00:00:00'),
(780, 422, 1, 5, 10, NULL, 7, '0000-00-00 00:00:00'),
(781, 430, 2, 5, 10, NULL, 7, '0000-00-00 00:00:00'),
(782, 437, 1, 5, 10, NULL, 7, '0000-00-00 00:00:00'),
(783, 453, 1, 5, 10, NULL, 7, '0000-00-00 00:00:00'),
(784, 454, 3, 5, 10, NULL, 7, '0000-00-00 00:00:00'),
(785, 459, 2, 5, 10, NULL, 7, '0000-00-00 00:00:00'),
(786, 469, 1, 5, 10, NULL, 7, '0000-00-00 00:00:00'),
(787, 472, 2, 5, 10, NULL, 7, '0000-00-00 00:00:00'),
(788, 473, 1, 5, 10, NULL, 7, '0000-00-00 00:00:00'),
(789, 474, 2, 5, 10, NULL, 7, '0000-00-00 00:00:00'),
(790, 475, 1, 5, 10, NULL, 7, '0000-00-00 00:00:00'),
(791, 476, 2, 5, 10, NULL, 7, '0000-00-00 00:00:00'),
(792, 477, 2, 5, 10, NULL, 7, '0000-00-00 00:00:00'),
(793, 478, 1, 5, 10, NULL, 7, '0000-00-00 00:00:00'),
(794, 479, 2, 5, 10, NULL, 7, '0000-00-00 00:00:00'),
(795, 481, 3, 5, 10, NULL, 7, '0000-00-00 00:00:00'),
(796, 491, 4, 5, 10, NULL, 7, '0000-00-00 00:00:00'),
(797, 493, 3, 5, 10, NULL, 7, '0000-00-00 00:00:00'),
(798, 496, 3, 5, 10, NULL, 7, '0000-00-00 00:00:00'),
(799, 511, 1, 5, 10, NULL, 7, '0000-00-00 00:00:00'),
(800, 515, 1, 5, 10, NULL, 7, '0000-00-00 00:00:00'),
(801, 523, 1, 5, 10, NULL, 7, '0000-00-00 00:00:00'),
(802, 526, 3, 5, 10, NULL, 7, '0000-00-00 00:00:00'),
(803, 528, 2, 5, 10, NULL, 7, '0000-00-00 00:00:00'),
(804, 533, 5, 5, 10, NULL, 7, '0000-00-00 00:00:00'),
(805, 537, 1, 5, 10, NULL, 7, '0000-00-00 00:00:00'),
(806, 543, 2, 5, 10, NULL, 7, '0000-00-00 00:00:00'),
(807, 562, 2, 5, 10, NULL, 7, '0000-00-00 00:00:00'),
(808, 564, 1, 5, 10, NULL, 7, '0000-00-00 00:00:00'),
(809, 566, 1, 5, 10, NULL, 7, '0000-00-00 00:00:00'),
(810, 569, 1, 5, 10, NULL, 7, '0000-00-00 00:00:00'),
(811, 570, 2, 5, 10, NULL, 7, '0000-00-00 00:00:00'),
(812, 571, 3, 5, 10, NULL, 7, '0000-00-00 00:00:00'),
(813, 573, 2, 5, 10, NULL, 7, '0000-00-00 00:00:00'),
(814, 575, 1, 5, 10, NULL, 7, '0000-00-00 00:00:00'),
(815, 576, 2, 5, 10, NULL, 7, '0000-00-00 00:00:00'),
(816, 578, 1, 5, 10, NULL, 7, '0000-00-00 00:00:00'),
(817, 584, 3, 5, 10, NULL, 7, '0000-00-00 00:00:00'),
(818, 595, 1, 5, 10, NULL, 7, '0000-00-00 00:00:00'),
(819, 597, 2, 5, 10, NULL, 7, '0000-00-00 00:00:00'),
(820, 601, 1, 5, 10, NULL, 7, '0000-00-00 00:00:00'),
(821, 606, 1, 5, 10, NULL, 7, '0000-00-00 00:00:00'),
(822, 608, 2, 5, 10, NULL, 7, '0000-00-00 00:00:00'),
(823, 614, 9, 5, 10, NULL, 7, '0000-00-00 00:00:00'),
(824, 616, 2, 5, 10, NULL, 7, '0000-00-00 00:00:00'),
(825, 617, 1, 5, 10, NULL, 7, '0000-00-00 00:00:00'),
(826, 620, 1, 5, 10, NULL, 7, '0000-00-00 00:00:00'),
(827, 621, 1, 5, 10, NULL, 7, '0000-00-00 00:00:00'),
(828, 624, 7, 5, 10, NULL, 7, '0000-00-00 00:00:00'),
(829, 627, 1, 5, 10, NULL, 7, '0000-00-00 00:00:00'),
(830, 629, 1, 5, 10, NULL, 7, '0000-00-00 00:00:00'),
(831, 630, 2, 5, 10, NULL, 7, '0000-00-00 00:00:00'),
(832, 631, 1, 5, 10, NULL, 7, '0000-00-00 00:00:00'),
(833, 635, 3, 5, 10, NULL, 7, '0000-00-00 00:00:00'),
(834, 641, 1, 5, 10, NULL, 7, '0000-00-00 00:00:00'),
(835, 646, 1, 5, 10, NULL, 7, '0000-00-00 00:00:00'),
(836, 652, 1, 5, 10, NULL, 7, '0000-00-00 00:00:00'),
(837, 658, 1, 5, 10, NULL, 7, '0000-00-00 00:00:00'),
(838, 664, 1, 5, 10, NULL, 7, '0000-00-00 00:00:00'),
(839, 666, 1, 5, 10, NULL, 7, '0000-00-00 00:00:00'),
(840, 668, 1, 5, 10, NULL, 7, '0000-00-00 00:00:00'),
(841, 670, 1, 5, 10, NULL, 7, '0000-00-00 00:00:00'),
(842, 672, 2, 5, 10, NULL, 7, '0000-00-00 00:00:00'),
(843, 673, 2, 5, 10, NULL, 7, '0000-00-00 00:00:00'),
(844, 674, 1, 5, 10, NULL, 7, '0000-00-00 00:00:00'),
(845, 675, 1, 5, 10, NULL, 7, '0000-00-00 00:00:00'),
(846, 680, 2, 5, 10, NULL, 7, '0000-00-00 00:00:00'),
(847, 681, 2, 5, 10, NULL, 7, '0000-00-00 00:00:00'),
(848, 685, 1, 5, 10, NULL, 7, '0000-00-00 00:00:00'),
(849, 687, 1, 5, 10, NULL, 7, '0000-00-00 00:00:00'),
(850, 692, 1, 5, 10, NULL, 7, '0000-00-00 00:00:00'),
(851, 693, 1, 5, 10, NULL, 7, '0000-00-00 00:00:00'),
(852, 695, 3, 5, 10, NULL, 7, '0000-00-00 00:00:00'),
(853, 696, 1, 5, 10, NULL, 7, '0000-00-00 00:00:00'),
(854, 702, 1, 5, 10, NULL, 7, '0000-00-00 00:00:00'),
(855, 704, 4, 5, 10, NULL, 7, '0000-00-00 00:00:00'),
(856, 705, 2, 5, 10, NULL, 7, '0000-00-00 00:00:00'),
(857, 711, 2, 5, 10, NULL, 7, '0000-00-00 00:00:00'),
(858, 716, 3, 5, 10, NULL, 7, '0000-00-00 00:00:00'),
(859, 719, 3, 5, 10, NULL, 7, '0000-00-00 00:00:00'),
(860, 720, 1, 5, 10, NULL, 7, '0000-00-00 00:00:00'),
(861, 724, 1, 5, 10, NULL, 7, '0000-00-00 00:00:00'),
(862, 726, 1, 5, 10, NULL, 7, '0000-00-00 00:00:00'),
(863, 727, 1, 5, 10, NULL, 7, '0000-00-00 00:00:00'),
(864, 728, 1, 5, 10, NULL, 7, '0000-00-00 00:00:00'),
(865, 730, 4, 5, 10, NULL, 7, '0000-00-00 00:00:00'),
(866, 736, 1, 5, 10, NULL, 7, '0000-00-00 00:00:00'),
(867, 747, 2, 5, 10, NULL, 7, '0000-00-00 00:00:00'),
(868, 749, 3, 5, 10, NULL, 7, '0000-00-00 00:00:00'),
(869, 751, 2, 5, 10, NULL, 7, '0000-00-00 00:00:00'),
(870, 752, 3, 5, 10, NULL, 7, '0000-00-00 00:00:00'),
(871, 755, 1, 5, 10, NULL, 7, '0000-00-00 00:00:00'),
(872, 758, 1, 5, 10, NULL, 7, '0000-00-00 00:00:00'),
(873, 760, 1, 5, 10, NULL, 7, '0000-00-00 00:00:00'),
(874, 766, 1, 5, 10, NULL, 7, '0000-00-00 00:00:00'),
(875, 767, 3, 5, 10, NULL, 7, '0000-00-00 00:00:00'),
(876, 772, 2, 5, 10, NULL, 7, '0000-00-00 00:00:00'),
(877, 775, 1, 5, 10, NULL, 7, '0000-00-00 00:00:00'),
(878, 777, 1, 5, 10, NULL, 7, '0000-00-00 00:00:00'),
(879, 782, 1, 5, 10, NULL, 7, '0000-00-00 00:00:00'),
(880, 784, 3, 5, 10, NULL, 7, '0000-00-00 00:00:00'),
(881, 785, 1, 5, 10, NULL, 7, '0000-00-00 00:00:00'),
(882, 788, 2, 5, 10, NULL, 7, '0000-00-00 00:00:00'),
(883, 798, 2, 5, 10, NULL, 7, '0000-00-00 00:00:00'),
(884, 802, 1, 5, 10, NULL, 7, '0000-00-00 00:00:00'),
(885, 803, 1, 5, 10, NULL, 7, '0000-00-00 00:00:00'),
(886, 805, 1, 5, 10, NULL, 7, '0000-00-00 00:00:00'),
(887, 806, 1, 5, 10, NULL, 7, '0000-00-00 00:00:00'),
(888, 807, 1, 5, 10, NULL, 7, '0000-00-00 00:00:00'),
(889, 808, 2, 5, 10, NULL, 7, '0000-00-00 00:00:00'),
(890, 809, 1, 5, 10, NULL, 7, '0000-00-00 00:00:00'),
(891, 812, 1, 5, 10, NULL, 7, '0000-00-00 00:00:00'),
(892, 813, 1, 5, 10, NULL, 7, '0000-00-00 00:00:00'),
(893, 814, 1, 5, 10, NULL, 7, '0000-00-00 00:00:00'),
(894, 815, 1, 5, 10, NULL, 7, '0000-00-00 00:00:00'),
(895, 816, 1, 5, 10, NULL, 7, '0000-00-00 00:00:00'),
(896, 818, 1, 5, 10, NULL, 7, '0000-00-00 00:00:00'),
(897, 821, 1, 5, 10, NULL, 7, '0000-00-00 00:00:00'),
(898, 822, 2, 5, 10, NULL, 7, '0000-00-00 00:00:00'),
(899, 823, 1, 5, 10, NULL, 7, '0000-00-00 00:00:00'),
(900, 827, 1, 5, 10, NULL, 7, '0000-00-00 00:00:00'),
(901, 867, 2, 5, 10, NULL, 7, '0000-00-00 00:00:00'),
(902, 868, 1, 5, 10, NULL, 7, '0000-00-00 00:00:00'),
(903, 869, 8, 5, 10, NULL, 7, '0000-00-00 00:00:00'),
(904, 870, 2, 5, 10, NULL, 7, '0000-00-00 00:00:00'),
(905, 872, 2, 5, 10, NULL, 7, '0000-00-00 00:00:00'),
(906, 873, 2, 5, 10, NULL, 7, '0000-00-00 00:00:00'),
(907, 874, 4, 5, 10, NULL, 7, '0000-00-00 00:00:00'),
(908, 877, 2, 5, 10, NULL, 7, '0000-00-00 00:00:00'),
(909, 878, 3, 5, 10, NULL, 7, '0000-00-00 00:00:00'),
(910, 879, 3, 5, 10, NULL, 7, '0000-00-00 00:00:00'),
(911, 880, 5, 5, 10, NULL, 7, '0000-00-00 00:00:00'),
(912, 881, 1, 5, 10, NULL, 7, '0000-00-00 00:00:00'),
(913, 883, 3, 5, 10, NULL, 7, '0000-00-00 00:00:00'),
(914, 884, 3, 5, 10, NULL, 7, '0000-00-00 00:00:00'),
(915, 885, 3, 5, 10, NULL, 7, '0000-00-00 00:00:00'),
(916, 886, 4, 5, 10, NULL, 7, '0000-00-00 00:00:00'),
(917, 887, 3, 5, 10, NULL, 7, '0000-00-00 00:00:00'),
(918, 888, 2, 5, 10, NULL, 7, '0000-00-00 00:00:00'),
(919, 891, 7, 5, 10, NULL, 7, '0000-00-00 00:00:00'),
(920, 108, 72, 5, 11, NULL, 7, '0000-00-00 00:00:00'),
(921, 110, 48, 5, 11, NULL, 7, '0000-00-00 00:00:00'),
(922, 111, 9, 5, 11, NULL, 7, '0000-00-00 00:00:00'),
(923, 113, 48, 5, 11, NULL, 7, '0000-00-00 00:00:00'),
(924, 116, 27, 5, 11, NULL, 7, '0000-00-00 00:00:00'),
(925, 123, 19, 5, 11, NULL, 7, '0000-00-00 00:00:00'),
(926, 127, 20, 5, 11, NULL, 7, '0000-00-00 00:00:00'),
(927, 135, 20, 5, 11, NULL, 7, '0000-00-00 00:00:00'),
(928, 138, 24, 5, 11, NULL, 7, '0000-00-00 00:00:00'),
(929, 148, 14, 5, 11, NULL, 7, '0000-00-00 00:00:00'),
(930, 149, 8, 5, 11, NULL, 7, '0000-00-00 00:00:00'),
(931, 161, 24, 5, 11, NULL, 7, '0000-00-00 00:00:00'),
(932, 164, 8, 5, 11, NULL, 7, '0000-00-00 00:00:00'),
(933, 179, 18, 5, 11, NULL, 7, '0000-00-00 00:00:00'),
(934, 185, 152, 5, 11, NULL, 7, '0000-00-00 00:00:00'),
(935, 186, 131, 5, 11, NULL, 7, '0000-00-00 00:00:00'),
(936, 187, 146, 5, 11, NULL, 7, '0000-00-00 00:00:00'),
(937, 188, 1, 5, 11, NULL, 7, '0000-00-00 00:00:00'),
(938, 193, 24, 5, 11, NULL, 7, '0000-00-00 00:00:00'),
(939, 194, 24, 5, 11, NULL, 7, '0000-00-00 00:00:00'),
(940, 196, 8, 5, 11, NULL, 7, '0000-00-00 00:00:00'),
(941, 614, 24, 5, 11, NULL, 7, '0000-00-00 00:00:00'),
(942, 108, 120, 5, 12, NULL, 7, '0000-00-00 00:00:00'),
(943, 110, 60, 5, 12, NULL, 7, '0000-00-00 00:00:00'),
(944, 111, 40, 5, 12, NULL, 7, '0000-00-00 00:00:00'),
(945, 112, 192, 5, 12, NULL, 7, '0000-00-00 00:00:00'),
(946, 113, 360, 5, 12, NULL, 7, '0000-00-00 00:00:00'),
(947, 116, 10, 5, 12, NULL, 7, '0000-00-00 00:00:00'),
(948, 118, 16, 5, 12, NULL, 7, '0000-00-00 00:00:00'),
(949, 121, 37, 5, 12, NULL, 7, '0000-00-00 00:00:00'),
(950, 123, 2, 5, 12, NULL, 7, '0000-00-00 00:00:00'),
(951, 126, 3, 5, 12, NULL, 7, '0000-00-00 00:00:00'),
(952, 127, 79, 5, 12, NULL, 7, '0000-00-00 00:00:00'),
(953, 130, 210, 5, 12, NULL, 7, '0000-00-00 00:00:00'),
(954, 135, 3461, 5, 12, NULL, 7, '0000-00-00 00:00:00'),
(955, 136, 8, 5, 12, NULL, 7, '0000-00-00 00:00:00'),
(956, 137, 73, 5, 12, NULL, 7, '0000-00-00 00:00:00'),
(957, 138, 48, 5, 12, NULL, 7, '0000-00-00 00:00:00'),
(958, 139, 48, 5, 12, NULL, 7, '0000-00-00 00:00:00'),
(959, 140, 64, 5, 12, NULL, 7, '0000-00-00 00:00:00'),
(960, 141, 20, 5, 12, NULL, 7, '0000-00-00 00:00:00'),
(961, 146, 194, 5, 12, NULL, 7, '0000-00-00 00:00:00'),
(962, 148, 54, 5, 12, NULL, 7, '0000-00-00 00:00:00'),
(963, 149, 10, 5, 12, NULL, 7, '0000-00-00 00:00:00'),
(964, 150, 5, 5, 12, NULL, 7, '0000-00-00 00:00:00'),
(965, 154, 9, 5, 12, NULL, 7, '0000-00-00 00:00:00'),
(966, 156, 54, 5, 12, NULL, 7, '0000-00-00 00:00:00'),
(967, 160, 48, 5, 12, NULL, 7, '0000-00-00 00:00:00'),
(968, 164, 39, 5, 12, NULL, 7, '0000-00-00 00:00:00');

--
-- Очистить таблицу перед добавлением данных `goods`
--

TRUNCATE TABLE `goods`;
--
-- Дамп данных таблицы `goods`
--

INSERT INTO `goods` (`good_id`, `code`, `valid`, `name`, `description`, `author`, `publisher`, `price`, `net_price`, `cat_id`, `comp_id`, `pic_url`, `bonus`, `discount`) VALUES
(1, NULL, 1, 'Ручка', 'Очень красивая', NULL, '', 100, 70, 0, 1, NULL, 0, 0),
(2, NULL, 1, 'Тарелка', 'Не бьется', NULL, '', 299, 112, 0, 1, '', 0, 0),
(3, NULL, 1, 'Шкаф', 'Комфортный', NULL, '', 100000, 32100, 0, 1, '', 10, 0),
(15, NULL, 1, 'Крестный отец (1972)', 'Криминальная сага, повествующая о нью-йоркской сицилийской мафиозной семье Корлеоне. Фильм охватывает период 1945-1955 годов. Глава семьи, Дон Вито Корлеоне, выдаёт замуж свою дочь. В это время со Второй мировой войны возвращается его любимый сын Майкл. Майкл, герой войны, гордость семьи, не выражает желания заняться жестоким семейным бизнесом. Дон Корлеоне ведёт дела по старым правилам, но наступают иные времена, и появляются люди, желающие изменить сложившиеся порядки. На Дона Корлеоне совершается покушение.', NULL, '', 700, 342, 9, 4, '', 0, 50),
(18, NULL, 1, 'Гарри Поттер и философский камень (2001)', 'Жизнь десятилетнего Гарри Поттера нельзя назвать сладкой: его родители умерли, едва ему исполнился год, а от дяди и тётки, взявших сироту на воспитание, достаются лишь тычки да подзатыльники. Но в одиннадцатый день рождения Гарри всё меняется. Странный гость, неожиданно появившийся на пороге, приносит письмо, из которого мальчик узнаёт, что на самом деле он волшебник и принят в Хогвартс — школу магии. А уже через пару недель Гарри будет мчаться в поезде Хогвартс-экспресс навстречу новой жизни, где его ждут невероятные приключения, верные друзья и самое главное — ключ к разгадке тайны смерти его родителей.', NULL, '', 1300, 612, 11, 4, '', 20, 0),
(101, '', 1, 'Коран с обложкой 4 том', '', 'Ш.А.', 'Диля', 20000, 0, 17, 5, '', 0, 0),
(102, '', 1, 'Think like a Trillionaire, Ш. Аляутдинов. Диля', '', 'Ш.А.', 'Диля', 3100, 0, 17, 5, '', 0, 0),
(103, '', 1, 'А вы благодарны? (диск), Ш. Аляутдинов', '', 'Ш.А.', 'Диля', 750, 0, 17, 5, '', 0, 0),
(104, '', 1, 'А крылья то на что? (диск), Ш. Аляутдинов', '', 'Ш.А.', 'Диля', 750, 0, 17, 5, '', 0, 0),
(105, '', 1, 'Ад и Рай (диск), Ш. Аляутдинов', '', 'Ш.А.', 'Диля', 750, 0, 17, 5, '', 0, 0),
(106, '', 1, 'Адамзаттың асыл тәжі, Д. Өмірзақ қызы Ибрагим. Алтын қалам', '', 'Ш.А.', 'Диля', 2200, 0, 17, 5, '', 0, 0),
(107, '', 1, 'Взгляни на мир шире (диск), Ш. Аляутдинов', '', 'Ш.А.', 'Диля', 750, 0, 17, 5, '', 0, 0),
(108, '', 1, 'Все о мусульманском посте, Ш. Аляутдинов. Диля', '', 'Ш.А.', 'Диля', 1100, 0, 17, 5, '', 0, 0),
(109, '', 1, 'Все увидят ад, Ш. Аляутдинов. Диля', '', 'Ш.А.', 'Диля', 1400, 0, 17, 5, '', 0, 0),
(110, '', 1, 'Высказывания Пророка, Ш. Аляутдинов. Диля', '', 'Ш.А.', 'Диля', 2000, 0, 17, 5, '', 0, 0),
(111, '', 1, 'Дети и Ислам, Ш. Аляутдинов. Диля', '', 'Ш.А.', 'Диля', 1800, 0, 17, 5, '', 0, 0),
(112, '', 1, 'Ежедневник 90 дней, Ш. Аляутдинов. Диля', '', 'Ш.А.', 'Диля', 2300, 0, 17, 5, '', 0, 0),
(113, '', 1, 'Женщина и Ислам (борд), Ш. Аляутдинов. Диля', '', 'Ш.А.', 'Диля', 1200, 0, 17, 5, '', 0, 0),
(114, '', 1, 'Женщина и Ислам (розовый), Ш. Аляутдинов. Диля', '', 'Ш.А.', 'Диля', 800, 0, 17, 5, '', 0, 0),
(115, '', 1, 'Женщина и Ислам Ш. Аляутдинов. Диля', '', 'Ш.А.', 'Диля', 1800, 0, 17, 5, '', 0, 0),
(116, '', 1, 'Жизнь на Марсе (новый), Ш. Аляутдинов. Диля', '', 'Ш.А.', 'Диля', 1600, 0, 17, 5, '', 0, 0),
(117, '', 1, 'Жизнь на Марсе (старый), Ш. Аляутдинов. Диля', '', 'Ш.А.', 'Диля', 1500, 0, 17, 5, '', 0, 0),
(118, '', 1, 'Жизнь, мы и дух истины, Ш. Аляутдинов. Диля', '', 'Ш.А.', 'Диля', 1600, 0, 17, 5, '', 0, 0),
(119, '', 1, 'Законы победителей (диск), Ш. Аляутдинов', '', 'Ш.А.', 'Диля', 2050, 0, 17, 5, '', 0, 0),
(120, '', 1, 'Заслужить Божью Милость (диск), Ш. Аляутдинов', '', 'Ш.А.', 'Диля', 750, 0, 17, 5, '', 0, 0),
(121, '', 1, 'Зачем мне ислам?, Ш. Аляутдинов. Диля', '', 'Ш.А.', 'Диля', 1600, 0, 17, 5, '', 0, 0),
(122, '', 1, 'Знай, веруй, чти (с диском), И. Аляутдинов. Диля', '', 'Ш.А.', 'Диля', 1600, 0, 17, 5, '', 0, 0),
(123, '', 1, 'Знай, веруй, чти, И. Аляутдинов. Диля', '', 'Ш.А.', 'Диля', 1600, 0, 17, 5, '', 0, 0),
(124, '', 1, 'Золотая середина (диск), Ш. Аляутдинов, Диля', '', 'Ш.А.', 'Диля', 750, 0, 17, 5, '', 0, 0),
(125, '', 1, 'И Молят носители Трона (диск), Ш. Аляутдинов', '', 'Ш.А.', 'Диля', 750, 0, 17, 5, '', 0, 0),
(126, '', 1, 'Как увидеть Рай (золотой), Ш. Аляутдинов. Диля', '', 'Ш.А.', 'Диля', 5400, 0, 17, 5, '', 0, 0),
(127, '', 1, 'Как увидеть Рай, Ш. Аляутдинов. Диля', '', 'Ш.А.', 'Диля', 3000, 0, 17, 5, '', 0, 0),
(128, '', 1, 'Лучшие из лучших Ш. Аляутдинов. Диля', '', 'Ш.А.', 'Диля', 1600, 0, 17, 5, '', 0, 0),
(129, '', 1, 'Массмедиа (большая), Ш. Аляутдинов. Диля', '', 'Ш.А.', 'Диля', 9600, 0, 17, 5, '', 0, 0),
(130, '', 1, 'Массмедиа (маленькая), Ш. Аляутдинов. Диля', '', 'Ш.А.', 'Диля', 900, 0, 17, 5, '', 0, 0),
(131, '', 1, 'Мир души (2 диска + буклет), Ш. Аляутдинов. Диля', '', 'Ш.А.', 'Диля', 6600, 0, 17, 5, '', 0, 0),
(132, '', 1, 'Мир души (4 диска), Ш. Аляутдинов', '', 'Ш.А.', 'Диля', 2200, 0, 17, 5, '', 0, 0),
(133, '', 1, 'Мир души (диск), Ш. Аляутдинов', '', 'Ш.А.', 'Диля', 1000, 0, 17, 5, '', 0, 0),
(134, '', 1, 'Мир души (на англ.), Ш. Аляутдинов. Диля', '', 'Ш.А.', 'Диля', 1600, 0, 17, 5, '', 0, 0),
(135, '', 1, 'Мир души (на каз.) Ш. Аляутдинов. Диля', '', 'Ш.А.', 'Диля', 1200, 0, 17, 5, '', 0, 0),
(136, '', 1, 'Мир души (на татар.), Ш. Аляутдинов. Диля', '', 'Ш.А.', 'Диля', 1600, 0, 17, 5, '', 0, 0),
(137, '', 1, 'Мир души, Ш. Аляутдинов. Диля', '', 'Ш.А.', 'Диля', 2500, 0, 17, 5, '', 0, 0),
(138, '', 1, 'Мужчины и Ислам (новый), Ш. Аляутдинов. Диля', '', 'Ш.А.', 'Диля', 1100, 0, 17, 5, '', 0, 0),
(139, '', 1, 'Мужчины и Ислам (старый), Ш. Аляутдинов. Диля', '', 'Ш.А.', 'Диля', 1100, 0, 17, 5, '', 0, 0),
(140, '', 1, 'Мусульманская молитвенная практика, Ш. Аляутдинов. Диля', '', 'Ш.А.', 'Диля', 1600, 0, 17, 5, '', 0, 0),
(141, '', 1, 'Мусульманское право, Ш. Аляутдинов. Диля', '', 'Ш.А.', 'Диля', 2700, 0, 17, 5, '', 0, 0),
(142, '', 1, 'Не пустыня, а цветущий сад (диск), Ш. Аляутдинов', '', 'Ш.А.', 'Диля', 750, 0, 17, 5, '', 0, 0),
(143, '', 1, 'Невозможное возможно (диск), Ш. Аляутдинов', '', 'Ш.А.', 'Диля', 750, 0, 17, 5, '', 0, 0),
(144, '', 1, 'Неповторимые цветы жизни (диск), Ш. Аляутдинов', '', 'Ш.А.', 'Диля', 750, 0, 17, 5, '', 0, 0),
(145, '', 1, 'Один триллион (диск), Ш. Аляутдинов', '', 'Ш.А.', 'Диля', 750, 0, 17, 5, '', 0, 0),
(146, '', 1, 'Он и она, Ш. Аляутдинов. Диля', '', 'Ш.А.', 'Диля', 7000, 0, 17, 5, '', 0, 0),
(147, '', 1, 'От темы к теме, Ш. Аляутдинов. Диля', '', 'Ш.А.', 'Диля', 2500, 0, 17, 5, '', 0, 0),
(148, '', 1, 'Ответы на вопросы об Исламе, Ш. Аляутдинов. Диля', '', 'Ш.А.', 'Диля', 2500, 0, 17, 5, '', 0, 0),
(149, '', 1, 'Подарок дочери, Ш. Аляутдинов. Диля', '', 'Ш.А.', 'Диля', 5900, 0, 17, 5, '', 0, 0),
(150, '', 1, 'Подарок сыну, Ш. Аляутдинов. Диля', '', 'Ш.А.', 'Диля', 5900, 0, 17, 5, '', 0, 0),
(151, '', 1, 'Познай себя. Найди Бога. Заслужи вечность., Ш. Аляутдинов. Диля', '', 'Ш.А.', 'Диля', 1600, 0, 17, 5, '', 0, 0),
(152, '', 1, 'Пока не опустили занавес (диск), Ш. Аляутдинов', '', 'Ш.А.', 'Диля', 750, 0, 17, 5, '', 0, 0),
(153, '', 1, 'Пора идти по воде (диск), Ш. Аляутдинов', '', 'Ш.А.', 'Диля', 750, 0, 17, 5, '', 0, 0),
(154, '', 1, 'Потусторонние миры (диск), Ш. Аляутдинов. Диля', '', 'Ш.А.', 'Диля', 3000, 0, 17, 5, '', 0, 0),
(155, '', 1, 'Потусторонние миры (мг), Ш. Аляутдинов. Диля', '', 'Ш.А.', 'Диля', 700, 0, 17, 5, '', 0, 0),
(156, '', 1, 'Потусторонние миры.Интервью (с диском), Ш. Аляутдинов. Диля', '', 'Ш.А.', 'Диля', 1700, 0, 17, 5, '', 0, 0),
(157, '', 1, 'Практика знаний (диск), Ш. Аляутдинов', '', 'Ш.А.', 'Диля', 750, 0, 17, 5, '', 0, 0),
(158, '', 1, 'Практика семейной жизни (диск), Ш. Аляутдинов', '', 'Ш.А.', 'Диля', 750, 0, 17, 5, '', 0, 0),
(159, '', 1, 'Прочнее стали (диск), Ш. Аляутдинов', '', 'Ш.А.', 'Диля', 750, 0, 17, 5, '', 0, 0),
(160, '', 1, 'Путь  к вере и совершенству (тв), Ш. Аляутдинов. Диля', '', 'Ш.А.', 'Диля', 2600, 0, 17, 5, '', 0, 0),
(161, '', 1, 'Путь к вере и совершенству (мг), Ш. Аляутдинов. Диля', '', 'Ш.А.', 'Диля', 2600, 0, 17, 5, '', 0, 0),
(162, '', 1, 'Рамадан (диск 1), Ш. Аляутдинов', '', 'Ш.А.', 'Диля', 750, 0, 17, 5, '', 0, 0),
(163, '', 1, 'Рамадан (диск 2), Ш. Аляутдинов', '', 'Ш.А.', 'Диля', 750, 0, 17, 5, '', 0, 0),
(164, '', 1, 'Расписание триллионера, Ш. Аляутдинов. Диля', '', 'Ш.А.', 'Диля', 3300, 0, 17, 5, '', 0, 0),
(165, '', 1, 'Реальность, Ш. Аляутдинов. Диля', '', 'Ш.А.', 'Диля', 800, 0, 17, 5, '', 0, 0),
(166, '', 1, 'Сборник проповедей ( часть-3) (диск), Ш. Аляутдинов', '', 'Ш.А.', 'Диля', 750, 0, 17, 5, '', 0, 0),
(167, '', 1, 'Сборник проповедей (часть- 1) (диск), Ш. Аляутдинов', '', 'Ш.А.', 'Диля', 750, 0, 17, 5, '', 0, 0),
(168, '', 1, 'Сборник проповедей (часть -9) (диск), Ш. Аляутдинов', '', 'Ш.А.', 'Диля', 750, 0, 17, 5, '', 0, 0),
(169, '', 1, 'Сборник проповедей (часть-10) (диск), Ш. Аляутдинов', '', 'Ш.А.', 'Диля', 750, 0, 17, 5, '', 0, 0),
(170, '', 1, 'Сборник проповедей (часть-11) (диск), Ш. Аляутдинов', '', 'Ш.А.', 'Диля', 750, 0, 17, 5, '', 0, 0),
(171, '', 1, 'Сборник проповедей (часть-12) (диск), Ш. Аляутдинов', '', 'Ш.А.', 'Диля', 750, 0, 17, 5, '', 0, 0),
(172, '', 1, 'Сборник проповедей (часть-13-14) (диск), Ш. Аляутдинов', '', 'Ш.А.', 'Диля', 750, 0, 17, 5, '', 0, 0),
(173, '', 1, 'Сборник проповедей (часть-2) (диск), Ш. Аляутдинов', '', 'Ш.А.', 'Диля', 750, 0, 17, 5, '', 0, 0),
(174, '', 1, 'Сборник проповедей (часть-4) (диск), Ш. Аляутдинов', '', 'Ш.А.', 'Диля', 750, 0, 17, 5, '', 0, 0),
(175, '', 1, 'Сборник проповедей (часть-5) (диск),  Аляутдинов', '', 'Ш.А.', 'Диля', 750, 0, 17, 5, '', 0, 0),
(176, '', 1, 'Сборник проповедей (Часть-6) (диск), Ш. Аляутдинов', '', 'Ш.А.', 'Диля', 750, 0, 17, 5, '', 0, 0),
(177, '', 1, 'Сборник проповедей (часть-7) (диск), Ш. Аляутдинов', '', 'Ш.А.', 'Диля', 750, 0, 17, 5, '', 0, 0),
(178, '', 1, 'Сборник проповедей (часть-8) (диск), Ш. Аляутдинов', '', 'Ш.А.', 'Диля', 750, 0, 17, 5, '', 0, 0),
(179, '', 1, 'Св.Коран (Смыслы) (1-дорожный), Ш. Аляутдинов. Диля', '', 'Ш.А.', 'Диля', 3200, 0, 17, 5, '', 0, 0),
(180, '', 1, 'Св.Коран (Смыслы) (1-настольный), Ш. Аляутдинов. Диля', '', 'Ш.А.', 'Диля', 4000, 0, 17, 5, '', 0, 0),
(181, '', 1, 'Св.Коран (Смыслы) (2-дорожный), Ш. Аляутдинов. Диля', '', 'Ш.А.', 'Диля', 3200, 0, 17, 5, '', 0, 0),
(182, '', 1, 'Св.Коран (Смыслы) (2-настольный), Ш. Аляутдинов. Диля', '', 'Ш.А.', 'Диля', 4000, 0, 17, 5, '', 0, 0),
(183, '', 1, 'Св.Коран (Смыслы) (3-дорожный), Ш. Аляутдинов. Диля', '', 'Ш.А.', 'Диля', 3200, 0, 17, 5, '', 0, 0),
(184, '', 1, 'Св.Коран (Смыслы) (3-настольный), Ш. Аляутдинов. Диля', '', 'Ш.А.', 'Диля', 4000, 0, 17, 5, '', 0, 0),
(185, '', 1, 'Св.Коран (Смыслы) (4-дорожный), Ш. Аляутдинов. Диля', '', 'Ш.А.', 'Диля', 3200, 0, 17, 5, '', 0, 0),
(186, '', 1, 'Св.Коран (Смыслы) (4-настольный), Ш. Аляутдинов. Диля', '', 'Ш.А.', 'Диля', 5400, 0, 17, 5, '', 0, 0),
(187, '', 1, 'Св.Коран (Смыслы) (5-дорожный), Ш. Аляутдинов. Диля', '', 'Ш.А.', 'Диля', 3200, 0, 17, 5, '', 0, 0),
(188, '', 1, 'Св.Коран (Смыслы) (Богословский перевод), Ш. Аляутдинов. Диля', '', 'Ш.А.', 'Диля', 14000, 0, 17, 5, '', 0, 0),
(189, '', 1, 'Семья и ислам, Ш. Аляутдинов. Диля', '', 'Ш.А.', 'Диля', 3400, 0, 17, 5, '', 0, 0),
(190, '', 1, 'Смысл жизни (диск), Ш. Аляутдинов', '', 'Ш.А.', 'Диля', 750, 0, 17, 5, '', 0, 0),
(191, '', 1, 'Снимет черствость сердец только…(диск), Ш. Аляутдинов', '', 'Ш.А.', 'Диля', 750, 0, 17, 5, '', 0, 0),
(192, '', 1, 'Стань самым умным и самым богатым 1 (старая), Ш. Аляутдинов. Диля', '', 'Ш.А.', 'Диля', 2200, 0, 17, 5, '', 0, 0),
(193, '', 1, 'Стань самым умным и самым богатым 1, Ш. Аляутдинов. Диля', '', 'Ш.А.', 'Диля', 3000, 0, 17, 5, '', 0, 0),
(194, '', 1, 'Стань самым умным и самым богатым 2, Ш. Аляутдинов. Диля', '', 'Ш.А.', 'Диля', 3000, 0, 17, 5, '', 0, 0),
(195, '', 1, 'Странник в тленном мире (диск), Ш. Аляутдинов', '', 'Ш.А.', 'Диля', 750, 0, 17, 5, '', 0, 0),
(196, '', 1, 'Таджвид, Ш. Аляутдинов. Диля', '', 'Ш.А.', 'Диля', 2800, 0, 17, 5, '', 0, 0),
(197, '', 1, 'Триллионер (Сборник проповедей). Кто распределяет Божью милость? (диск), Ш. Аляутдинов', '', 'Ш.А.', 'Диля', 750, 0, 17, 5, '', 0, 0),
(198, '', 1, 'Триллионер действует, Ш. Аляутдинов. Диля', '', 'Ш.А.', 'Диля', 3000, 0, 17, 5, '', 0, 0),
(199, '', 1, 'Триллионер думает, Ш. Аляутдинов. Диля', '', 'Ш.А.', 'Диля', 2600, 0, 17, 5, '', 0, 0),
(200, '', 1, 'Триллионер слушает, Ш. Аляутдинов. Диля', '', 'Ш.А.', 'Диля', 3100, 0, 17, 5, '', 0, 0),
(201, '', 1, 'Узы братства (диск), Ш. Аляутдинов', '', 'Ш.А.', 'Диля', 750, 0, 17, 5, '', 0, 0),
(202, '', 1, 'Финансы триллионера,  Ш. Аляутдинов. Диля', '', 'Ш.А.', 'Диля', 4000, 0, 17, 5, '', 0, 0),
(203, '', 1, 'Шаг на встречу к себе (диск), Ш. Аляутдинов. Диля', '', 'Ш.А.', 'Диля', 750, 0, 17, 5, '', 0, 0),
(204, '', 1, 'Широта души (диск), Ш. Аляутдинов', '', 'Ш.А.', 'Диля', 750, 0, 17, 5, '', 0, 0),
(205, '', 1, 'Триллионер слушает (маленькая), Ш. Аляутдинов. Диля', '', 'Ш.А.', 'Диля', 0, 0, 17, 5, '', 0, 0),
(206, '', 1, 'Высказывания Пророка (толстая). Ш. Аляутдинов. Диля', '', 'Ш.А.', 'Диля', 3500, 0, 17, 5, '', 0, 0),
(207, '', 1, 'Жизнь Пророка (c.а.с.)', '', 'Прочее ', 'Прочее ', 600, 0, 17, 5, '', 0, 0),
(208, '', 1, 'Триллионер слушает (Супер обл 60х90/16)', '', 'Ш.А.', 'Диля', 4100, 0, 17, 5, '', 0, 0),
(209, '', 1, 'Эл. Книга, Все о мусульманском посте', '', '', '', 300, 0, 18, 5, '', 0, 0),
(210, '', 1, 'Эл. Книга, Все увидят АД', '', '', '', 600, 0, 18, 5, '', 0, 0),
(211, '', 1, 'Эл. Книга, Женщина и Ислам', '', '', '', 600, 0, 18, 5, '', 0, 0),
(212, '', 1, 'Эл. Книга, Зачем мне Ислам', '', '', '', 600, 0, 18, 5, '', 0, 0),
(213, '', 1, 'Эл. Книга, Мир Души', '', '', '', 600, 0, 18, 5, '', 0, 0),
(214, '', 1, 'Эл. Книга, Мужчины и Ислам', '', '', '', 600, 0, 18, 5, '', 0, 0),
(215, '', 1, 'Эл. Книга, Св. Коран, том-1 ', '', '', '', 900, 0, 18, 5, '', 0, 0),
(216, '', 1, 'Эл. Книга, Св. Коран, том-2', '', '', '', 900, 0, 18, 5, '', 0, 0),
(217, '', 1, 'Эл. Книга, Св. Коран, том-3', '', '', '', 900, 0, 18, 5, '', 0, 0),
(218, '', 1, 'Эл. Книга, Св. Коран, том-4', '', '', '', 900, 0, 18, 5, '', 0, 0),
(219, '', 1, 'Эл. Книга, Св. Коран, том-5', '', '', '', 900, 0, 18, 5, '', 0, 0),
(220, '', 1, 'Эл. Книга, Семья и Ислам', '', '', '', 900, 0, 18, 5, '', 0, 0),
(221, '', 1, 'Эл. Книга, Триллионер Слушает', '', '', '', 900, 0, 18, 5, '', 0, 0),
(222, '', 1, 'Эл. Книга, Потусторонние миры', '', '', '', 600, 0, 18, 5, '', 0, 0),
(223, '', 1, 'Эл. Книга, Дети и Ислам', '', '', '', 960, 0, 18, 5, '', 0, 0),
(224, '', 1, 'Язык телодвижений, О. Дайняк, Эксмо', '', 'Ольга Дайняк', 'Эксмо', 1750, 0, 19, 5, '', 0, 0),
(225, '985-15-1018-0', 1, '"Государь" Никколо Макиавелли, Т.Филлипс. Попурри', '', 'Тим Филлипс', 'Попурри', 700, 0, 19, 5, '', 0, 0),
(226, ' 978-985-15-1000-5', 1, '"Думай и Богатей", Н. Хилл. Попурри', '', 'Наполеон Хилл', 'Попурри', 700, 0, 19, 5, '', 0, 0),
(227, ' 978-985-15-0998-6', 1, '"Капитал" Карла Маркса, С. Шипсайд. Попурри', '', 'Карла Маркса', 'Попурри', 700, 0, 19, 5, '', 0, 0),
(228, ' 978-985-15-2040-2', 1, '12 принципов лидерского превосходства, Б. Трейси. Попурри', '', 'Брайн Трейси', 'Попурри', 1500, 0, 19, 5, '', 0, 0),
(229, ' 978-985-15-1902-2', 1, '15 законов роста, Дж. Максвелл. Попурри', '', 'Джон Максвелл', 'Попурри', 1200, 0, 19, 5, '', 0, 0),
(230, ' 978-985-15-1630-4', 1, '16 законов успеха, Н. Хилл. Попурри', '', 'Наполеон Хилл', 'Попурри', 1500, 0, 19, 5, '', 0, 0),
(231, '978-985-15-1897-1', 1, '17 качеств командного игрока, Дж. Максвелл. Попурри', '', 'Джон Максвелл', 'Попурри', 800, 0, 19, 5, '', 0, 0),
(232, '978-985-15-1808-7', 1, '21 качество лидера Дж. Максвелл. Попурри', '', 'Джон Максвелл', 'Попурри', 1000, 0, 19, 5, '', 0, 0),
(233, '978-985-15-1809-4', 1, '21 минута в день на развитие лидерства, Дж. Максвелл. Попурри', '', 'Джон Максвелл', 'Попурри', 1800, 0, 19, 5, '', 0, 0),
(234, '978-5-9614-0602-3', 1, '21 способ победить кризис, Б. Трейси. Альпина', '', 'Брайн Трейси', 'Альпина', 1600, 0, 19, 5, '', 0, 0),
(235, '978-985-483-986-8', 1, '21 способ сделать карьеру, Б. Трейси. Попурри', '', 'Брайн Трейси', 'ПОпурри', 900, 0, 19, 5, '', 0, 0),
(236, '978-985-15-0096-9 ', 1, '25 способов завоевать расположение людей, Дж. Максвелл. Попурри', '', 'Джон Максвелл', 'ПОпурри', 1600, 0, 19, 5, '', 0, 0),
(237, ' 978-5-699-41207-5', 1, '4 правила эффективного лидера в условиях неопределенности,С. Кови. Эксмо', '', 'Стивен Кови', 'Эксмо', 1500, 0, 19, 5, '', 0, 0),
(238, ' 978-985-15-1580-2', 1, '4 типа корпоративной культуры, Ф. Тромпенаарс,  Ч. Хэмпден-Тернер. Попурри', '', 'Фонс Тромпенаарс ', 'ПОпурри', 2000, 0, 19, 5, '', 0, 0),
(239, '978--5-386-06156-2', 1, '48 законов власти, Р. Грин. Рипол классик', '', 'Роберт Грин ', 'Рипол Классик', 2500, 0, 19, 5, '', 0, 0),
(240, ' 978-5-91657-425-8', 1, '5 граней лидерства, С. Кэмпбелл. МИФ', '', 'Скотт Кэмпбелл,', 'МИФ', 3900, 0, 19, 5, '', 0, 0),
(241, '978-985-15-1857-5', 1, '5 уровней лидерства,Дж. Максвелл. Попурри', '', 'Джон Максвелл', 'ПОпурри', 1700, 0, 19, 5, '', 0, 0),
(242, '', 1, '50-й закон власти,  Р. Грин. Рипол классик', '', '', 'Рипол классик', 2300, 0, 19, 5, '', 0, 0),
(243, '978-5-9614-4851-1', 1, '7 навыков высокоэффективных родителей, А. Морд, М. Хайнц. Альпина', '', 'Алена Морд, Мария Хайнц', 'Альпина', 3000, 0, 19, 5, '', 0, 0),
(244, '978-985-15-2190-2', 1, '7 навыков высокоэффективных семей, С. Кови. Альпина', '', 'Стивен Кови', 'ПОпурри', 3000, 0, 19, 5, '', 0, 0),
(245, '978-5-9614-4773-6', 1, '7 навыков эфективных менеджеров, С. Кови. Альпина', '', 'Стивен Р. Кови', 'Альпина паблишер', 1500, 0, 19, 5, '', 0, 0),
(246, '978-5-91657-632-0', 1, 'Buyology Увлекательное путешествие в мозг современного потребителя, М. Линдстром. МИФ', '', 'Мартин Линдстром', 'МИФ', 4500, 0, 19, 5, '', 0, 0),
(247, '', 1, 'CD ментальные ловушки. Глупости, которые делают разумные люди, чтобы испортить себе жизнь,М. Гоулстон. МИФ', '', 'Марк Гоулстон', 'МИФ', 1940, 0, 19, 5, '', 0, 0),
(248, '978-5-91657-374-9', 1, 'iKona Cтив Джобс, Дж. Янг, В. Саймон. МИФ', '', 'Джеффри Янг,Вильям Саймон', 'МИФ', 4100, 0, 19, 5, '', 0, 0),
(249, ' 978-5-91657-931-4', 1, 'Patagonia - бизнес в стиле серфинг, И. Шуинар. МИФ', '', 'Ивон Шуинар', 'МИФ', 3500, 0, 19, 5, '', 0, 0),
(250, '978-5-91657-491-3', 1, 'PR Высокого полета, И. Алексеева; Т. Гуляева. МИФ', '', 'Инна Алексеева и Татьяна Гуляева', 'МИФ', 3500, 0, 19, 5, '', 0, 0),
(251, ' 978-5-91657-558-3', 1, 'Rework бизнес без предрассудков, Дж. Фрайд, Д. Хайнемайер. МИФ', '', 'Джейсон Фрайд,Дэвид Хайнемайер', 'МИФ', 4820, 0, 19, 5, '', 0, 0),
(252, '978-5-91657-677-1', 1, 'Starbucks навсегда. Г. Шульц. МИФ', '', 'Говард Шульц', 'МИФ', 3400, 0, 19, 5, '', 0, 0),
(253, '', 1, 'WOW - результат:бери и делай!, Н. Ковальцева; Т. Костенкова; И. Шалагина', '', 'Н. Ковальцева; Т. Костенкова; И. Шалагина', 'Прочее', 2700, 0, 19, 5, '', 0, 0),
(254, '978-5-00057-418-8', 1, 'А у меня получится? С. Хартли. МИФ', '', 'Саймон Хартли', 'МИФ', 3000, 0, 19, 5, '', 0, 0),
(255, '978-985-15-1968-8', 1, 'Автобиография. Евангелие богатства, Э. Карнеги. Попурри', '', 'Эндрю Карнеги', 'ПОпурри', 2200, 0, 19, 5, '', 0, 0),
(256, '978-5-91657-654-2', 1, 'Анатомия сарафанного маркетинга, Э. Розен. МИФ', '', 'Эмануил Розен', 'МИФ', 3100, 0, 19, 5, '', 0, 0),
(257, '978-5-91657-397-8', 1, 'Анти-Дарвин (большая), У. Джонатан. МИФ', '', 'Уэллс Джонатан', 'МИФ', 3300, 0, 19, 5, '', 0, 0),
(258, '', 1, 'Анти-Дарвин (маленькая), У. Джонатан. МИФ', '', 'Уэллс Джонатан', 'МИФ', 1300, 0, 19, 5, '', 0, 0),
(259, '978-985-15-0378-6', 1, 'Апгрейд бизнеса, Р. Паркс. Попурри', '', 'Ричард Паркс', 'ПОпурри', 1400, 0, 19, 5, '', 0, 0),
(260, '', 1, 'Бальзам для души. Встреча вторая. Дж. Кэнфилд; Марк Виктор Хансен. София', '', 'София', 'София', 900, 0, 19, 5, '', 0, 0),
(261, ' 978-5-91657-785-3', 1, 'Бег с Лидьярдом, А. д,Гарт; Гилмор. МИФ', '', 'Артур Лидьярд,Гарт Гилмор', 'МИФ', 3500, 0, 19, 5, '', 0, 0),
(262, '978-5-000-57-688-5', 1, 'Бег с Лидьярдом. Доступные методики оздоровительного бега от великого тренера XX века, Е.Ю.Хрусталева. МИФ', '', 'Е. Ю.Хрусталева ', 'МИФ', 4600, 0, 19, 5, '', 0, 0),
(263, ' 978-5-91657-755-6', 1, 'Безумно просто. Вдохновляющие примеры Apple, К. Сигал. МИФ', '', 'Кен Сигал', 'МИФ', 3500, 0, 19, 5, '', 0, 0),
(264, '978-5-91657-917-8', 1, 'Бенджамин Франклин.Биография, У. Айзексон. МИФ', '', 'Уолтер Айзексон', 'МИФ', 8900, 0, 19, 5, '', 0, 0),
(265, '978-5-91657-185-1', 1, 'Библия велосипедиста, Дж. Фрил. МИФ', '', 'Джо Фрил', 'МИФ', 7000, 0, 19, 5, '', 0, 0),
(266, ' 978-5-91657-184-4', 1, 'Библия триатлета, Дж. Фрил. МИФ', '', 'Джо Фрил', 'МИФ', 7000, 0, 19, 5, '', 0, 0),
(267, '978-5-9614-4895-5', 1, 'Бизнес - это психология: Психологические координаты жизни современного делового человека, М. Мелия. Альпина', '', 'Марина Мелия', 'Альпина', 4500, 0, 19, 5, '', 0, 0),
(268, '978-985-15-2109-4', 1, 'Бизнес 21 века, Р. Кийосаки. Попурри', '', 'Роберт Кийосаки', 'ПОпурри', 2000, 0, 19, 5, '', 0, 0),
(269, '978-5-91657-608-5', 1, 'Бизнес в стиле VIRGIN, Б. Ричард. МИФ', '', 'Ричард Брэнсон', 'МИФ', 3800, 0, 19, 5, '', 0, 0),
(270, ' 978-5-91657-210-0', 1, 'Бизнес в стиле фанк навсегда. Капитал пляшет под дудку таланта, К. Нордстрем; Й. Риддерстрале. МИФ', '', 'Кьелл А.Нордстрем,Йонас Риддерстрале', 'МИФ', 3900, 0, 19, 5, '', 0, 0),
(271, ' 978-5-91657-075-5', 1, 'Бизнес в стиле фанк навсегда. Капитализм в удовольствие, К. Нордстрем; Й. Риддерстрале. МИФ', '', 'Кьелл А.Нордстрем,Йонас Риддерстрале', 'МИФ', 4500, 0, 19, 5, '', 0, 0),
(272, '', 1, 'Бизнес по правилам и без. Как добиться успеха и не потерять себя, А. Веббер. Юнайтед Пресс', '', 'Юнайтед Пресс', 'Юнайтед Пресс', 2400, 0, 19, 5, '', 0, 0),
(273, '4607146630694', 1, 'Бизнес-это психология. Аудиокнига, М. Мелия. Альпина', '', 'Марина Мелия', 'Альпина', 2400, 0, 19, 5, '', 0, 0),
(274, '9785916579321', 1, 'Бла бла бла или что делать, когда слова не работают, Д. Роэм. МИФ', '', 'Дэн Роэм', 'МИФ', 4600, 0, 19, 5, '', 0, 0),
(275, ' 978-985-15-2433-0', 1, 'Богатый инвестор - быстрый инвестор, Р. Кийосаки. Попурри', '', 'Роберт Кийосаки', 'ПОпурри', 2200, 0, 19, 5, '', 0, 0),
(276, '', 1, 'Богатый папа- бедный папа: чему учат детей богатые родители и не учат бедные, Р. Кийосаки. Попурри', '', 'Роберт Кийосаки', 'ПОпурри', 2100, 0, 19, 5, '', 0, 0),
(277, '', 1, 'Богатый папа, бедный папа (мг), Р. Кийосаки. Попурри', '', 'Роберт Кийосаки', 'ПОпурри', 2100, 0, 19, 5, '', 0, 0),
(278, '978-985-15-2436-1', 1, 'Богатый папа, бедный папа (тв),  Р. Кийосаки. Попурри', '', 'Роберт Кийосаки', 'ПОпурри', 2900, 0, 19, 5, '', 0, 0),
(279, '', 1, 'Богатый папа, бедный папа: квадрант денежного потока, Р. Кийосаки. Попурри', '', 'Роберт Кийосаки', 'ПОпурри', 8700, 0, 19, 5, '', 0, 0),
(280, '', 1, 'Богатый ребенок, умный ребенок (мг), Р. Кийосаки. Попурри', '', 'Роберт Кийосаки', 'ПОпурри', 1500, 0, 19, 5, '', 0, 0),
(281, '978-985-15-1477-5', 1, 'Богатый ребенок, умный ребенок (тв) Р. Кийосаки. Попурри', '', 'Роберт Кийосаки', 'ПОпурри', 2500, 0, 19, 5, '', 0, 0),
(282, ' 978-5-91657-259-9', 1, 'Больше денег от вашего бизнеса, А. Левитас. МИФ', '', 'Александр Левитас', 'МИФ', 4820, 0, 19, 5, '', 0, 0),
(283, '', 1, 'Больше чем бизнес, Дж. Коллинз; У. К. Лазьер. Альпина', '', 'Дж. Коллинз; У. К. Лазьер', 'Альпина', 2900, 0, 19, 5, '', 0, 0),
(284, '978-5-699-49990-8', 1, 'Братья и сестры как помочь вашим детям жить дружно, Ф. Мазлиш. Эксмо', '', 'Фабер Мазлиш', 'Эксмо', 1300, 0, 19, 5, '', 0, 0),
(285, '978-5-91657-846-1', 1, 'Будущее глазами одного из самых влиятельных инвесторов в мире. Почему Азия станет доминировать, у России есть хорошие шансы, Дж. Роджерс. МИФ', '', 'Джим Роджерс', 'МИФ', 4800, 0, 19, 5, '', 0, 0),
(286, ' 978-5-00057-377-8', 1, 'Будь лучшей версией себя, Д. Вальдшмидт. МИФ', '', 'Дэн Вальдшмидт', 'МИФ', 0, 0, 19, 5, '', 0, 0),
(287, '978-5-000-57-911-4', 1, 'Будь лучшей версией себя. Как обычные люди становятся выдающимися Д. Вальдшмидт. МИФ', '', 'Дэн Вальдшмидт', 'МИФ', 4635, 0, 19, 5, '', 0, 0),
(288, '', 1, 'Бумага', '', '', 'Прочее', 3500, 0, 19, 5, '', 0, 0),
(289, '', 1, 'Быть счастливее, Т. Бен-Шахар. МИФ', '', 'Тал Бен-Шахар', 'МИФ', 1200, 0, 19, 5, '', 0, 0),
(290, '', 1, 'Быть счастливее, Т. Бен-Шахар. Попурри', '', 'Тал Бен-Шахар', 'Попурри', 2500, 0, 19, 5, '', 0, 0),
(291, '978-5-91671-393-0', 1, 'В поисках потока,М. Чиксентмихайи. Альпина', '', 'Михай Чиксентмихайи', 'Альпина', 2000, 0, 19, 5, '', 0, 0),
(292, '', 1, 'В поисках своего подлинного "Я", М. Гро Филлип. Попурри', '', 'МакГро Филлип', 'ПОпурри', 600, 0, 19, 5, '', 0, 0),
(293, ' 978-5-91657-157-8', 1, 'В поисках счастья. Как получать удовольствие от жизни каждый день, М. Селигман. МИФ', '', 'Мартин Селигман', 'МИФ', 3400, 0, 19, 5, '', 0, 0),
(294, ' 978-1-4027-6764-7', 1, 'В трех шагах от богатства, Ш. Лектер. Попурри', '', 'Шэрон Лектер', 'ПОпурри', 1600, 0, 19, 5, '', 0, 0),
(295, ' 978-5-91657-674-0', 1, 'В этом году я, М.Дж.Райан. МИФ', '', 'М.Дж.Райан', 'МИФ', 3500, 0, 19, 5, '', 0, 0),
(296, '978-985-15-0486-8', 1, 'Важно только сегодня, Дж. Максвелл. Попурри', '', 'Джон Максвелл', 'ПОпурри', 1900, 0, 19, 5, '', 0, 0),
(297, ' 978-5-00057-209-2', 1, 'Важные годы, М. Джей', '', 'Мэг Джей', 'Прочее', 4600, 0, 19, 5, '', 0, 0),
(298, '978-5-91657-686-3', 1, 'Вау! Проекты. Как превратить любую работу в проект, который имеет значение, Т. Питерс. МИФ', '', 'Том Питерс', 'МИФ', 3500, 0, 19, 5, '', 0, 0),
(299, '', 1, 'Ваш ребенок может все, П. Доусон. МИФ', '', 'Пэг Доусон', 'МИФ', 3800, 0, 19, 5, '', 0, 0),
(300, ' 978-5-91657-766-2', 1, 'Ваша группа поддержки, К. Феррацци. МИФ', '', 'Кейт Феррацци', 'МИФ', 3800, 0, 19, 5, '', 0, 0),
(301, ' 978-985-15-1750-9', 1, 'Ваша дорога к успеху, Н. Хилл. Попурри', '', 'Наполеон Хилл', 'ПОпурри', 800, 0, 19, 5, '', 0, 0),
(302, '978-5-91657-675-7', 1, 'Великие по собственному выбору, Дж. Коллинз; М. Хансен. МИФ', '', 'Джим Коллинз,Мортен Хансен', 'МИФ', 5000, 0, 19, 5, '', 0, 0),
(303, '', 1, 'Великолепный мозг в любом возрасте, Д. Амен. Эксмо', '', 'Дэниел Амен', 'Эксмо', 2000, 0, 19, 5, '', 0, 0),
(304, '978-985-15-2620-4', 1, 'Величайшая тайна в мире, О. Мандино. Попурри', '', 'Ог Мандино', 'ПОпурри', 700, 0, 19, 5, '', 0, 0),
(305, '978-985-15-2072-1', 1, 'Величайший секрет как делать деньги, В. Джо. Попурри', '', 'Витале Джо', 'Попурри', 1500, 0, 19, 5, '', 0, 0),
(306, '', 1, 'Видеть лес за деревьями: Системный подход для совершенствования бизнес-модели, Д. Шервуд. Альпина', '', 'Д. Шервуд.', 'Альпина', 3800, 0, 19, 5, '', 0, 0),
(307, '', 1, 'Визуальное мышление, Д. Роэм. МИФ', '', 'Дэн Роэм ', 'МИФ', 4600, 0, 19, 5, '', 0, 0),
(308, '978-5-91657-980-2', 1, 'Визуальный молоток. Как образы побеждают тысячи слов, Л. Райс. МИФ', '', 'Лаура Райс', 'МИФ', 4200, 0, 19, 5, '', 0, 0),
(309, '985-15-1031-9', 1, 'Вне конкуренции, С. Маккейн. Попурри', '', 'Скотт Маккейн', 'ПОпурри', 1900, 0, 19, 5, '', 0, 0),
(310, ' 985-483-634-7', 1, 'Водная логика, Э. де Боно. Попурри', '', 'Эдвард де Боно', 'ПОпурри', 1300, 0, 19, 5, '', 0, 0),
(311, '978-5-91657-640-5', 1, 'Возвращенцы, И. Манн. МИФ', '', 'Игорь Манн', 'МИФ', 4000, 0, 19, 5, '', 0, 0),
(312, '978-5-916-57-526-2', 1, 'Возраст счастья, В. Яковлев. МИФ', '', 'Владимир Яковлев', 'МИФ', 10100, 0, 19, 5, '', 0, 0),
(313, '978-5-91657-286-5', 1, 'Война за Таланты, Э.Майклз; Х.Хэндфилд-Джонс; Э.Экселрод. МИФ', '', 'Э.Майклз,Х.Хэндфилд-Джонс,Э.Экселрод', 'МИФ', 2600, 0, 19, 5, '', 0, 0),
(314, '978-985-15-1815-5', 1, 'Воплощение мечты, Дж. Максвелл. Попурри', '', 'Джон Максвелл', 'ПОпурри', 1200, 0, 19, 5, '', 0, 0),
(315, '', 1, 'Воспитай в себе лидера, Дж. Максвелл. Попурри', '', 'Джон Максвелл', 'ПОпурри', 1660, 0, 19, 5, '', 0, 0),
(316, '', 1, 'Воспитай супердетей, Б. Трейси. Омега-Л', '', ' Б. Трейси', 'Омега-Л', 500, 0, 19, 5, '', 0, 0),
(317, '', 1, 'Время действовать, С. Мэйнуори', '', 'С. Мэйнуори', 'Прочее', 3300, 0, 19, 5, '', 0, 0),
(318, '978-5-9614-4340-0', 1, 'Время на отдых, Г.Архангельский. Альпина', '', 'Глеб Архангельский', 'Альпина', 3500, 0, 19, 5, '', 0, 0),
(319, '978-5-9614-1897-2', 1, 'Все в твоих руках, Д. Сиверс. Альпина', '', 'Дерек Сиверс', 'Альпина', 2200, 0, 19, 5, '', 0, 0),
(320, '978-5-9614-1867-5', 1, 'Все мы оригиналы, С. Годин. Альпина', '', 'Сет Годин', 'Альпина', 2200, 0, 19, 5, '', 0, 0),
(321, '', 1, 'Всё о продажах, Т. Коннор. Попурри', '', 'Тим Коннор', 'ПОпурри', 1000, 0, 19, 5, '', 0, 0),
(322, '978-985-15-1738-7', 1, 'Вчера и сегодня во имя завтра, Н. Хилл. Попурри', '', 'Наполеон Хилл', 'ПОпурри', 900, 0, 19, 5, '', 0, 0),
(323, '985-483-471-9', 1, 'Вы заметили гориллу?, Р. Вайзман. Попурри', '', 'Ричард Вайзман', 'ПОпурри', 400, 0, 19, 5, '', 0, 0),
(324, '985-438-597-3', 1, 'Вы умнее, чем вы думаете, Л. Периджо Мур. Попурри', '', 'Линда Периджо Мур', 'ПОпурри', 300, 0, 19, 5, '', 0, 0),
(325, ' 985-15-0196-6', 1, 'Вы это можете, Дж. Мэтью. Попурри', '', 'Джордж Мэтью', 'ПОпурри', 400, 0, 19, 5, '', 0, 0),
(326, '', 1, 'Выбор, О. Мандино. Попурри', '', 'Ог Мандино', 'ПОпурри', 1400, 0, 19, 5, '', 0, 0),
(327, ' 978-985-15-1962-6', 1, 'Выбор. Правила Голдратта, Г. Э. Голдратт. Попурри', '', 'Элияху Голдратт', 'ПОпурри', 3300, 0, 19, 5, '', 0, 0),
(328, ' 978-5-91657-905-5', 1, 'Выйди из зоны комфорта, Б. Трейси. МИФ', '', 'Брайн Трейси', 'МИФ', 4800, 0, 19, 5, '', 0, 0),
(329, ' 978-5-91657-961-1', 1, 'Высшая цель, М. Рэй. МИФ', '', 'Майкл Рэй ', 'МИФ', 4200, 0, 19, 5, '', 0, 0),
(330, ' 978-5-91657-483-8', 1, 'Вышел хеджер из тумана, Б. Биггс. МИФ', '', 'Бартон Биггс', 'МИФ', 4900, 0, 19, 5, '', 0, 0),
(331, '978-985-15-2021-9', 1, 'Где мой сыр?, С. Джонсон. Попурри', '', 'Спенсер Джонсон', 'ПОпурри', 1700, 0, 19, 5, '', 0, 0),
(332, ' 978-5-91657-592-7', 1, 'Гении и аутсайдеры. Почему одним все, а другим ничего?, М. Гладуэл. МИФ', '', 'Малькольм Гладуэл', 'МИФ', 3300, 0, 19, 5, '', 0, 0),
(333, '1', 1, 'Гений переговоров,Н. Джерард. Попурри', '', 'Ниренберг Джерард', 'ПОпурри', 2000, 0, 19, 5, '', 0, 0),
(334, '978-5-91657-822-5', 1, 'Гибкое сознание, К. Дуэк. МИФ', '', 'Кэрол Дуэк', 'МИФ', 2800, 0, 19, 5, '', 0, 0),
(335, ' 978-5-699-62252-8', 1, 'Господь Бог всегда путешествует инкогнито, Л. Гунель. Эксмо', '', 'Лоран Гунель', 'Эксмо', 1700, 0, 19, 5, '', 0, 0),
(336, '978-985-15-1481-2', 1, 'Дао Уоррена Баффета, М. Баффет. Попурри', '', 'Мэри Баффет', 'ПОпурри', 1700, 0, 19, 5, '', 0, 0),
(337, '978-985-15-1956-5', 1, 'Дар Мидаса, Р. Кийосаки. Попурри', '', 'Роберт Кийосаки', 'ПОпурри', 2500, 0, 19, 5, '', 0, 0),
(338, '978-601-06-1656-1', 1, 'Делай бизнес на миллион, А. Мэрко. Домика', '', 'Андрей Мэрко', 'Домика', 2200, 0, 19, 5, '', 0, 0),
(339, '978-5-91657-452-4', 1, 'Дело вашей жизни, П. Хокен. МИФ', '', 'Поль Хокен', 'МИФ', 3800, 0, 19, 5, '', 0, 0),
(340, '978-985-15-1410-2', 1, 'Деньги идут женщинам на пользу, Б. Шефер; К. Ферстль. Попурри', '', 'Бодо Шефер,Карола Ферстль', 'ПОпурри', 1900, 0, 19, 5, '', 0, 0),
(341, '978-985-15-1632-8', 1, 'Деньги, успех и вы, Дж. Кехо. Попурри', '', 'Джон Кехо', 'ПОпурри', 1200, 0, 19, 5, '', 0, 0),
(342, ' 978-5-00057-413-3', 1, 'Депрессия отменяется, Р. О'' Коннор. МИФ', '', 'Ричард О"Коннор', 'МИФ', 2800, 0, 19, 5, '', 0, 0),
(343, '978-5-91657-524-8', 1, 'Дерзкая простота мысли, М.Саатчи. МИФ', '', 'не написано', 'МИФ', 4600, 0, 19, 5, '', 0, 0),
(344, '978-985-15-2070-7', 1, 'Добейся успеха с помощью позитивного мировосприятия, Н. Хилл. Попурри', '', 'Наполеон Хилл', 'ПОпурри', 2700, 0, 19, 5, '', 0, 0),
(345, ' 978-985-15-0608-4', 1, 'Добивайся успеха и богатей, используя силу убеждения, Н. Хилл. Попурри', '', 'Наполеон Хилл', 'ПОпурри', 600, 0, 19, 5, '', 0, 0),
(346, ' 978-5-91657-836-2', 1, 'Доставляя счастье.  От нуля до миллиарда история создания выдающейся комании из первых рук, Т. Шей. МИФ', '', 'Тони Шей', 'МИФ', 7800, 0, 19, 5, '', 0, 0),
(347, ' 978-985-15-2065-3', 1, 'Достижение максимума: 12 принципов, Б.Трейси. Попурри                                                                                                    ', '', '                                                                                                               ', 'ПОпурри', 1800, 0, 19, 5, '', 0, 0),
(348, ' 978-5-91657-652-8', 1, 'Друкер на каждый день, П. Друкер. МИФ', '', 'Питер Друкер', 'МИФ', 4000, 0, 19, 5, '', 0, 0),
(349, ' 978-985-15-1972-5', 1, 'Думай и богатей. Главные идеи философии успеха, Н. Хилл. Попурри', '', 'Наполеон Хилл', 'ПОпурри', 1900, 0, 19, 5, '', 0, 0),
(350, ' 978-985-15-1799-8', 1, 'Думай и богатей. Издание XXI века, Н. Хилл. Попурри', '', 'Наполеон Хилл', 'ПОпурри', 2800, 0, 19, 5, '', 0, 0),
(351, '978-985-15-2141-4', 1, 'Думай и богатей. Мировой бестселлер, Н. Хилл. Попурри', '', 'Наполеон Хилл', 'ПОпурри', 900, 0, 19, 5, '', 0, 0),
(352, '#VALUE!', 1, 'Думай и богатей: Добивайся успеха и богатей используя силу убеждений, Н. Хилл. Попурри', '', 'Наполеон Хилл', 'ПОпурри', 3000, 0, 19, 5, '', 0, 0),
(353, '985-15-0615-2', 1, 'Думайте эффективно. Новая обл, Т. Бьюзен. Попурри', '', 'Тони Бьюзен ', 'ПОпурри', 500, 0, 19, 5, '', 0, 0),
(354, ' 978-5-00057-328-0', 1, 'Еда и мозг, Д. Перлмуттер. МИФ', '', 'Дэвид Перлмуттер', 'МИФ', 4900, 0, 19, 5, '', 0, 0),
(355, '978-5-9614-4831-3', 1, 'Ежедневник Архангельского, Г. Архангельский. Альпина', '', 'Глеб Архангельский', 'Альпина', 1500, 0, 19, 5, '', 0, 0),
(356, '978-5-91657-562-0', 1, 'Ежедневник счастливой мамы, З. Ивантер. МИФ', '', 'Зарина Ивантер', 'МИФ', 3600, 0, 19, 5, '', 0, 0),
(357, '985-483-104-3', 1, 'Если жизнь игра, то это ее правила, Ш. Картер-Скотт. Попурри', '', 'Картер-Скотт Шери', 'ПОпурри', 400, 0, 19, 5, '', 0, 0),
(358, '978-985-15-0368-7', 1, 'Если хочешь стать богатым и счастливым, не ходи в школу, Р. Кийосаки. Попурри', '', 'Роберт Кийосаки', 'ПОпурри', 1500, 0, 19, 5, '', 0, 0),
(359, '978-5-386-00684-6', 1, 'Еще больше секретов счастливых детей, С. Биддалф. . Рипол классик', '', 'Стив Биддалф', 'Рипол Классик', 1400, 0, 19, 5, '', 0, 0),
(360, '978-5-91657-783-9', 1, 'Железный человек есть в каждом. От кресла бизнес-класса до Ironman , Дж. Кэллос. МИФ', '', 'Джон Кэллос', 'МИФ', 2200, 0, 19, 5, '', 0, 0),
(361, '978-5-9614-4338-7', 1, 'Жесткий менеджмент. Заставьте людей работать на результат, Д. Кеннеди. Альпина', '', 'Ден Кеннеди', 'Альпина', 3000, 0, 19, 5, '', 0, 0),
(362, '978-5-9614-5086-6', 1, 'Жесткий тайм менеджмент. Возьмите свою жизнь под контроль, Д. Кеннеди. Альпина', '', 'Ден Кеннеди', 'Альпина', 4200, 0, 19, 5, '', 0, 0),
(363, '985-438-424-1', 1, 'Живи по-своему, У. Дайер. Попурри', '', 'Уэйн Дайер', 'ПОпурри', 300, 0, 19, 5, '', 0, 0),
(364, '985-438-930-8', 1, 'Живите всегда полноценной жизнью, П. Норман. Попурри', '', 'Пил Норман', 'ПОпурри', 400, 0, 19, 5, '', 0, 0),
(365, ' 978-5-91657-548-4', 1, 'Жизнь без границ (Триатлон), К. Веллингтон; М. Айлвин. МИФ', '', 'Крисси Веллингтон и Майкл Айлвин', 'МИФ', 4000, 0, 19, 5, '', 0, 0),
(366, '978-5-699-58380-5', 1, 'Жизнь без границ, Н. Вуйчич. Эксмо', '', 'Ник Вуйчич', 'Эксмо', 2600, 0, 19, 5, '', 0, 0),
(367, '978-5-91657-806-5', 1, 'Жизнь на полной мощности, Дж. Лоэр; Т. Шварц. МИФ', '', 'Джим Лоэр и Тони Шварц', 'МИФ', 4000, 0, 19, 5, '', 0, 0),
(368, '985-438-750-X', 1, 'Жизнь сначала, Ч. Ричардсон. Попурри', '', 'Черил Ричардсон', 'ПОпурри', 300, 0, 19, 5, '', 0, 0),
(369, '978-5-699-60900-0', 1, 'Жить по принципу 80/20, Р. Кох. Эксмо', '', 'Ричард Кох', 'Эксмо', 2200, 0, 19, 5, '', 0, 0),
(370, '978-985-15-0352-6', 1, 'За пределами игр и сценариев, Э. Берн. Попурри', '', 'Эрик Берн', 'ПОпурри', 1300, 0, 19, 5, '', 0, 0),
(371, ' 978-985-15-0263-5', 1, 'За рулем своей карьеры, Дж. Гордон. Попурри', '', 'Джон Гордон', 'ПОпурри', 1300, 0, 19, 5, '', 0, 0),
(372, ' 978-985-15-1784-4', 1, 'Заговор богатых, Р. Кийосаки. Попурри', '', 'Роберт Кийосаки', 'ПОпурри', 2400, 0, 19, 5, '', 0, 0),
(373, '978-985-15-1850-6', 1, 'Задачи на тренировку бизнес-интеллекта, А. Ванганди. Попурри', '', 'Артур Ванганди', 'ПОпурри', 1900, 0, 19, 5, '', 0, 0),
(374, '978-985-483-463-8', 1, 'Закон Мерфи, А. Блох. Попурри', '', 'Артур Блох', 'ПОпурри', 200, 0, 19, 5, '', 0, 0),
(375, '978-985-15-0982-5', 1, 'Закон притяжения денег, Б. Проктор; М. Блад. Эксмо', '', '', 'Эксмо', 800, 0, 19, 5, '', 0, 0),
(376, '978- 985-483-531-6', 1, 'Закон успеха, Н. Хилл. Попурри', '', 'Наполеон Хилл', 'ПОпурри', 3000, 0, 19, 5, '', 0, 0),
(377, ' 978-985-15-1367-9', 1, 'Законы лидерства, Дж. Максвелл. Попурри', '', 'Джон Максвелл', 'ПОпурри', 1000, 0, 19, 5, '', 0, 0),
(378, '978-985-15-2112-4', 1, 'Законы победителей, Б. Шефер. Попурри', '', 'Бодо Шефер', 'ПОпурри', 2000, 0, 19, 5, '', 0, 0),
(379, ' 978-985-15-2107-0', 1, 'Зарабатывайте столько, сколько вы стоите, Б. Трейси. Попурри', '', 'Брайн Трейси', 'ПОпурри', 1800, 0, 19, 5, '', 0, 0),
(380, '978-5-91657-982-6', 1, 'Захотела и смогла, В. Яковлев. МИФ', '', 'Владимир Яковлев', 'МИФ', 4800, 0, 19, 5, '', 0, 0),
(381, ' 978-5-00057-501-7', 1, 'Здоровые привычки, Л. Ионова. МИФ', '', 'Лидия Ионова', 'МИФ', 3200, 0, 19, 5, '', 0, 0),
(382, '978-985-15-0306-9', 1, 'Здоровые, богатые и счастливые, У. Нэнс. Попурри', '', 'Уэйн Нэнс', 'Попурри', 1300, 0, 19, 5, '', 0, 0),
(383, '', 1, 'Здоровье начинается с правильной еды, Д. Хартвиг; М. Хартвиг. МИФ', '', 'Д. Хартвиг; М. Хартвиг', 'МИФ', 3600, 0, 19, 5, '', 0, 0),
(384, '978-985-15-1271-9', 1, 'Золотое наследие, Н. Хилл. Попурри', '', 'Наполеон Хилл', 'ПОпурри', 1400, 0, 19, 5, '', 0, 0),
(385, '978-985-15-0529-2', 1, 'Золотое правило успеха, Н. Хилл. Попурри', '', 'Наполеон Хилл', 'ПОпурри', 1300, 0, 19, 5, '', 0, 0),
(386, '978-985-15-0929-0', 1, 'Золотые уроки лидерства, Дж. Максвелл. Попурри', '', 'Джон Максвелл', 'ПОпурри', 700, 0, 19, 5, '', 0, 0),
(387, '978-985-15-0933-7', 1, 'Золотые уроки: карьерный рост, Дж. Максвелл. Попурри', '', 'Джон Максвелл', 'ПОпурри', 1100, 0, 19, 5, '', 0, 0),
(388, '978-985-15-0278-9', 1, 'Зубочистка для мозгов, М.Нуар. Попурри', '', 'Мишель Нуар', 'ПОпурри', 800, 0, 19, 5, '', 0, 0),
(389, '978-5-91657-283-4', 1, 'И ботаники делают  бизнес, Е. Чичваркин. МИФ', '', 'Евгений Чичваркин', 'МИФ', 2700, 0, 19, 5, '', 0, 0),
(390, '978-5-906084-03-3', 1, 'Идеально как создать и переделать свой сайт, А. Уолтер. Сила Ума паблишер', '', 'Аарон Уолтер', 'Не написано', 4400, 0, 19, 5, '', 0, 0),
(391, '978-5-91657-726-6', 1, 'Идеальный питч, О. Клафф. МИФ', '', 'Орен Клафф', 'МИФ', 3600, 0, 19, 5, '', 0, 0),
(392, '978-985-15-2096-7', 1, 'Иди к золоту, Дж. Максвелл. Попурри', '', 'Джон Максвелл', 'ПОпурри', 1100, 0, 19, 5, '', 0, 0),
(393, ' 978-5-91657-404-3', 1, 'Избавь свою жизнь от хлама, Э.  Меллен. Альпина', '', 'Эндрю Меллен', 'Альпина', 3200, 0, 19, 5, '', 0, 0),
(394, '978-985-15-1953-4', 1, 'Измени мышление - и ты изменишь свою жизнь, Б. Трейси. Попурри', '', 'Брайн Трейси', 'ПОпурри', 2200, 0, 19, 5, '', 0, 0),
(395, '978-5-699-61600-8', 1, 'Измени свой мозг изменится и возраст, Д. Амен. Эксмо', '', 'Дэниел Амен', 'Эксмо', 2300, 0, 19, 5, '', 0, 0),
(396, '978-5-699-48442-3', 1, 'Измени свой мозг- изменится и тело, Д. Амен. Эксмо', '', 'Дэниел Амен', 'Эксмо', 1428, 0, 19, 5, '', 0, 0),
(397, '978-5-699-38213-2', 1, 'Измени свой мозг, изменится и жизнь, Д. Амен. Эксмо', '', 'Дэниел Амен', 'Эксмо', 1900, 0, 19, 5, '', 0, 0),
(398, '978-5-91657-389-3', 1, 'ИКЕА собери свою мечту, А. Дальвиг. МИФ', '', 'Андерс Дальвиг', 'МИФ', 3300, 0, 19, 5, '', 0, 0),
(399, ' 978-985-15-1777-6', 1, 'Инвестиции в недвижимость, Р. Кийосаки. Попурри', '', 'Роберт Кийосаки', 'ПОпурри', 3600, 0, 19, 5, '', 0, 0),
(400, '978-985-15-1646-5', 1, 'Инвестиционный портфель Уоррена Баффета, М. Баффет. Попурри', '', 'Мэри Баффет', 'ПОпурри', 900, 0, 19, 5, '', 0, 0),
(401, '978-5-91657-496-8', 1, 'Интроверты. Как использовать особенности своего характера, С. Кейн. МИФ', '', 'Сьюзан Кейн', 'МИФ', 4900, 0, 19, 5, '', 0, 0),
(402, '978-985-15-0045-7', 1, 'Интуиция может всё, Л. Робинсон. Попурри', '', 'Линн Робинсон', 'ПОпурри', 1000, 0, 19, 5, '', 0, 0),
(403, ' 978-5-91657-753-2', 1, 'Искусство влияния. Убеждение без манипуляций, М. Гоулстон; Дж. Уллмен. МИФ', '', 'Марк Гоулстон и Джон Уллмен', 'МИФ', 4200, 0, 19, 5, '', 0, 0),
(404, ' 978-5-91657-580-4', 1, 'Искусство говорить и слушать, М. Адлер. МИФ', '', 'Мортимер Адлер', 'МИФ', 6000, 0, 19, 5, '', 0, 0),
(405, '978-5-9614-4609-8', 1, 'Искусство жить просто, Д. Лоро. Альпина', '', 'Доминик Лоро', 'Альпина', 3000, 0, 19, 5, '', 0, 0),
(406, '978-985-15-2031-8', 1, 'Искусство заключения сделок, Б. Трейси. Попурри', '', 'Брайн Трейси', 'ПОпурри', 2100, 0, 19, 5, '', 0, 0),
(407, '978-985-15-0494-3', 1, 'Искусство мыслить масштабно, Д. Шварц. Попурри', '', 'Дэвид Шварц', 'ПОпурри', 1900, 0, 19, 5, '', 0, 0),
(408, '978-5-91657-792-1', 1, 'Искусство объяснять, Л. ЛеФевер. МИФ', '', 'Ли ЛеФевер', 'МИФ', 5350, 0, 19, 5, '', 0, 0),
(409, ' 978-5-699-76008-4', 1, 'Искусство побеждать. В переводе и с комментариями Б. Виногродского, Сунь-Цзы. Эксмо', '', 'Сунь-Цзы', 'Эксмо', 9200, 0, 19, 5, '', 0, 0),
(410, '978-5-00057-212-2', 1, 'Искусство учиться. Как стать лучшим в любом деле, Дж. Вайкин. МИФ', '', 'Джошуа Вайкин', 'МИФ', 2800, 0, 19, 5, '', 0, 0),
(411, '978-5-9614-0175-8', 1, 'Истинный профессионализм,М. Дэвид. Альпина', '', 'Майстер Дэвид', 'Альпина', 2800, 0, 19, 5, '', 0, 0),
(412, '978-985-15-0505-6', 1, 'Истории успеха учеников Богатого Папы, Р. Кийосаки. Попурри', '', 'Роберт Кийосаки', 'ПОпурри', 1400, 0, 19, 5, '', 0, 0),
(413, '978-5-91671-247-6', 1, 'История на миллион долларов.Мастер класс для сценаристов, писателей и не только, Р. Макки. Альпина', '', 'Роберт Макки', 'Альпина', 3120, 0, 19, 5, '', 0, 0),
(414, ' 978-5-91657-569-9', 1, 'К выступлению готов, Р. Гандапас. МИФ', '', 'Радислав Гандапас', 'МИФ', 3800, 0, 19, 5, '', 0, 0),
(415, '', 1, 'К черту всё ! - 2 Берись и делай! (3-е изд.), Р. Брэнсон. МИФ', '', 'Р. Брэнсон', 'МИФ', 2100, 0, 19, 5, '', 0, 0),
(416, '978-5-00057-461-4', 1, 'К черту всё! Берись и делай, Р. Брэнсон. МИФ', '', 'Ричард Брэнсон', 'МИФ', 4000, 0, 19, 5, '', 0, 0),
(417, '978-985-15-0630-5', 1, 'Каждый человек способен творить чудеса, Н. Хилл. Попурри', '', 'Наполеон Хилл', 'ПОпурри', 600, 0, 19, 5, '', 0, 0),
(418, ': 978-5-91657-832-4', 1, 'Как гибнут великие, Дж. Коллинз. МИФ', '', 'Джим Коллинз', 'МИФ', 3800, 0, 19, 5, '', 0, 0),
(419, '978-5-699-41096-5', 1, 'Как говорить с детьми, чтобы они учились, А. Фабер; Э. Мазлиш. Эксмо', '', 'Фабер Мазлиш', 'Эксмо', 2000, 0, 19, 5, '', 0, 0),
(420, '978-5-699-43316-2', 1, 'Как говорить, чтобы дети слушали и как слушать чтобы дети говорили, А. Фабер; Э. Мазлиш. Эксмо', '', 'Адель Фабер и Элейн Мазлиш', 'Эксмо', 1700, 0, 19, 5, '', 0, 0),
(421, '978-5-699-35167-1', 1, 'Как говорить, чтобы дети слушали и как слушать, чтобы дети говорили 2015 А. Фабер; Э. Мазлиш. Эксмо', '', 'Адель Фабер и Элейн Мазлиш', 'Эксмо', 1700, 0, 19, 5, '', 0, 0),
(422, '', 1, 'Как говорить, чтобы подростки слушали, и как слушать, чтобы подростки говорили, А. Фабер; Э. Мазлиш. Эксмо', '', '', 'Эксмо', 1300, 0, 19, 5, '', 0, 0),
(423, ' 978-985-15-2072-1', 1, 'Как делать деньги, Дж. Витале. Попурри', '', 'Джо Витале', 'Попурри', 1500, 0, 19, 5, '', 0, 0),
(424, '978-5-699-66608-9', 1, 'Как дети добиваются успеха, П. Таф. Эксмо', '', 'Пол Таф', 'Эксмо', 2600, 0, 19, 5, '', 0, 0),
(425, ' 978-5-91657-889-8', 1, 'Как люди думают, Д. Чернышев. МИФ', '', 'Дмитрий Чернышев', 'МИФ', 3500, 0, 19, 5, '', 0, 0),
(426, '978-985-483-953-0', 1, 'Как мыслят преуспевающие люди, или мыслите, чтобы измениться, Дж. Максвелл. Попурри', '', 'Джон Максвелл', 'ПОпурри', 1400, 0, 19, 5, '', 0, 0),
(427, '978-985-15-2033-2', 1, 'Как найти выход из любой конфликтной ситуации, Д. Карнеги. Попурри', '', 'Дейл Карнеги', 'ПОпурри', 1000, 0, 19, 5, '', 0, 0),
(428, '978-985-15-0626-8', 1, 'Как научиться быть счастливым, Т. Бен-Шахар. Попурри', '', 'Тал Бен-Шахар', 'Попурри', 1200, 0, 19, 5, '', 0, 0),
(429, '978-5-699-56803-1', 1, 'Как общаться с ребенком, чтобы он рос счастливым, Г. ТимошенкоЭксмо', '', 'Галина Тимошенко', 'Эксмо', 1000, 0, 19, 5, '', 0, 0),
(430, ' 978-985-15-1426-3', 1, 'Как открывать любую дверь, работая головой, Х. Маккей. Попурри', '', 'Харви Маккей', 'ПОпурри', 2200, 0, 19, 5, '', 0, 0),
(431, '', 1, 'Как оценить и продать свой бизнес, Э. Хеслоп. Альпина', '', 'Э. Хеслоп', 'Альпина', 1100, 0, 19, 5, '', 0, 0),
(432, ' 978-985-15-1961-9', 1, 'Как плавать среди акул, Х. Маккей. Попурри', '', 'Харви Маккей', 'ПОпурри', 1600, 0, 19, 5, '', 0, 0),
(433, ' 978-985-483-974-5', 1, 'Как поднять себе зарплату, Н. Хилл. Попурри', '', 'Наполеон Хилл', 'ПОпурри', 600, 0, 19, 5, '', 0, 0),
(434, ' 978-985-15-0363-2', 1, 'Как превратить неудачи в ступени к успеху, Дж. Максвелл. Попурри', '', 'Джон Максвелл', 'ПОпурри', 1200, 0, 19, 5, '', 0, 0),
(435, '', 1, 'Как преодолеть нет, У. Юри. МИФ', '', '', 'МИФ', 3400, 0, 19, 5, '', 0, 0),
(436, '978-985-483-573-1', 1, 'Как преуспеть в бизнесе, нарушая все правила, Д. Кеннеди. Попурри', '', 'Дэн Кеннеди', 'ПОпурри', 1500, 0, 19, 5, '', 0, 0),
(437, '', 1, 'Как привести дела в порядок, Д. Аллен. МИФ', '', '', 'МИФ', 3400, 0, 19, 5, '', 0, 0),
(438, '978-985-15-2034-9', 1, 'Как прожить яркую жизнь, Д. Карнеги. Попурри', '', 'Дейл Карнеги', 'ПОпурри', 1200, 0, 19, 5, '', 0, 0),
(439, ' 978-985-483-901-1', 1, 'Как разбогатеть с нуля, Б. Трейси. Попурри', '', 'Брайн Трейси', 'ПОпурри', 1600, 0, 19, 5, '', 0, 0),
(440, '', 1, 'Как разбогатеть с нуля, Б. Трейси. Попурри', '', '', 'Попурри', 1600, 0, 19, 5, '', 0, 0),
(441, '978-5-386-02483-3', 1, 'Как развить мозг ребенка, С. Биддалф. Рипол классик', '', 'Стив Биддалф', 'Рипол классик', 1600, 0, 19, 5, '', 0, 0),
(442, ': 978-5-00057-500-0', 1, 'Как разговаривать с кем угодноМарк Роудз. МИФ', '', 'Марк Роудз', 'МИФ', 4820, 0, 19, 5, '', 0, 0),
(443, '978-985-15-0492-9', 1, 'Как создать тёплые отношения с детьми, Л. Пэм. Попурри', '', 'Лео Пэм', 'ПОпурри', 500, 0, 19, 5, '', 0, 0),
(444, '', 1, 'Как создать тёплые отношения с детьми, П. Лео. Попурри', '', '', 'Попурри', 500, 0, 19, 5, '', 0, 0),
(445, ' 978-985-15-1404-1', 1, 'Как стать богатым за 1 год, Н. Хилл. Попурри', '', 'Наполеон Хилл', 'ПОпурри', 1000, 0, 19, 5, '', 0, 0),
(446, '978-985-15-2444-6', 1, 'Как стать мастером общения и публичных выступлений, Д. Карнеги. Попурри', '', 'Дейл Карнеги', 'ПОпурри', 1700, 0, 19, 5, '', 0, 0),
(447, '978-985--15-1926-8', 1, 'Как стать счастливым, Д. Карнеги. Попурри', '', 'Дэйл Карнеги', 'ПОпурри', 1200, 0, 19, 5, '', 0, 0),
(448, ' 978-5-699-72943-2', 1, 'Как стать счастливым, Ив-А. Тальманн. Эксмо', '', 'Ив-Александр Тальманн', 'Эксмо', 1200, 0, 19, 5, '', 0, 0),
(449, '978-985-15-2120-9', 1, 'Как стать эффективным лидером, Д. Карнеги. Попурри', '', 'Дейл Карнеги', 'ПОпурри', 1100, 0, 19, 5, '', 0, 0),
(450, '978-5-9614-1986-3', 1, 'Как усилить свою силу? Коучинг. М. Мелия. Альпина', '', 'Марина Мелия', 'Альпина', 5400, 0, 19, 5, '', 0, 0),
(451, '978-5-91657-490-6', 1, 'Как я стал боссом. История случайной карьеры в международной корпорации, Д. Новак. МИФ', '', 'Дэвид Новак', 'МИФ', 3500, 0, 19, 5, '', 0, 0),
(452, '#VALUE!', 1, 'Календарь. Мечта и крылья, С. Буксиков', '', 'Серик Буксиков', 'Прочее', 6000, 0, 19, 5, '', 0, 0),
(453, ' 978-5-91657-492-0', 1, 'Камасутра для оратора, Р. Гандапас. МИФ', '', 'Радислав Гандапас', 'МИФ', 3200, 0, 19, 5, '', 0, 0),
(454, '', 1, 'Карл Маркс. Капитал. 10 книг изменивших мир,  Ф. Вин. АСТ', '', '', 'АСТ', 1125, 0, 19, 5, '', 0, 0),
(455, '985-15-0619-0', 1, 'Карта вашей жизни, Б. Мейн; С. Мейн. Попурри', '', 'Брайн и Санджита Мейн', 'Попурри', 1000, 0, 19, 5, '', 0, 0),
(456, '978-985-15-1270-2', 1, 'Квадрант денежного потока, Р. Кийосаки. Попурри', '', 'Роберт Кийосаки', 'ПОпурри', 2100, 0, 19, 5, '', 0, 0),
(457, ' 978-985-15-2252-7', 1, 'Квантовый воин: сознание будущего, Дж. Кехо. Попурри', '', 'Джон Кехо', 'ПОпурри', 2100, 0, 19, 5, '', 0, 0),
(458, '978-985-483-136-1', 1, 'Киты: выше и лучше, или уроки мотивации, вдохновения и определения целей, К. Бланшар. Попурри', '', 'Кеннет Бланшар', 'ПОпурри', 700, 0, 19, 5, '', 0, 0),
(459, '#VALUE!', 1, 'Клиентогенерация, Б. Кэрролл.Сила ума- паблишер', '', 'Не написано', 'Не написано', 6200, 0, 19, 5, '', 0, 0),
(460, '978-5-91657-181-3', 1, 'Клиенты на всю жизнь, К. Сьюэлл. МИФ', '', 'Карл Сьюэлл', 'МИФ', 4820, 0, 19, 5, '', 0, 0),
(461, ' 978-985-15-0705-0', 1, 'Ключи к богатству, Н. Хилл. Попурри', '', 'Наполеон Хилл', 'ПОпурри', 1300, 0, 19, 5, '', 0, 0),
(462, '978-985-15-1732-5', 1, 'Ключи к успеху, Дж. Рон. Попурри', '', 'Джим Рон', 'ПОпурри', 900, 0, 19, 5, '', 0, 0),
(463, '978-985-15-1126-2', 1, 'Книга о власти над собой, Э. Роббинс. Попурри', '', 'Энтони Роббинс', 'ПОпурри', 3300, 0, 19, 5, '', 0, 0),
(464, ' 978-985-15-0350-2', 1, 'Книга счастья, Х. Саммерс; Э. Уотсон. Попурри', '', 'Хизер Саммерс и Энн Уотсон', 'ПОпурри', 1200, 0, 19, 5, '', 0, 0),
(465, ' 978-985-15-0403-5', 1, 'Книга удачи, Х. Саммерс; Э. Уотсон. Попурри', '', 'Хизер Саммерс и Энн Уотсон', 'ПОпурри', 900, 0, 19, 5, '', 0, 0),
(466, '978-5-17-086560-4', 1, 'Книга Успеха, Р. Шарма. АСТ', '', 'Робин Шарма', 'АСТ', 1300, 0, 19, 5, '', 0, 0),
(467, '978-5-17-066976-9', 1, 'Код таланта, Д. Койл. АСТ', '', 'Дэниел Койл', 'АСТ', 1100, 0, 19, 5, '', 0, 0),
(468, '#VALUE!', 1, 'Кожаные блокноты', '', '', 'Прочее', 16000, 0, 19, 5, '', 0, 0),
(469, '', 1, 'Кожаный блокнот', '', '', 'Прочее', 16000, 0, 19, 5, '', 0, 0),
(470, '978-966-426-083-8', 1, 'Команда 101, Дж. Максвелл. Попурри', '', 'Джон Максвелл', 'ПОпурри', 700, 0, 19, 5, '', 0, 0),
(471, '978-5-91949-002-9', 1, 'Комаровский (Дневничок), Е. Комаровский. Эксмо', '', 'Е.О.Комаровский', 'Эксмо', 2200, 0, 19, 5, '', 0, 0),
(472, '978-5-904684-01-3', 1, 'Комаровский (Здоровье ребенка и здравый смысл его родственников), Е.Комаровский. Эксмо', '', 'Е.О.Комаровский ', 'Эксмо', 5100, 0, 19, 5, '', 0, 0),
(473, '978-5-85597-111-8', 1, 'Комаровский (Книга от кашля), Е. Комаровский. Эксмо', '', 'Е.О.Комаровский', 'Эксмо', 900, 0, 19, 5, '', 0, 0),
(474, '978-5-85597-113-2', 1, 'Комаровский (Книга от насморка), Е. Комаровский. Эксмо', '', 'Е.О.Комаровский', 'Эксмо', 1700, 0, 19, 5, '', 0, 0),
(475, '978-5-85597-113-2', 1, 'Комаровский (Книга от температуры), Е. Комаровский. Эксмо', '', 'Е.О.Комаровский', 'Эксмо', 1700, 0, 19, 5, '', 0, 0),
(476, '978-5-91949-006-7', 1, 'Комаровский (Лекарства), Е.Комаровский. Эксмо', '', 'Е.О.Комаровский', 'Эксмо', 4700, 0, 19, 5, '', 0, 0),
(477, '978-5-91949-006-7', 1, 'Комаровский (Лекарственные средства в педиатрии), Е. Комаровский. Эксмо', '', 'Е.О.Комаровский', 'Эксмо', 2900, 0, 19, 5, '', 0, 0),
(478, '978-5-904684-03-7', 1, 'Комаровский (ОРЗ), Е. Комаровский. Эксмо', '', 'Е.О.Комаровский', 'Эксмо', 3100, 0, 19, 5, '', 0, 0),
(479, ' 978-5-85597-123-1', 1, 'Комаровский (Справочник здравомыслящих родителей), Е. Комаровский. Эксмо', '', 'Е.О.Комаровский', 'Эксмо', 2600, 0, 19, 5, '', 0, 0);
INSERT INTO `goods` (`good_id`, `code`, `valid`, `name`, `description`, `author`, `publisher`, `price`, `net_price`, `cat_id`, `comp_id`, `pic_url`, `bonus`, `discount`) VALUES
(480, ' 978-5-98697-123-0', 1, 'Комаровский(начало жизни), Е. Комаровский. Эксмо', '', 'Е.О.Комаровский', 'Эксмо', 2000, 0, 19, 5, '', 0, 0),
(481, '978-5-91657-986-4', 1, 'Комплект "Ключевые навыки". МИФ', '', 'МИФ', 'МИФ', 6500, 0, 19, 5, '', 0, 0),
(482, '978-5-91657-991-8', 1, 'Комплект "Лучшая практика по стратегии". МИФ', '', 'МИФ', 'МИФ', 6500, 0, 19, 5, '', 0, 0),
(483, ' 978-5-91657-112-7', 1, 'Конец маркетинга, каким мы его знаем, С. Займан. МИФ', '', 'Серхио Займан', 'МИФ', 2900, 0, 19, 5, '', 0, 0),
(484, '#VALUE!', 1, 'Контент', '', '', 'Прочее', 7400, 0, 19, 5, '', 0, 0),
(485, '978-5-91657-862-1', 1, 'Контент, маркетинг и рок-н-ролл, Д. Каплунов. МИФ', '', 'Денис Каплунов ', 'МИФ', 3100, 0, 19, 5, '', 0, 0),
(486, '978-5-91657-620-7', 1, 'Контент-маркетинг. Новые методы привлечения клиентов в эпоху Интернета, М. Стелзнер. МИФ', '', 'Майкл Стелзнер', 'МИФ', 3200, 0, 19, 5, '', 0, 0),
(487, ' 978-5-00057-243-6', 1, 'Короче, Дж.Маккормак. МИФ', '', 'Джозеф Маккормак', 'МИФ', 4800, 0, 19, 5, '', 0, 0),
(488, '', 1, 'Корпоративный менеджмент, И. Мазур. Омега-Л', '', '', 'Прочее', 3800, 0, 19, 5, '', 0, 0),
(489, '978-5-9614-1380-9', 1, 'Корпоративный тайм-менеджмент (большая), Г. Архангельский. Альпина', '', 'Глеб Архангельский', 'Альпина', 3800, 0, 19, 5, '', 0, 0),
(490, '#VALUE!', 1, 'Корпоративный тайм-менеджмент, Г.Архангельский. Альпина', '', 'Глеб Архангельский', 'Альпина', 1800, 0, 19, 5, '', 0, 0),
(491, ' 978-985-15-0938-2', 1, 'Креативный капитализм, М. Кинсли. Попурри', '', 'Майкл Кинсли', 'ПОпурри', 2000, 0, 19, 5, '', 0, 0),
(492, '978-5-00057-463-8', 1, 'Кризис - это возможность, С. Стейнберг. МИФ', '', 'Скотт Стейнберг', 'МИФ', 3200, 0, 19, 5, '', 0, 0),
(493, '978-985-15-1959-6', 1, 'Критическая цепь, Э. Голдратт. ТОС Центр', '', 'Элияху Голдратт', 'ТОС Центр', 3000, 0, 19, 5, '', 0, 0),
(494, ' 978-5-9614-0602-3', 1, 'Критический момент! 21 способ победить кризис, Б. Трейси. Альпина', '', 'Брайн Трейси', 'Альпина', 1600, 0, 19, 5, '', 0, 0),
(495, '#VALUE!', 1, 'Кроличья Нора (мг), У.Арнтц; Б. Чейс; М. Висенте. Эксмо', '', 'Уильям Арнтц,Бетси Чейс,Марк Висенте', 'Эксмо', 750, 0, 19, 5, '', 0, 0),
(496, '978-5-699-44767-1', 1, 'Кроличья Нора (тв), У. Арнтц; Б. Чейс; М. Висенте. Эксмо', '', 'Уильям Арнтц,Бетси Чейс,Марк Висенте', 'Эксмо', 2200, 0, 19, 5, '', 0, 0),
(497, '978-5-17-083484-6', 1, 'Кто заплачет,когда ты умрешь?, Р. Шарма. АСТ', '', 'Робин Шарма', 'АСТ', 1700, 0, 19, 5, '', 0, 0),
(498, '978-985-15-0959-7', 1, 'Курс на успех, Дж. Максвелл. Попурри', '', 'Джон Максвелл', 'ПОпурри', 900, 0, 19, 5, '', 0, 0),
(499, '978-985-483-135-3', 1, 'Латайте бреши!, К. Бланшар. Попурри', '', 'Кеннет Бланшар', 'ПОпурри', 700, 0, 19, 5, '', 0, 0),
(500, ' 978-985-15-1175-0', 1, 'Лёгкая учёба, Р. Линксман. Попурри', '', 'Рики Линксман', 'ПОпурри', 600, 0, 19, 5, '', 0, 0),
(501, ' 978-5-91657-573-6', 1, 'Легкий способ перестать откладывать дела на потом, Н. Фьоре. МИФ', '', 'Нейл Фьоре', 'МИФ', 3600, 0, 19, 5, '', 0, 0),
(502, '978-5-17-085541-4', 1, 'Лидер без титула, Р. Шарма. АСТ', '', 'Робин Шарма', 'АСТ', 1710, 0, 19, 5, '', 0, 0),
(503, ' 978-5-91657-424-1', 1, 'Лидер есть в каждом, С. Годин. Альпина', '', 'Сет Годин ', 'Альпина', 2800, 0, 19, 5, '', 0, 0),
(504, '978-985-483-717-3', 1, 'Лидерство 101, Дж. Максвелл. Попурри', '', 'Джон Максвелл', 'ПОпурри', 800, 0, 19, 5, '', 0, 0),
(505, '978-985-483-782-3', 1, 'Лидерство, Дж. Максвелл. Попурри', '', 'Джон Максвелл', 'ПОпурри', 3900, 0, 19, 5, '', 0, 0),
(506, '978-5-00057-534-5', 1, 'Личное развитие, Т. Бен-Шахар. МИФ', '', 'Бен-Шахар Т.', 'МИФ', 3200, 0, 19, 5, '', 0, 0),
(507, '978-985-15-0537-7', 1, 'Личность лидера (тв), Б. Трейси. Попурри', '', 'Брайн Трейси', 'ПОпурри', 900, 0, 19, 5, '', 0, 0),
(508, '978-985-483-142-6', 1, 'Ловись рыбка!, С. Лундин. Попурри', '', 'Стивен Лундин', 'ПОпурри', 800, 0, 19, 5, '', 0, 0),
(509, '978-0-385-51905-2', 1, 'Лучший из лучших, М. Сэнборн. Попурри', '', 'Марк Сэнборн', 'ПОпурри', 1300, 0, 19, 5, '', 0, 0),
(510, ' 978-985-15-1804-9', 1, 'Магическая лестница к успеху, Н. Хилл. Попурри', '', 'Наполеон Хилл', 'ПОпурри', 1100, 0, 19, 5, '', 0, 0),
(511, '', 1, 'Магия PIXAR, Д. Прайс. МИФ', '', '', 'МИФ', 3400, 0, 19, 5, '', 0, 0),
(512, '978-985-15-0839-2', 1, 'Магнит для счастья, или как притягивать в свою жизнь чудеса, У. Шэрон . Попурри', '', 'Уоррен Шэрон ', 'ПОпурри', 2400, 0, 19, 5, '', 0, 0),
(513, '978-5-91657-429-6', 1, 'Манифест лидера, Г. Хэмел. МИФ', '', 'Гэри Хэмел', 'МИФ', 4500, 0, 19, 5, '', 0, 0),
(514, ' 978-5-91657-473-9', 1, 'Маркетинг 3.0. От продуктов к потребителям и далее – к человеческой душе, Ф. Котлер. Альпина', '', 'Филип Котлер', 'Альпина', 2900, 0, 19, 5, '', 0, 0),
(515, '978-5-00057-469-0', 1, 'Маркетинг без бюджета, И. Манн. МИФ', '', 'Игорь Манн', 'МИФ', 7700, 0, 19, 5, '', 0, 0),
(516, '978-5-00057-464-5', 1, 'Маркетинг без диплома, Дж. Янч. МИФ', '', 'Джон Янч', 'МИФ', 3000, 0, 19, 5, '', 0, 0),
(517, ' 978-5-91657-869-0', 1, 'Маркетинг в социальных сетях, Д. Халилов. МИФ', '', 'Дамир Халилов ', 'МИФ', 4200, 0, 19, 5, '', 0, 0),
(518, '978-5-91657-199-8', 1, 'Маркетинг за МКАДом, или Исповедь маркетолога, С. Разуваев. МИФ', '', 'Сергей Разуваев', 'МИФ', 2800, 0, 19, 5, '', 0, 0),
(519, ' 978-5-91657-718-1', 1, 'Маркетинг на 100%, И. Манн. МИФ', '', 'Игорь Манн', 'МИФ', 3500, 0, 19, 5, '', 0, 0),
(520, ' 978-5-91657-692-4', 1, 'Маркетинговая машина, И. Манн; А. Турусина. МИФ', '', 'Игорь Манн и Анна Турусина', 'МИФ', 3400, 0, 19, 5, '', 0, 0),
(521, '978-985-152-403-3', 1, 'Мега-жизнь, Р. Шарма. Попурри', '', 'Робин Шарма', 'ПОпурри', 1200, 0, 19, 5, '', 0, 0),
(522, '978-985-15-0669-5', 1, 'Мега-мозг, Ч. Филлипс. Эксмо', '', 'Чарльз Филлипс', 'Эксмо', 2200, 0, 19, 5, '', 0, 0),
(523, ' 978-5-699-70407-1', 1, 'Менеджер 80/20, Р.  Кох. Эксмо', '', 'Ричард Кох', 'Эксмо', 3000, 0, 19, 5, '', 0, 0),
(524, '', 1, 'Менеджмент. Вызовы 21 века. Классика менеджмента, П. Друкер. МИФ', '', '', 'МИФ', 3900, 0, 19, 5, '', 0, 0),
(525, ' 978-5-91657-322-0', 1, 'Ментальные ловушки, М. Гоулстон. МИФ', '', 'Марк Гоулстон', 'МИФ', 4000, 0, 19, 5, '', 0, 0),
(526, '', 1, 'Метод тыквы, М. Микаловиц. МИФ', '', '', 'МИФ', 3600, 0, 19, 5, '', 0, 0),
(527, '', 1, 'Мечтай,создавай,изменяй!, С. Лейси. МИФ', '', '', 'МИФ', 3400, 0, 19, 5, '', 0, 0),
(528, ' 978-5-91657-361-9', 1, 'Миллиардер из Кремниевой долины, П. Аллен. Альпина', '', 'Пол Аллен', 'Альпина', 4000, 0, 19, 5, '', 0, 0),
(529, ' 978-5-91657-602-3', 1, 'Миллионер без диплома, М. Эллсберг. МИФ', '', 'Майкл Эллсберг', 'МИФ', 3600, 0, 19, 5, '', 0, 0),
(530, '978-985-15-1864-3', 1, 'Миссия: Успех, О.Мандино. Попурри', '', 'Ог Мандино', 'ПОпурри', 1200, 0, 19, 5, '', 0, 0),
(531, '978-5-91657-874-4', 1, 'Мифы экономики, С. Гуриев. МИФ', '', 'Сергей Гуриев', 'МИФ', 3000, 0, 19, 5, '', 0, 0),
(532, '978-5-699-57296-0', 1, 'Мозг и душа, Д. Дж. Амен. Эксмо', '', 'Дэниэл Амен', 'Эксмо', 2000, 0, 19, 5, '', 0, 0),
(533, ' 978-5-699-55365-5', 1, 'Мозг против лишнего веса, Д. Дж.Амен. Эксмо', '', 'Дэниэл Амен', 'Эксмо', 2200, 0, 19, 5, '', 0, 0),
(534, '978-5-9614-4744-6', 1, 'Мозг. Инструкция по применению, Д. Рок. Альпина', '', 'Дэвид Рок', 'Альпина', 2400, 0, 19, 5, '', 0, 0),
(535, '978-5-699-59754-3', 1, 'Мозг: от хорошего к превосходному, Д. Дж. Амен, Эксмо', '', 'Дэниэл Амен', 'Эксмо', 2000, 0, 19, 5, '', 0, 0),
(536, '', 1, 'Мой первый бизнес, Дж. Каан. МИФ', '', '', 'МИФ', 3800, 0, 19, 5, '', 0, 0),
(537, '978-985-15-1495-9', 1, 'Момент лидерства, М. Юсим. Попурри', '', 'Майкл Юсим', 'ПОпурри', 1500, 0, 19, 5, '', 0, 0),
(538, '978-5-17-082788-6', 1, 'Монах,который продал свой Феррари, Р. Шарма. АСТ', '', 'Робин Шарма', 'АСТ', 1100, 0, 19, 5, '', 0, 0),
(539, '978-5-17-082787-9', 1, 'Монах,который продал свой Феррари (подарочная), Р. Шарма. АСТ', '', 'Робин Шарма', 'АСТ', 1710, 0, 19, 5, '', 0, 0),
(540, '', 1, 'Мотивация в стиле экшн, К. Клаус. Альпина', '', '', 'Альпина', 1500, 0, 19, 5, '', 0, 0),
(541, ' 978-985-15-1339-6', 1, 'Мотивация решает всё, Дж. Максвелл. Попурри', '', 'Джон Максвелл', 'ПОпурри', 1100, 0, 19, 5, '', 0, 0),
(542, '978-985-15-2024-0', 1, 'Моя жизнь, мои достижения, Г. Форд. Попурри', '', 'Генри Форд', 'ПОпурри', 1200, 0, 19, 5, '', 0, 0),
(543, '', 1, 'Муза и чудовище. Как организовать творческий труд, Я. Франк. МИФ', '', '', 'МИФ', 4000, 0, 19, 5, '', 0, 0),
(544, '978-5-91657-612-2', 1, 'Муза и чудовище: как организовать творческий труд, Ф. Яна. МИФ', '', 'Франк Яна', 'МИФ', 4000, 0, 19, 5, '', 0, 0),
(545, '978-5-91657-796-9', 1, 'Мысли по-крупному  и  не тормози, Д. Трамп. МИФ', '', 'Дональд Трамп', 'МИФ', 3100, 0, 19, 5, '', 0, 0),
(546, '985-483-445-X', 1, 'Мыслить как гений, Т. Сайлер. Попурри', '', 'Тодд Сайлер', 'ПОпурри', 1400, 0, 19, 5, '', 0, 0),
(547, '978-985-15-1860-5', 1, 'Мышление наоборот, У. Дониус. Попурри', '', 'Уильям Дониус', 'ПОпурри', 900, 0, 19, 5, '', 0, 0),
(548, ' 978-0-7852-1403-8', 1, 'На одном таланте далеко не уедешь, или Как себя раскрутить, Дж. Максвелл. Попурри', '', 'Джон Максвелл', 'Попурри', 1900, 0, 19, 5, '', 0, 0),
(549, ' 978-5-91657-371-8', 1, 'Найди свой путь к богатству, Н. Хилл. Альпина', '', 'Наполеон Хилл', 'Альпина', 3100, 0, 19, 5, '', 0, 0),
(550, ' 978-985-15-1047-0', 1, 'Налаженные связи, Т. Сингер. Попурри', '', 'Том Сингер', 'ПОпурри', 1100, 0, 19, 5, '', 0, 0),
(551, ' 978-985-15-0668-8', 1, 'Наставничество 101, Дж. Максвелл. Попурри', '', 'Джон Максвелл', 'ПОпурри', 900, 0, 19, 5, '', 0, 0),
(552, '#VALUE!', 1, 'Научи свой мозг работать, М. Макдональд. Эксмо', '', 'Мэтью Макдональд', 'Эксмо', 1700, 0, 19, 5, '', 0, 0),
(553, '978-985-15-0626-8', 1, 'Научиться быть счасливым, Т. Бен-Шахар. Попурри', '', 'Тал Бен-Шахар', 'ПОпурри', 1200, 0, 19, 5, '', 0, 0),
(554, '978-985-15-2039-4', 1, 'Начинаю новую жизнь!, Р. Холден. Попурри', '', 'Роберт Холден', 'ПОпурри', 1300, 0, 19, 5, '', 0, 0),
(555, '978-985-483-892-2', 1, 'Не в деньгах счастье, Г. Двоскин; Л. Левенсон. Попурри', '', 'Гейл Двоскин,Лестер Левенсон', 'ПОпурри', 1600, 0, 19, 5, '', 0, 0),
(556, '', 1, 'Не стать заложником: Сохранить самообладание и убедить оппонента (1-изд),  Дж. Колризер. МИФ; Юнайтед паблишер', '', '', 'Юнайтед паблишер', 2900, 0, 19, 5, '', 0, 0),
(557, '', 1, 'Не стать заложником: Сохранить самообладание и убедить оппонента (2-изд),  Дж. Колризер. МИФ; Юнайтед паблишер', '', '', 'Юнайтед паблишер', 2900, 0, 19, 5, '', 0, 0),
(558, '978-985-15-1805-6', 1, 'Нейромаркетинг. Как влиять на подсознание потребителя, Р. Дули. Попурри', '', 'Роджер Дули', 'ПОпурри', 2000, 0, 19, 5, '', 0, 0),
(559, '978-5-91949-001-2', 1, 'Неотложная помощь всегда под рукой, Е. Комаровский. Эксмо', '', 'Е.О.Комаровский ', 'Эксмо', 3600, 0, 19, 5, '', 0, 0),
(560, '978-500057-030-2', 1, 'Несмотря ни на что, М. Макгиннесс. МИФ', '', 'Марк Макгиннесс', 'МИФ', 4100, 0, 19, 5, '', 0, 0),
(561, '978-985-15-2216-9', 1, 'Нет оправданий!, Б. Трейси. Попурри', '', 'Брайн Трейси', 'ПОпурри', 2000, 0, 19, 5, '', 0, 0),
(562, '978-985-483-207-4', 1, 'Нет такого понятия как деловая этика, Дж. Максвелл. Попурри', '', 'Джон Максвелл', 'ПОпурри', 700, 0, 19, 5, '', 0, 0),
(563, '', 1, 'Нетворкинг для интровентов, Д. Зак. МИФ', '', '', 'МИФ', 2700, 0, 19, 5, '', 0, 0),
(564, '978-500057-030-2', 1, 'Неудержимые, Б. Шлей. МИФ', '', 'Билл Шлей', 'МИФ', 2500, 0, 19, 5, '', 0, 0),
(565, '978-5-91657-681-8', 1, 'Никогда не ешьте в одиночку и другие правила нетворкинга, К. Феррацци. МИФ', '', 'Кейт Феррацци', 'МИФ', 3800, 0, 19, 5, '', 0, 0),
(566, ' 978-985-483-771-8', 1, 'Никогда не ешьте в одиночку и другие секреты успеха, К. Феррацци. Попурри', '', 'Кейт Феррацци', 'ПОпурри', 1600, 0, 19, 5, '', 0, 0),
(567, '978-985-483-727-0', 1, 'Никогда не поздно, Г. Эбби. Попурри', '', '', 'ПОпурри', 800, 0, 19, 5, '', 0, 0),
(568, '', 1, 'Никогда не сдавайся! Как самые большие трудности обернулись для меня успехом, Д. Трамп. Юнайтед Пресс', '', '', 'Юнайтед Пресс', 2600, 0, 19, 5, '', 0, 0),
(569, '', 1, 'Ничего лишнего. Философия ведения бизнеса от СЕО Gillette, Дж. Кейлтс. МИФ', '', '', 'МИФ', 2100, 0, 19, 5, '', 0, 0),
(570, '978-985-15-0026-6', 1, 'Новая баффетология, М. Баффет. Попурри', '', 'Мэри Баффет', 'ПОпурри', 2000, 0, 19, 5, '', 0, 0),
(571, '978-985-15-2174-2', 1, 'Новый менеджер по продажам, Б. Трейси; Ф. Шеелен. Попурри', '', 'Брайан Трейси', 'ПОпурри', 2200, 0, 19, 5, '', 0, 0),
(572, ' 978-5-699-11872-4', 1, 'Новый язык телодвижений,  А.Пиз. Эксмо', '', 'Аллан Пиз', 'Эксмо', 2500, 0, 19, 5, '', 0, 0),
(573, '978-5-00057-084-5', 1, 'Номер 1, И. Манн. МИФ', '', 'Игорь Манн', 'МИФ', 5200, 0, 19, 5, '', 0, 0),
(574, '', 1, 'Обнаженный бизнес, Р. Брэнсон. Эксмо', '', '', 'Эксмо', 3400, 0, 19, 5, '', 0, 0),
(575, '', 1, 'Обнимите своих клиентов, Дж.Митчелл. МИФ', '', '', 'МИФ', 3400, 0, 19, 5, '', 0, 0),
(576, '978-5-00057-018-0', 1, 'Обнимите своих сотрудников, Дж. Митчелл. МИФ', '', 'Джек Митчелл', 'МИФ', 3400, 0, 19, 5, '', 0, 0),
(577, '', 1, 'Образование против таланта, К. Робинсон. МИФ', '', '', 'МИФ', 2900, 0, 19, 5, '', 0, 0),
(578, '', 1, 'Образы организации, Г. Морган. МИФ', '', '', 'МИФ', 5800, 0, 19, 5, '', 0, 0),
(579, ' 978-985-483-973-8', 1, 'Обретение могущества и славы, Дж. Кехо. Попурри', '', 'Джон Кехо', 'ПОпурри', 1000, 0, 19, 5, '', 0, 0),
(580, '978-985-483-299-6', 1, 'Обученный миллионером, С. Скотт. Попурри', '', 'Стивен Скотт', 'ПОпурри', 1000, 0, 19, 5, '', 0, 0),
(581, '978-5-17-069682-6', 1, 'Общаться с подростком. Как ?, Ю. Лемеш. АСТ', '', 'Юлия Лемеш', 'АСТрель СПб', 800, 0, 19, 5, '', 0, 0),
(582, '978-5-17-083831-8', 1, 'Общаться с ребёнком. Как ? (+CD ), Ю.Гиппенрейтер. АСТ', '', 'Ю.Б.Гиппенрейтер', 'АСТ', 1500, 0, 19, 5, '', 0, 0),
(583, '978-5-17-082967-5', 1, 'Общаться с ребёнком. Как ?, Ю. Гиппенрейтер. АСТ', '', 'Ю.Б.Гиппенрейтер', 'АСТ', 2500, 0, 19, 5, '', 0, 0),
(584, ' 978-985-15-1050-0', 1, 'Обыграть по честному: Бизнес в стиле Fair Play, К. Бланшар. Попурри', '', 'Кеннет Бланшар', 'ПОпурри', 600, 0, 19, 5, '', 0, 0),
(585, '', 1, 'Одержимость, или Переворот в сфере коммуникаций GE, Б. Лейн. МИФ', '', '', 'МИФ', 2500, 0, 19, 5, '', 0, 0),
(586, '', 1, 'Одураченные случайностью. О скрытой роли шанса в бизнесе и в жизни, Н. Талеб. МИФ', '', '', 'МИФ', 4500, 0, 19, 5, '', 0, 0),
(587, '', 1, 'Оздоровления бизнеса.  Harvard Business Review, переводчик И. Ларионова. Юнайтед Пресс', '', '', 'Юнайтед Пресс', 1800, 0, 19, 5, '', 0, 0),
(588, '978-5-9614-4786-6', 1, 'Опережающее мышление. Как увидеть новый тренд раньше других, Дж. Баркер. Альпина', '', 'Джоэл Баркер', 'Альпина', 2400, 0, 19, 5, '', 0, 0),
(589, '978-985-483-888-9', 1, 'Опыт голого лидера, Д. Тэйлор. Попурри', '', 'Дэвид Тэйлор', 'ПОпурри', 1700, 0, 19, 5, '', 0, 0),
(590, '978-985-438-677-0', 1, 'Осмельтесь преуспеть, Дж. Кэнфилд. Попурри', '', 'Кэнфилд Дж.', 'ПОпурри', 900, 0, 19, 5, '', 0, 0),
(591, ' 978-5-91657-340-4', 1, 'Оставь свой след. Как построить компанию, которая меняет мир к лучшему, Б. Майкоски. МИФ', '', 'Блейк Майкоски', 'МИФ', 4000, 0, 19, 5, '', 0, 0),
(592, '', 1, 'Оставьте брезгливость - съешьте лягушку (диск), Б.Трейси', '', 'аудио-консалт', 'ПОпурри', 2050, 0, 19, 5, '', 0, 0),
(593, '978-500057-060-9', 1, 'От 800 метров до марафона, Дж.Дэниелс. МИФ', '', 'Джек Дэниелс', 'МИФ', 4200, 0, 19, 5, '', 0, 0),
(594, ' 978-985-15-1558-1', 1, 'От неудачника до успешного бизнесмена, Ф. Беттджер. Попурри', '', 'Фрэнк Беттджер', 'ПОпурри', 800, 0, 19, 5, '', 0, 0),
(595, '978-5-91657-583-5', 1, 'От хорошего к великому, Дж. Коллинз. МИФ', '', 'Джим Коллинз', 'МИФ', 6200, 0, 19, 5, '', 0, 0),
(596, '', 1, 'Отдел продаж под ключ, С. Капустин; Д. Крутов. МИФ', '', '', 'МИФ', 3300, 0, 19, 5, '', 0, 0),
(597, '', 1, 'Отзывчивый Веб-Дизайн, И. Маркотт. МИФ', '', '', 'МИФ', 4400, 0, 19, 5, '', 0, 0),
(598, '975-985-483-065-9', 1, 'Откройте в себе гения, М. Гелб. Попурри', '', 'Майкл Гелб', 'ПОпурри', 1300, 0, 19, 5, '', 0, 0),
(599, '978-985-15-0596-4', 1, 'Откуда берутся идеи, Дж. Фостер. Попурри', '', 'Джек Фостер', 'ПОпурри', 1500, 0, 19, 5, '', 0, 0),
(600, '978-985-15-0093-8', 1, 'Отношение 101, Дж. Максвелл. Попурри', '', 'Джон Максвелл', 'ПОпурри', 1000, 0, 19, 5, '', 0, 0),
(601, '', 1, 'Отношение определяет результат, Д. Сайдман. МИФ', '', 'Д. Сайдман', 'МИФ', 4500, 0, 19, 5, '', 0, 0),
(602, '', 1, 'Парадигмы мышления, Дж. Баркер. Альпина', '', '', 'Альпина', 1200, 0, 19, 5, '', 0, 0),
(603, ' 978-5-91657-754-9', 1, 'Парадокс перфекциониста, Т. Бен-Шахар. МИФ', '', 'Тал Бен-Шахар', 'МИФ', 3600, 0, 19, 5, '', 0, 0),
(604, '978-985-15-1520-8', 1, 'Парите вместе с орлами, Б. Ньюмен. Попурри', '', 'Билл Ньюмен', 'ПОпурри', 900, 0, 19, 5, '', 0, 0),
(605, ' 978-5-91657-530-9', 1, 'Партизанские маркетинговые исследования, Р. Каден. МИФ', '', 'Роберт Каден', 'МИФ', 3700, 0, 19, 5, '', 0, 0),
(606, ' 978-5-91657-628-3', 1, 'Партизанский маркетинг. Простые способы получения больших прибылей при малых затратах, Дж.Конрад Левинсон. МИФ', '', 'Джей Конрад Левинсон', 'МИФ', 4600, 0, 19, 5, '', 0, 0),
(607, ' 978-5-91657-651-1', 1, 'Первые 90 дней, М. Уоткинс. МИФ', '', 'Майкл Уоткинс', 'МИФ', 3000, 0, 19, 5, '', 0, 0),
(608, '978-1-74166-720-2', 1, 'Переворот в сознании равно переворот в бизнесе, П.Шихан. Попурри', '', 'Питер Шихан', 'ПОпурри', 1200, 0, 19, 5, '', 0, 0),
(609, '', 1, 'Переговоры без поражения. Гарвардский метод. Р. Фишер; У. Юри; Б. Паттон. МИФ', '', '', 'МИФ', 3300, 0, 19, 5, '', 0, 0),
(610, '', 1, 'Передовые подходы к стратегии бизнеса. Harvard Business Review, переводчик И. Минервин. Юнайтед Пресс', '', '', 'Юнайтед Пресс', 1800, 0, 19, 5, '', 0, 0),
(611, '', 1, 'Перезагрузка, Дж. Лоэр. МИФ', '', '', 'МИФ', 2450, 0, 19, 5, '', 0, 0),
(612, '', 1, 'Письма Баффета: полный путеводитель, Л. Риттенхаус. МИФ', '', '', 'МИФ', 3200, 0, 19, 5, '', 0, 0),
(613, '978-985-438-085-3', 1, 'План достижения успеха, Н. Хилл. Попурри', '', 'Наполеон Хилл', 'ПОпурри', 1100, 0, 19, 5, '', 0, 0),
(614, '978-5-699-41441-3', 1, 'Пластичность мозга. Н. Дойдж. Эксмо', '', 'Норман Дойдж', 'Эксмо', 1450, 0, 19, 5, '', 0, 0),
(615, '978-5-00057-473-7', 1, 'По рекомендации, Дж. Янч. МИФ', '', 'Джон Янч', 'МИФ', 3200, 0, 19, 5, '', 0, 0),
(616, '', 1, 'По рекомендации. Бизнес, который продвигает себя сам, Дж. Янч. МИФ', '', '', 'МИФ', 3200, 0, 19, 5, '', 0, 0),
(617, ' 978-985-15-0201-7', 1, 'Победа, Б. Трейси. Попурри', '', 'Брайн Трейси', 'Попурри', 2000, 0, 19, 5, '', 0, 0),
(618, '#VALUE!', 1, 'Подарочный сертификат Ummastore.kz', '', 'Ummastore.kz', 'Ummastore.kz', 10000, 0, 19, 5, '', 0, 0),
(619, '978-5-91657-962-8', 1, 'Поднимая планку, Дж. Вумек. МИФ', '', 'Джеймс Вумек', 'МИФ', 3000, 0, 19, 5, '', 0, 0),
(620, '978-985-15-2265-7', 1, 'Подсознание может всё (зел.тв.), Дж. Кехо. Попурри', '', 'Джон Кехо', 'ПОпурри', 1700, 0, 19, 5, '', 0, 0),
(621, '978-985-15-2263-3', 1, 'Подсознание может все (кр.тв.), Дж. Кехо. Попурри', '', 'Джон Кехо', 'ПОпурри', 1700, 0, 19, 5, '', 0, 0),
(622, '978-985-15-2262-6', 1, 'Подсознание может все (фио. мг.), Дж. Кехо. Попурри', '', 'Джон Кехо', 'ПОпурри', 1400, 0, 19, 5, '', 0, 0),
(623, '978-985-15-2252-3', 1, 'Подсознание может все (фио. тв.), Дж. Кехо. Попурри', '', 'Джон Кехо', 'ПОпурри', 1700, 0, 19, 5, '', 0, 0),
(624, '978-5-9614-0963-5', 1, 'Позитивные стратегии для работы и жизни, Т. Рат; Д. Клифтон. Альпина', '', 'Том Рат,Дональд Клифтон', 'Альпина', 1200, 0, 19, 5, '', 0, 0),
(625, '978-985-483-718-1', 1, 'Позиция 101, Дж. Максвелл. Попурри', '', 'Джон Максвелл', 'ПОпурри', 800, 0, 19, 5, '', 0, 0),
(626, '978-5-91657-321-3', 1, 'Полное погружение. Как плавать лучше, быстрее и легче. Т. Лафлин. МИФ', '', 'Терри  Лафлин', 'МИФ', 4400, 0, 19, 5, '', 0, 0),
(627, '978 985 15 2173 5', 1, 'Полное руководство для менеджера по продажам, Б. Трейси; Ф. Шеелен. Попурри', '', '', 'ПОпурри', 1400, 0, 19, 5, '', 0, 0),
(628, '', 1, 'Полный порядок. Понедельный план борьбы с хаосом на работе, дома и в голове, Р. Лидс. Юнайтед Пресс', '', '', 'Юнайтед Пресс', 2700, 0, 19, 5, '', 0, 0),
(629, '', 1, 'Помогите им вырасти или смотрите, как они уходят. Развитие сотрудников на практике. Б. Кей; Дж. Джулиони. МИФ', '', '', 'МИФ', 3500, 0, 19, 5, '', 0, 0),
(630, '', 1, 'Построение цепочки создания  стоимости. Harvard Business Review, К. Болдуин; К. Кларк; Юнайтед Пресс', '', '', 'Юнайтед Пресс', 1800, 0, 19, 5, '', 0, 0),
(631, '978 985 15 2173 5', 1, 'Постройте свое будущее, Б. Трейси. Попурри', '', 'Брайн Трейси', 'ПОпурри', 1500, 0, 19, 5, '', 0, 0),
(632, '978-5-91671-364-0', 1, 'Поток : психология оптимального переживания, М. Чиксентмихайи. Альпина', '', 'Михай Чиксентмихайи', 'АЛьпина', 4200, 0, 19, 5, '', 0, 0),
(633, '', 1, 'Почему мы хотим, чтобы вы были богаты (диск), Д.Трамп;Р.Кийосаки', '', 'аудио-консалт', 'ПОпурри', 1950, 0, 19, 5, '', 0, 0),
(634, '978-985-15-1441-6', 1, 'Почему мы хотим, чтобы вы были богатыми, Р. Кийосаки. Попурри', '', 'Роберт Кийосаки', 'Попурри', 1700, 0, 19, 5, '', 0, 0),
(635, '978-5-91657-531-6', 1, 'Правила Zappos, Дж.Мичелли. МИФ', '', 'Джозеф Мичелли', 'МИФ', 3400, 0, 19, 5, '', 0, 0),
(636, '', 1, 'Правила Джобса. Универсальные принципы успеха от основателя Apple, К. Галло. МИФ', '', '', 'МИФ', 3400, 0, 19, 5, '', 0, 0),
(637, '', 1, 'Правила долголетия. 9 уроков о том, как жить долго и не болеть, Т. Бюттнер. МИФ', '', '', 'МИФ', 3900, 0, 19, 5, '', 0, 0),
(638, '', 1, 'Правила прибыльных стартапов (белая обложка), В. Харниш. МИФ', '', '', 'МИФ', 3400, 0, 19, 5, '', 0, 0),
(639, '', 1, 'Правила прибыльных стартапов (черная обложка), В. Харниш. МИФ', '', '', 'МИФ', 3400, 0, 19, 5, '', 0, 0),
(640, '978-5-91657-794-5', 1, 'Правила эффективного лидерства, С. Кови. Эксмо', '', 'Стивен Кови', 'Эксмо', 3900, 0, 19, 5, '', 0, 0),
(641, ' 978-985-15-1494-2', 1, 'Практическая баффетология, М. Баффет. Попурри', '', 'Мэри Баффет', 'ПОпурри', 1200, 0, 19, 5, '', 0, 0),
(642, '978-985-15-2217-6', 1, 'Практический маркетинг, Б. Шефер. Попурри', '', 'Бодо Шефер', 'Бодо Шефер', 1200, 0, 19, 5, '', 0, 0),
(643, '', 1, 'Преврати себя в бренд!, Т. Питерс. МИФ', '', '', 'МИФ', 3500, 0, 19, 5, '', 0, 0),
(644, '', 1, 'Представьте себе! Превосходство в бизнесе в эпоху разрушений (диск), Т. Питерс', '', 'аудио-консалт', 'МИФ', 5000, 0, 19, 5, '', 0, 0),
(645, '978-5-91171-002-6', 1, 'Представьте себе! Превосходство в бизнесе в эпоху разрушений, Т. Питерс. Попурри', '', 'Том Питерс', 'BestBusinessBooks', 6700, 0, 19, 5, '', 0, 0),
(646, '', 1, 'Привлечение инвестиций в стартап, Б. Фэлд. МИФ', '', '', 'МИФ', 3400, 0, 19, 5, '', 0, 0),
(647, '', 1, 'Приводим жизнь в порядок, Д. Аллен. МИФ', '', '', 'МИФ', 3300, 0, 19, 5, '', 0, 0),
(648, '978-985-438-585-X', 1, 'Принцип - центричное руководство, С. Кови. Попурри', '', 'Стивен Кови', 'ПОпурри', 800, 0, 19, 5, '', 0, 0),
(649, '978-5-699-51703-9', 1, 'Принцип 80/20, Р. Кох. Попурри', '', 'Ричард Кох', 'Попурри', 2000, 0, 19, 5, '', 0, 0),
(650, '978-5-699-78515-5', 1, 'Принцип 80/20. Как достичь большего, с наименьшими усилиями, Р. Кох. Эксмо', '', 'Ричард Кох', 'Эксмо', 3800, 0, 19, 5, '', 0, 0),
(651, '', 1, 'Пришел, увидел, убедил. Как успешно продавать свои бизнес-идеи, С. Палмер. МИФ', '', '', 'МИФ', 3400, 0, 19, 5, '', 0, 0),
(652, '', 1, 'Проблеск гениальности. Правдивые истории изобретений, Дж. Сибрук. Юнайтед Пресс', '', '', 'Юнайтед Пресс', 2600, 0, 19, 5, '', 0, 0),
(653, '', 1, 'Пробуй - получится! Когда в последний раз вы делали что-то впервые?, С. Годин. Альпина', '', '', 'Альпина', 1900, 0, 19, 5, '', 0, 0),
(654, '978-5-91657-468-5', 1, 'Продай свою идею! Как выгодно преподнести свои идеи боссу, клиентам и другим людям, С. Харрисон. Альпина', '', 'Сэм Харрисон', 'Альпина', 4000, 0, 19, 5, '', 0, 0),
(655, '978-5-17-053537-8', 1, 'Продолжаем общаться с ребенком Так (Голубая обложка), Ю. Гиппенрейтер. АСТ', '', 'Ю.Б.Гиппенрейтер', 'АСТ', 1200, 0, 19, 5, '', 0, 0),
(656, '978-5-17-084299-5', 1, 'Продолжаем общаться с ребенком Так,  Ю.Б.Гиппенрейтер. АСТ', '', 'Ю.Б.Гиппенрейтер', 'АСТ', 1500, 0, 19, 5, '', 0, 0),
(657, '978-5-91657-192-9', 1, 'Проектирование прибыльных веб-сайтов, Л. Лавдэй. МИФ', '', 'Лэнс Лавдэй', 'МИФ', 5000, 0, 19, 5, '', 0, 0),
(658, '978-5-91657-945-1', 1, 'Прокачай себя, Дж. Норкросс; К. Лобер. МИФ', '', 'ДЖОН НОРКРОСС, КРИСТИН ЛОБЕР, ДЖОНАТОН НОРКРОСС.', 'МИФ', 4000, 0, 19, 5, '', 0, 0),
(659, '978-985-15-1890-2', 1, 'Простое лидерство, Б. Шефер. Попурри', '', 'Бодо Шефер', 'ПОпурри', 1700, 0, 19, 5, '', 0, 0),
(660, '', 1, 'Прыгни выше головы! 20 привычек, от которых нужно отказаться, чтобы покорить вершину успеха, М. Голдсмит. Олимп-Бизнес', '', '', 'Олимп-Бизнес', 4100, 0, 19, 5, '', 0, 0),
(661, '978-5-17-053015-1', 1, 'Психология внимания, Ю. Гиппенрейтер. АСТ', '', 'Ю.Б.Гиппенрейтер', 'АСТ', 3000, 0, 19, 5, '', 0, 0),
(662, '978-5-00057-478-2', 1, 'Психология вредных привычек, Р. О'' Коннор. МИФ', '', 'Ричард О"Коннор', 'МИФ', 4600, 0, 19, 5, '', 0, 0),
(663, '978-5-91657-974-1', 1, 'Психология мотивации, Х. Грант Хэлворсон,Т. Хиггинс. МИФ', '', 'Хайди Грант Хэлворсон,Тори Хиггинс', 'МИФ', 3500, 0, 19, 5, '', 0, 0),
(664, '978-985-15-2221-3', 1, 'Психология продаж, Б. Трейси. Попурри', '', 'Брайн Трейси', 'ПОпурри', 1800, 0, 19, 5, '', 0, 0),
(665, '978-985-483-783-1', 1, 'Путеводная карта успеха, Дж. Максвелл. Попурри', '', 'Джон Максвелл', 'Попурри', 1100, 0, 19, 5, '', 0, 0),
(666, '', 1, 'Путь истинного лидера, Далай-лама IV; Л. Ван де Майзенберг. МИФ', '', '', 'МИФ', 3400, 0, 19, 5, '', 0, 0),
(667, '978-985-15-0639-8', 1, 'Путь к лидерству - путь к золоту, Дж. Максвелл. Попурри', '', 'Джон Максвелл', 'Попурри', 1200, 0, 19, 5, '', 0, 0),
(668, '978-5-91657-605-4', 1, 'Путь к процветанию, М. Селигман. МИФ', '', 'Мартин Селигман', 'МИФ', 3700, 0, 19, 5, '', 0, 0),
(669, '978-985-438-928-6', 1, 'Путь к уверенной жизни, П. Норман. Попурри', '', 'Пил Норман', 'ПОпурри', 300, 0, 19, 5, '', 0, 0),
(670, '978-985-15-2026-4', 1, 'Путь к финансовой свободе, Б. Шефер. Попурри', '', 'Бодо Шефер', 'Попурри', 1900, 0, 19, 5, '', 0, 0),
(671, '978-985-483-502-2', 1, 'Путь кайзен, Р. Маурер. Попурри', '', 'Роберт Маурер', 'ПОпурри', 600, 0, 19, 5, '', 0, 0),
(672, '', 1, 'Путь торговли.Т.Ямагучи, Альпина', '', '', 'Путь торговли', 4500, 0, 19, 5, '', 0, 0),
(673, '978-5-91657-763-1', 1, 'Путь хеджера, Б. Биггс. МИФ', '', 'Бартон Биггс', 'МИФ', 5300, 0, 19, 5, '', 0, 0),
(674, '978-985-15-1091-3', 1, 'Работа- как жизнь, Дж. Максвелл. Попурри', '', 'Джон Максвелл', 'ПОпурри', 1100, 0, 19, 5, '', 0, 0),
(675, '978-5-91657-528-6', 1, 'Работай меньше, успевай больше. Программа персональной эффективности, К. Глисон. МИФ', '', 'Керри Глисон', 'МИФ', 2800, 0, 19, 5, '', 0, 0),
(676, '978-985-483-403-4', 1, 'Разбуди в себе гения, П. Портер. Попурри', '', 'Патрик Портер', 'Попурри', 900, 0, 19, 5, '', 0, 0),
(677, '978-985-15-2218-3', 1, 'Разбуди в себе исполина,  Э.Роббинс. Попурри', '', 'Роббинс Энтони ', 'Попурри', 2200, 0, 19, 5, '', 0, 0),
(678, '#VALUE!', 1, 'Раздельное питание,  Л. Дюбель. МИФ', '', 'Ли Дюбель', 'МИФ', 1200, 0, 19, 5, '', 0, 0),
(679, '978-5-00057-351-8', 1, 'Размышления о личном развитии, И. Калдерон Адизес. МИФ', '', 'Ицхак Калдерон Адизес', 'МИФ', 2600, 0, 19, 5, '', 0, 0),
(680, '978-5-00057-403-4', 1, 'Разрыв шаблона, Т. Силиг. МИФ', '', 'Тина Силиг', 'МИФ', 2500, 0, 19, 5, '', 0, 0),
(681, '978-985-15-1767-7', 1, 'Разумное доверие, С. Кови. Попурри', '', 'Стивен Кови', 'ПОпурри', 1800, 0, 19, 5, '', 0, 0),
(682, '978-985-438-427-6', 1, 'Раскрой свой природный тлант, Ш. Пол. Попурри', '', 'Шил Пол', 'ПОпурри', 200, 0, 19, 5, '', 0, 0),
(683, '', 1, 'Результативный тайм-менеджмент: эффективная методика управления собственным временем (2-е изд.), Б. Трейси. Smart Book', '', '', 'Прочее', 450, 0, 19, 5, '', 0, 0),
(684, '', 1, 'Рекомендуемая литература', '', '', '', 0, 0, 19, 5, '', 0, 0),
(685, '', 1, 'Рисовый штурм и еще 21 способов мыслить нестандартно, М. Микалко. МИФ', '', '', 'МИФ', 5300, 0, 19, 5, '', 0, 0),
(686, '978-5-17-062395-2', 1, 'Родителям: как быть ребенком, Ю. Гиппенрейтер. АСТ', '', 'Ю.Б.Гиппенрейтер', 'АСТ', 1800, 0, 19, 5, '', 0, 0),
(687, '978-5-91657-584-2', 1, 'Сам себе MBA, Дж. Кауфман. МИФ', '', 'Джош Кауфман', 'МИФ', 4700, 0, 19, 5, '', 0, 0),
(688, '978-5-17-083876-9', 1, 'Самая важная книга для родителей, Ю. Гиппенрейтер. АСТ', '', 'Ю.Б.Гиппенрейтер', 'АСТ', 3770, 0, 19, 5, '', 0, 0),
(689, '978-985-15-0457-8', 1, 'Самурай без меча, К. Масао. Попурри', '', 'Китами Масао', 'ПОпурри', 1100, 0, 19, 5, '', 0, 0),
(690, '978-985-15-2413-2', 1, 'Самый богатый человек в вавилоне, Дж. Клейсон. Попурри', '', 'Джордж Клейсон', 'ПОпурри', 900, 0, 19, 5, '', 0, 0),
(691, ' 978-5-91657-627-6', 1, 'Сарафанный маркетинг, Э. Серновиц. МИФ', '', 'Энди Серновиц', 'МИФ', 3500, 0, 19, 5, '', 0, 0),
(692, ' 978-5-699-59971-4', 1, 'Свободные родители, свободные дети, Ф. Мазлиш. Эксмо', '', 'Фабер Мазлиш', 'Эксмо', 1660, 0, 19, 5, '', 0, 0),
(693, '978-5-91657-484-5', 1, 'Связи решают все! Правила позитивного нетворкинга, Д. Резак. Альпина', '', 'Дарси Резак', 'Альпина', 4100, 0, 19, 5, '', 0, 0),
(694, '', 1, 'Святой, Серфингист и Директор: удивительная история о том, как можно жить по велению сердца, Р. Шарма. София', '', '', 'АСТ', 850, 0, 19, 5, '', 0, 0),
(695, '978-5-91657-660-3', 1, 'Сделай себя сам, Т. Силиг. МИФ', '', 'Тина Силиг', 'МИФ', 3400, 0, 19, 5, '', 0, 0),
(696, '978-5-91657-928-4', 1, 'Сделайте ваших детей успешными. Дж. Роджерс. МИФ', '', 'Джим Роджерс', 'МИФ', 4200, 0, 19, 5, '', 0, 0),
(697, ' 978-5-386-01023-2', 1, 'Секрет, С. Биддалф. Эксмо', '', 'Стив Биддалф', 'Эксмо', 1400, 0, 19, 5, '', 0, 0),
(698, ' 978-5-91657-649-8', 1, 'Секреты великих ораторов, Дж. Хьюмс. МИФ', '', 'Джеймс Хьюмс', 'МИФ', 4400, 0, 19, 5, '', 0, 0),
(699, ' 978-5-902862-85-7', 1, 'Секреты величия: по материалам Fortune Magazine. (ред. Fortune Magazine, Самуненкова Р.В), Е. Коган. МИФ', '', 'Евгений Коган', 'МИФ', 2600, 0, 19, 5, '', 0, 0),
(700, '978-985-15-0023-5', 1, 'Секреты процветающей компании или увольте кого- нибудь прямо сейчас, Б. Притчет. Попурри', '', 'Боб Притчет', 'Попурри', 1600, 0, 19, 5, '', 0, 0),
(701, '#VALUE!', 1, 'Секреты счастливых родителей, С.Биддалф. Рипол классик', '', 'Стив Биддалф', 'Рипол Классик', 1400, 0, 19, 5, '', 0, 0),
(702, '978-985-15-1645-8', 1, 'Секреты управления от Уорена Баффета, М. Баффет. Попурри', '', 'Мэри Баффет', 'ПОпурри', 1200, 0, 19, 5, '', 0, 0),
(703, ' 978-985-15-1098-2', 1, 'Секреты успеха и счастья, О. Мандино. Попурри', '', 'Ог Мандино', 'ПОпурри', 900, 0, 19, 5, '', 0, 0),
(704, '', 1, 'Сердце компании, П. Ленсиони. МИФ', '', '', 'МИФ', 3900, 0, 19, 5, '', 0, 0),
(705, '978-5-00057-409-6', 1, 'Сердце перемен, Ч. Хиз; Д. Хиз. МИФ', '', 'Чип Хиз и Дэн Хиз', 'МИФ', 3000, 0, 19, 5, '', 0, 0),
(706, '978-985-483-572-3', 1, 'Сердцу не место в пятках, Б. Мандель. Попурри', '', 'Боб Мандель', 'Попурри', 1100, 0, 19, 5, '', 0, 0),
(707, '978-985-438-603-1', 1, 'Сила внутри нас!, К. Бристол. Попурри', '', 'Клод Бристол', 'ПОпурри', 200, 0, 19, 5, '', 0, 0),
(708, ' 978-5-000-57-783-7', 1, 'Сила воли, К. Макгонигал. МИФ', '', 'Келли Макгонигал', 'МИФ', 5100, 0, 19, 5, '', 0, 0),
(709, '', 1, 'Сила обаяния: Как завоевывать сердца и добиваться успеха, Б. Трейси. Альпина', '', 'Брайан Трейси', 'Альпина', 2000, 0, 19, 5, '', 0, 0),
(710, '978-985-15-1660-1', 1, 'Сила позитивного мышления, П. Норман. Попурри', '', 'Пил Норман', 'Попурри', 1500, 0, 19, 5, '', 0, 0),
(711, '', 1, 'Сила простоты, Дж. Траут. МИФ', '', 'Дж.Траут', 'МИФ', 3400, 0, 19, 5, '', 0, 0),
(712, '978-985-15-2502-3', 1, 'Сила разума для детей, Дж. Кехо. Попурри', '', 'Джон Кехо', 'ПОпурри', 1000, 0, 19, 5, '', 0, 0),
(713, '978-985-15-1846-9', 1, 'Сила сознания,  Н. Годдард. Попурри', '', 'Невилл Годдард', 'ПОпурри', 750, 0, 19, 5, '', 0, 0),
(714, '978-985-15-1846-9', 1, 'Сила уверенности в себе, Б. Трейси. Попурри', '', 'Брайн Трейси', 'Попурри', 1500, 0, 19, 5, '', 0, 0),
(715, '978-5-00057-229-0', 1, 'Скорочтение на практике, П. Палагин. МИФ', '', 'Павел Палагин', 'МИФ', 2500, 0, 19, 5, '', 0, 0),
(716, '978-985-15-1711-0', 1, 'Скрипучее колесо, Г. Винч. Попурри', '', 'Гай Винч', 'ПОпурри', 1700, 0, 19, 5, '', 0, 0),
(717, '978-985-15-1711-0', 1, 'Скрытые возможности разума, Г. Лорейн. Попурри', '', 'Гарри Лорейн', 'ПОпурри', 900, 0, 19, 5, '', 0, 0),
(718, ' 978-985-15-1824-7', 1, 'Слова, способные изменить сознание, Н. Эндрю. Попурри', '', 'Ньюберг Эндрю', 'ПОпурри', 2100, 0, 19, 5, '', 0, 0),
(719, '', 1, 'Сломай систему. Лекарство от управленческой изжоги. Р. Таунсед. Альпина', '', 'Р.Таунсед', 'Альпина', 1800, 0, 19, 5, '', 0, 0),
(720, '978-985-15-1230-6', 1, 'Собери команду лидеров, Дж. Максвелл. Попурри', '', 'Джон Максвелл', 'Попурри', 1000, 0, 19, 5, '', 0, 0),
(721, '', 1, 'Совершенное здоровье. Избранное. + DVD: Гимнастика для позвоночника по системе П. Брэгга, П. Брэгг. Вектор', '', '', 'Вектор', 2250, 0, 19, 5, '', 0, 0),
(722, '', 1, 'Совет на миллион. Измени мир и заработай состояние, Б. Бэрчард. МИФ', '', 'Б.', 'МИФ', 2700, 0, 19, 5, '', 0, 0),
(723, '', 1, 'Сотвори и продай, С. Воинская. МИФ', '', '', 'МИФ', 3400, 0, 19, 5, '', 0, 0),
(724, '978-985-15-0689-3', 1, 'Софт для карьериста, П. Клаус. МИФ', '', 'Пегги Клаус', 'МИФ', 700, 0, 19, 5, '', 0, 0),
(725, ' 978-5-4295-0031-7', 1, 'Спешите жить медленно, Д. Браунинг. Юнайтед Пресс', '', 'Доминик Браунинг', 'Юнайтед Пресс', 3400, 0, 19, 5, '', 0, 0),
(726, '', 1, 'СПИН-продажи. Практическое руководство,  Н. Рекхэм. МИФ', '', '', 'МИФ', 3400, 0, 19, 5, '', 0, 0),
(727, '978-5-91657-316-9', 1, 'Стартап без бюджета, М. Микаловиц. МИФ', '', 'Майк Микаловиц', 'МИФ', 4000, 0, 19, 5, '', 0, 0),
(728, '978-985-15-1875-9', 1, 'Стать успешным никогда не поздно, Т. Батлер-Боудон. Попурри', '', 'Том Батлер-Боудон', 'ПОпурри', 1100, 0, 19, 5, '', 0, 0),
(729, '978-5-699-53452-4', 1, 'Стив Джобс и я,  Стив Возняк. Эксмо', '', 'Стив Возняк', 'Эксмо', 4010, 0, 19, 5, '', 0, 0),
(730, '978-5-17-0-77871-3', 1, 'Стив Джобс, У. Айзексон. АСТ', '', 'Уолтер Айзексон', 'АСТ', 4600, 0, 19, 5, '', 0, 0),
(731, ' 978-5-91657-630-6', 1, 'Стив Джобс:уроки лидерства, Дж. Эллиот. МИФ', '', 'Джей Эллиот', 'МИФ', 3300, 0, 19, 5, '', 0, 0),
(732, '978-5-91657-507-1', 1, 'Сторителлинг, А. Симмонс. МИФ', '', 'Аннет Симмонс', 'МИФ', 4100, 0, 19, 5, '', 0, 0),
(733, '', 1, 'Страдания от бессмысленности жизни. Актуальная психотерапия, В. Франкль. Сибирское университетское издательство', '', 'В. Франкль', 'Сибирское университетское издательство', 1040, 0, 19, 5, '', 0, 0),
(734, '978-5-9614-4760-6', 1, 'Стратегия жизни, К.Кристенсен. Альпина', '', 'Клейтон КРИСТЕНСЕН', 'Альпина', 3500, 0, 19, 5, '', 0, 0),
(735, '978-5-9614-4565-7', 1, 'Стратегия счатья: Как определить цель в жизни и сать лучше, Дж. Лоэр. Альпина', '', 'Джим Лоэр', 'АЛьпина', 4200, 0, 19, 5, '', 0, 0),
(736, '978-985-15-0281-9', 1, 'Сунь-Цзы. Искусство побеждать. Дж. Майкельсон. Попурри', '', 'Джеральд Майкельсон', 'ПОпурри', 1600, 0, 19, 5, '', 0, 0),
(737, '978-985-15-2095-0', 1, 'Суперинтеллект, Т. Бьюзен. Попурри', '', 'Тони Бьюзен', 'ПОпурри', 3500, 0, 19, 5, '', 0, 0),
(738, '978-5-699-61606-0', 1, 'Суперпамять, М. Хеннер. Эксмо', '', 'Мэрилу Хеннер', 'Эксмо', 2500, 0, 19, 5, '', 0, 0),
(739, '978-985-15-2476-7', 1, 'Суперпамять, Т.  Бьюзен. Попурри', '', 'Тони Бьюзен', 'ПОпурри', 500, 0, 19, 5, '', 0, 0),
(740, '978- 985-483-544-8', 1, 'Счастье, Я. Монич. Попурри', '', 'Я. Монич', 'ПОпурри', 400, 0, 19, 5, '', 0, 0),
(741, '', 1, 'Съешьте лягушку! 21 способ научиться успевать (2-е изд.), Б. Трейси. Альпина', '', 'Брайан Трейси', 'Альпина', 1300, 0, 19, 5, '', 0, 0),
(742, '978-5-91657-543-9', 1, 'Тайм-драйв, Г. Архангельский. Альпина', '', 'Глеб Архангельский', 'Альпина', 3000, 0, 19, 5, '', 0, 0),
(743, '978-5-9614-4580-0', 1, 'Тайм-менеджмент полный курс, Г. Архангельский. Альпина', '', 'Глеб Архангельский', 'Альпина', 2800, 0, 19, 5, '', 0, 0),
(744, '4607146630601', 1, 'Тайм-менеджмент. Тренажер, Г. Архангельский. Альпина', '', 'Глеб Архангельский', 'Альпина', 4800, 0, 19, 5, '', 0, 0),
(745, '', 1, 'Тайны мозга вашего ребенка, С. Амодт; С. Вонг. Эксмо', '', 'С. Амодт; С. Вонг', 'Эксмо', 1400, 0, 19, 5, '', 0, 0),
(746, '', 1, 'Тайны мозга взрослого человека. Удивительные таланты и способности человека, который достиг середины, Б. Страук. Карьера Пресс', '', 'Б.Страук', 'Карьера Пресс', 3510, 0, 19, 5, '', 0, 0),
(747, '978-5-699-80544-0', 1, 'Тайны нашего мозга, или почему умные люди делают глупости (мг), С. Амодт. Эксмо', '', 'Амодт Сандра', 'Эксмо', 1000, 0, 19, 5, '', 0, 0),
(748, ' 978-5-699-36552-4', 1, 'Тайны нашего мозга, или почему умные люди делают глупости (тв), С. Амодт. Эксмо', '', 'Амодт Сандра', 'Эксмо', 1400, 0, 19, 5, '', 0, 0),
(749, '978-5-91657-420-3', 1, 'Талант ни при чем!, Дж.Колвин. МИФ', '', 'Джефф Колвин', 'МИФ', 3600, 0, 19, 5, '', 0, 0),
(750, '978-985-15-1591-8', 1, 'Точка фокуса, Б.Трейси. Аудиоконсалт', '', 'Брайн Трейси', 'Аудиоконсалт', 1700, 0, 19, 5, '', 0, 0),
(751, ' 978-5-906084-04-0', 1, 'Точки контакта онлайн (белая), И.Манн; Н. Поминова. Сила Ума паблишер', '', 'Не написано', 'Сила Ума паблишер', 3300, 0, 19, 5, '', 0, 0),
(752, '', 1, 'Точки контакта. Рабочая тетрадь для улучшения маркетинга и увеличения доходов вашей компании (оранжевая), И. Манн; Д. Турусин. МИФ', '', 'Игорь Манн', 'МИФ', 3900, 0, 19, 5, '', 0, 0),
(753, ' 978-985-15-1119-4', 1, 'Точно в цель!, Б. Гленн. Попурри', '', 'Бленд Гленн', 'ПОпурри', 500, 0, 19, 5, '', 0, 0),
(754, '978-5-91657-050-2', 1, 'У всех спад,у вас-подъем, Дж. Колвин. МИФ', '', 'Джефф Колвин', 'МИФ', 2400, 0, 19, 5, '', 0, 0),
(755, '978-5-000-57-448-5', 1, 'Уверенность в себе. Книга для работы над собой, Э. Мьюир. МИФ', '', 'Э. Мьюир', 'МИФ', 4700, 0, 19, 5, '', 0, 0),
(756, '978-985-438-871-9', 1, 'Удивительные результаты позитивного мышления, П. Норман. Попурри', '', 'Пил Норман', 'ПОпурри', 300, 0, 19, 5, '', 0, 0),
(757, '978-985-15-1942-8', 1, 'Умные родители - гениальный ребёнок, Т. Бьюзен. Попурри', '', 'Тони Бьюзен', 'ПОпурри', 1900, 0, 19, 5, '', 0, 0),
(758, '5-315-00026-5', 1, 'Уникальность теперь… или никогда, Й. Кунде. Стокгольмская школа экономики в Санкт-Петербурге', '', 'Йеспер Кунде', 'Школа экономики в Санкт-Перербурге', 5100, 0, 19, 5, '', 0, 0),
(759, '978-5-00057-588-8', 1, 'Уоррен Баффет. Как 5 долларов превратить в 50 миллиардов, Р. Хагстром. МИФ', '', 'Роберт Хагстром', 'МИФ', 4700, 0, 19, 5, '', 0, 0),
(760, '978-1-4165-7318-0', 1, 'Уоррен Баффет. Как найти идеальную для инвестора компанию, М. Баффет. Попурри', '', 'Мэри Баффет', 'ПОпурри', 1000, 0, 19, 5, '', 0, 0),
(761, '', 1, 'Управление заводом в стиле кайдзен. Как снизить затраты и повысить прибыль, А. Гринин. Альпина', '', 'А.Гринин', 'Альпина', 2000, 0, 19, 5, '', 0, 0),
(762, '', 1, 'Управление изменениями.  Harvard Business Review, А. Лисицына. Юнайтед Пресс', '', 'А.Лисицына', 'Юнайтед Пресс', 1100, 0, 19, 5, '', 0, 0),
(763, '978-5-91657-279-7', 1, 'Управление стартапами. Как руководить компанией на разных этапах, К. Кэтлин. МИФ', '', 'Кэтрин Кэтлин', 'МИФ', 3900, 0, 19, 5, '', 0, 0),
(764, '', 1, 'Упрости себе жизнь, Э. Доланд. МИФ', '', 'Э. Доналд', 'МИФ', 3300, 0, 19, 5, '', 0, 0),
(765, '978-5-17-084601-6', 1, 'Уроки семейной мудрости, Р. Шарма. АСТ', '', 'Робин Шарма', 'АСТ', 1100, 0, 19, 5, '', 0, 0),
(766, '978-5-91657-762-4', 1, 'Уроки выдающихся лидеров, Б. Джордж; П.Симс. МИФ', '', 'Билл Джордж и Питер Симс', 'МИФ', 4400, 0, 19, 5, '', 0, 0),
(767, '978-985-15-2086-8', 1, 'Уроки Икара, С. Годин. Попурри', '', 'Сет Годин', 'ПОпурри', 1300, 0, 19, 5, '', 0, 0),
(768, '978-5-17-084600-9', 1, 'Уроки семейной мудрости (подарочная), Р. Шарма. АСТ', '', 'Робин Шарма', 'АСТ', 1700, 0, 19, 5, '', 0, 0),
(769, '978-985-15-0696-1', 1, 'Усовершенствуйте свою память,Т. Бьюзен. Попурри', '', 'Тони Бьюзен', 'Попурри', 700, 0, 19, 5, '', 0, 0),
(770, '978-985-15-0667-1', 1, 'Успех 101, Дж. Максвелл. Попурри', '', 'Джон Максвелл', 'ПОпурри', 800, 0, 19, 5, '', 0, 0),
(771, '978-5-91657-368-8', 1, 'Утраченные секреты процветания, Н. Хилл. Альпина', '', 'Наполеон Хилл', 'Альпина', 2800, 0, 19, 5, '', 0, 0),
(772, '', 1, 'Уходим в отрыв, К. Герольд. МИФ', '', 'К.Герольд', 'МИФ', 3400, 0, 19, 5, '', 0, 0),
(773, '978-985-15-0946-7', 1, 'Учебник креативного мышления, Т. Скотт. Попурри', '', 'Торп Скотт', 'ПОпурри', 600, 0, 19, 5, '', 0, 0),
(774, ' 978-5-00057-404-1', 1, 'Фидбэк.Получите обратную связь, И. Манн; Е. Золина. МИФ', '', 'Игорь Манн.Елена Золина', 'МИФ', 2800, 0, 19, 5, '', 0, 0),
(775, ' 978-5-91657-116-5', 1, 'Фиолетовая Корова, С. Годин. МИФ', '', 'Сет Годин', 'МИФ', 2900, 0, 19, 5, '', 0, 0),
(776, '', 1, 'Формула времени. Тайм-менеджмент на Outlook 2007-2010, Г. Архангельский. МИФ', '', '', 'МИФ', 2900, 0, 19, 5, '', 0, 0),
(777, '', 1, 'Фрикономика, С. Левитт. МИФ', '', '', 'МИФ', 3400, 0, 19, 5, '', 0, 0),
(778, '978-5-91657-760-0', 1, 'Харизма лидера (аудио), Р. Гандапас. МИФ', '', 'Радислав Гандапас', 'МИФ', 3600, 0, 19, 5, '', 0, 0),
(779, ' 978-5-91657-683-2', 1, 'Харизма лидера, Р. Гандапас. МИФ', '', 'Радислав Гандапас', 'МИФ', 5400, 0, 19, 5, '', 0, 0),
(780, ' 978-985-15-1559-8', 1, 'Хватит думать! Действуй!, Э. Роберт. Попурри', '', 'Энтони Роберт', 'ПОпурри', 1000, 0, 19, 5, '', 0, 0),
(781, '978-5-9614-4867-2', 1, 'Хватит мечтать, займись делом!, К. Ньюпорте. Альпина', '', 'Кэроль Ньюпорте', 'АЛьпина', 3900, 0, 19, 5, '', 0, 0),
(782, '', 1, 'Хороший год. Еженедельник маркетёра, И. Манн. МИФ', '', '', 'МИФ', 2700, 0, 19, 5, '', 0, 0),
(783, '978-5-9614-1841-5', 1, 'Хулиганы в бизнесе. История успеха Business FM, Ю. Воскресенский. Альпина', '', 'Юрий Воскресенский', 'Альпина', 3400, 0, 19, 5, '', 0, 0),
(784, '978-500057-062-3', 1, 'Царь горы,  Б. Мерримен; Э. Мерримен. МИФ', '', 'По Бронсон и Эшли Мерримен', 'МИФ', 3800, 0, 19, 5, '', 0, 0),
(785, '978-985-15-1952-6', 1, 'Цель: процесс непрерывного улучшения, Э. Голдратт. Попурри', '', 'Элияху Голдратт', 'ПОпурри', 4300, 0, 19, 5, '', 0, 0),
(786, '978-985-15-1952-7', 1, 'Цель: специальное издание, Э. Голдратт. Попурри', '', 'Элия Голдратт', 'Попурри', 3500, 0, 19, 5, '', 0, 0),
(787, '978-5-91657-242-1', 1, 'Цельная жизнь для студентов, Л.Хьюитт; Л. Д'' Абади; Э.Хьюитт. МИФ', '', 'Лес Хьюитт,Люк д"Абади и Эндрю Хьюитт', 'МИФ', 3400, 0, 19, 5, '', 0, 0),
(788, '978-5-000-57-650-6', 1, 'Цельная жизнь. Ключевые навыки для достижения ваших целей, Дж. Кэнфилд; М. Виктор Хансен; Л. Хьюитт. МИФ', '', 'Джек Кэнфилд,Марк Виктор Хансен и Лес Хьюитт', 'МИФ', 4500, 0, 19, 5, '', 0, 0),
(789, '978-985-15-338-0', 1, 'Что делать, если вам нужно принять важное решение. Попурри', '', 'Не написано', 'ПОпурри', 500, 0, 19, 5, '', 0, 0),
(790, '978-985-15-0337-3', 1, 'Что делать, если вы стали боссом. Попурри', '', 'Не написано', 'ПОпурри', 500, 0, 19, 5, '', 0, 0),
(791, '978- 985-483-748-3', 1, 'Что знают счастливые люди, Д. Бейкер . Попурри', '', 'Дэн Бейкер ', 'ПОпурри', 600, 0, 19, 5, '', 0, 0),
(792, ' 978-5-00057-417-1', 1, 'Что тебя останавливает?, С. Хэдфилд. МИФ', '', 'Сью Хэдфилд', 'МИФ', 2200, 0, 19, 5, '', 0, 0),
(793, '978-5-00057-534-5', 1, 'Что ты выберешь ?, Т. Бен-Шахар. МИФ', '', 'Тал Бен-Шахар', 'МИФ', 3000, 0, 19, 5, '', 0, 0),
(794, '978-5-91657-497-5', 1, 'Школа продаж, А. Деревицкий. МИФ', '', 'Александр Деревицкий', 'МИФ', 3600, 0, 19, 5, '', 0, 0),
(795, '978-5-00057-384-6', 1, 'Эмоциональный интеллект ребенка, Дж. Готтман. МИФ', '', 'Джон Готтман', 'МИФ', 4800, 0, 19, 5, '', 0, 0),
(796, '978-5-91657-551-4', 1, 'Энергия жизни, Б. Берчард. Эксмо', '', 'Брендон Берчард', 'Эксмо', 2200, 0, 19, 5, '', 0, 0),
(797, '978-985-15-1594-9', 1, 'Энергия намерения, У. Дайер. Попурри', '', 'Уэйн Дайер', 'Попурри', 1500, 0, 19, 5, '', 0, 0),
(798, ' 978-5-00057-347-1', 1, 'Эссенциализм, Г. МакКеон. МИФ', '', 'Грег МакКеон', 'МИФ', 4800, 0, 19, 5, '', 0, 0),
(799, '978-5-9614-4712-5', 1, 'Эти важные мелочи. 163 способа добиться совершенства, Т. Питерс. Альпина', '', 'Том Питерс', 'Альпина', 3500, 0, 19, 5, '', 0, 0),
(800, '985-438-820-4', 1, 'Эффективные методы продажи по Брайану Трейси, Б. Трейси. Попурри', '', 'Брайн Трейси', 'ПОпурри', 400, 0, 19, 5, '', 0, 0),
(801, ' 978-500057-061-6', 1, 'Эффективный руководитель, П. Друкер. МИФ', '', 'Питер Друкер', 'МИФ', 4400, 0, 19, 5, '', 0, 0),
(802, '978-985-15-1431-7', 1, 'Я - победитель!, Дж. Максвелл. Попурри', '', 'Джон Максвелл', 'ПОпурри', 1200, 0, 19, 5, '', 0, 0),
(803, '978-5-91657-334-3', 1, 'Я слышу вас насквозь. Эффективная техника переговоров, М. Гоулстон. МИФ', '', 'Марк Гоулстон', 'МИФ', 5060, 0, 19, 5, '', 0, 0),
(804, '978-5-91657-309-1', 1, 'Я так и знал! Теория ограничений для розничной торговли, Э. Голдратт. МИФ', '', 'Элияху Голдратт', 'МИФ', 4000, 0, 19, 5, '', 0, 0),
(805, '978-5-00057-462-1', 1, 'Источник энергии. Как включить скрытые резервы организма и сохранять бодрость весь день, Д. Брауни. МИФ', '', 'Даниэлла Брауни', 'МИФ', 4800, 0, 19, 5, '', 0, 0),
(806, '978-5-00057-287-0', 1, 'Развитие мозга. Как читать быстрее, запоминать лучше и добиваться больших целей, Р. Сайп. МИФ', '', 'Роджер Сайп', 'МИФ', 4200, 0, 19, 5, '', 0, 0),
(807, '978-5-17-083485-3', 1, 'Кто заплачет,когда ты умрешь? Уроки жизни от монаха, который продал свой "феррари", Р. Шарма. АСТ', '', 'Робин Шарма', 'АСТ', 1100, 0, 19, 5, '', 0, 0),
(808, '978-5-00057-499-7', 1, 'О чем мечтать. Как понять, чего хочешь на самом деле, и как этого добиться, Б. Шер. МИФ', '', 'Барбара Шер', 'МИФ', 4600, 0, 19, 5, '', 0, 0),
(809, '978-5-00057-590-1', 1, 'Психология. Люди, концепции, эксперименты, П. Клейнман.  МИФ', '', 'Пол Клейнман', 'МИФ', 4900, 0, 19, 5, '', 0, 0),
(810, '978-5-00057-433-1', 1, 'Как устроена экономика, Ха Джун Чанг. МИФ', '', 'Ха Джун Чанг', 'МИФ', 3400, 0, 19, 5, '', 0, 0),
(811, '978-5-00057-441-6', 1, 'Управление жизненным циклом корпораций, И. К. Адизес. МИФ', '', 'Ицхак Калдерон Адизес', 'МИФ', 4400, 0, 19, 5, '', 0, 0),
(812, '978-5-00057-571-0', 1, 'От срочного к важному. Система для тех, кто устал бежать на месте, С. Макклетчи. МИФ', '', 'Стив Макклетчи', 'МИФ', 3800, 0, 19, 5, '', 0, 0),
(813, '978-5-00057-617-5', 1, 'Не работайте с мудаками. И что делать, если они вокуруг вас, Р. Саттон. МИФ', '', 'Роберт Саттон', 'МИФ', 3200, 0, 19, 5, '', 0, 0),
(814, '978-5-00057-822-3', 1, 'Скорочтение. Как запоминать больше, читая в 8 раз быстрее, П. Камп. МИФ', '', 'Питер Камп', 'МИФ', 5000, 0, 19, 5, '', 0, 0),
(815, '978-5-00057-416-4', 1, 'Память изменяет.  Задачи и головоломки для развития интеллекта и памяти, А. Наварро, МИФ', '', 'Анхель Наварро', 'МИФ', 5120, 0, 19, 5, '', 0, 0),
(816, '978-5-00057-625-0', 1, 'Как победить страх. 12 демонов на пути к свободе, счастью и творчеству, О. Соломатина. МИФ', '', 'Ольга Соломатина', 'МИФ', 3400, 0, 19, 5, '', 0, 0),
(817, '978-5-00057-449-2', 1, 'Развитие силы воли. Уроки от автора знаменитого маршмеллоу-теста, У. Мишел. МИФ', '', 'Уолтер Мишел', 'МИФ', 3800, 0, 19, 5, '', 0, 0),
(818, '978-5-00057-574-1', 1, 'Договорись с собой… и другими достойными оппонентами, У. Юри. МИФ', '', 'Уильям Юри', 'МИФ', 3900, 0, 19, 5, '', 0, 0),
(819, '978-5-00057-529-1', 1, '5 принципов проактивного мышления, Дж. Миллер. МИФ', '', 'Джон миллер', 'МИФ', 3500, 0, 19, 5, '', 0, 0),
(820, '978-5-00057-467-6', 1, 'Скетчбук, который научит Вас рисовать, Р. Ланда. МИФ', '', 'Робин Ланда', 'МИФ', 5400, 0, 19, 5, '', 0, 0),
(821, '978-5-00057-424-9', 1, 'Майндсайт. Новая наука личной трансформации, Д. Сигел. МИФ', '', 'Дэниель Сигел', 'МИФ', 4000, 0, 19, 5, '', 0, 0),
(822, '', 1, 'Теория Игр, Искусство стратегического мышления в бизнесе и жизни,  Авинаш Диксит и Барри Нейлбафф. МИФ', '', ' Авинаш Диксит и Барри Нейлбафф', 'МИФ', 4400, 0, 19, 5, '', 0, 0),
(823, '978-5-000-57-332-7', 1, 'Нейромаркетинг в действии. Как проникнуть в сознание покупателя,  Д. Льюис. МИФ', '', '  Д. Льюис', 'МИФ', 5900, 0, 19, 5, '', 0, 0),
(824, '', 1, 'Сила Воли (Большая),  К. Макгонигал. МИФ', '', 'К. Макгоникал', 'МИФ', 7990, 0, 19, 5, '', 0, 0),
(825, '', 1, 'Прокачай себя, Дж. Норкросс; К. Лобер. МИФ', '', 'К. Лобер', 'МИФ', 2300, 0, 19, 5, '', 0, 0),
(826, '978-5-17-0-88062-1', 1, 'Монах,который продал свой Феррари, Р. Шарма. АСТ', '', 'Р.Шарма', 'АСТ', 3000, 0, 19, 5, '', 0, 0),
(827, '978-5-00057-649-6', 1, 'Живи с чувством. Как поставить цели к которым лежит душа, Д. Лапорт. МИФ', '', 'Даниэлла Лапорт', 'МИФ', 4300, 0, 19, 5, '', 0, 0),
(828, '978-5-17-0-83484-6', 1, 'Кто заплачет,когда ты умрешь? (подарочная), Р. Шарма. АСТ', '', 'Робин Шарма', 'АСТ', 1700, 0, 19, 5, '', 0, 0),
(829, '', 1, 'Лидер без титула (подарочная), Р. Шарма. АСТ', '', 'Робин Шарма', 'АСТ', 3100, 0, 19, 5, '', 0, 0),
(830, '978-5-699-68603-2', 1, 'Новый язык телодвижений,  А.Пиз. Эксмо (зеленая обложка)', '', 'А. Пиз', 'Эксмо', 4300, 0, 19, 5, '', 0, 0),
(831, '978-5-000-57-680-9', 1, 'Размышления о политике, И. Адизес. МИФ', '', 'И. Адизес', 'МИФ', 4600, 0, 19, 5, '', 0, 0),
(832, '978-5-916-57-151-6', 1, 'Бег с Лидьярдом.  Е. Ю. Хрусталева. МИФ', '', 'Е. Ю. Хрусталева', 'МИФ', 4200, 0, 19, 5, '', 0, 0),
(833, '978-5-961-4-5412-3', 1, 'Искусство жить просто. Как избавиться от лишнего и обогатить свою жизнь, Д. Лоро. Альпина', '', 'Д.Лоро', 'Альпина', 4200, 0, 19, 5, '', 0, 0),
(834, '978-5-961-4-5516-8', 1, 'Семь навыков высокоэффективных людей (переплет), С.Кови. Альпина', '', 'С.Кови', 'Альпина', 4900, 0, 19, 5, '', 0, 0),
(835, '978-5-17-0-93100-2', 1, 'Весь "опыт дурака" в одной книге, М.Норбеков. АСТ', '', 'М. Норбеков', 'АСТ', 4200, 0, 19, 5, '', 0, 0),
(836, '978-5-961-4-4585-5', 1, 'Семь навыков высокоэффективных людей. Мощные инструменты развития личности (суперобложка), С.Кови. Альпина', '', 'С.Кови', 'Альпина', 5600, 0, 19, 5, '', 0, 0),
(837, '978-5-000-57-291-7', 1, '365 дней вместе. Ежедневник для родителей, Ю.Луговская ', '', 'Ю.Луговская', 'МИФ', 4900, 0, 19, 5, '', 0, 0),
(838, '978-5-000-57-697-7', 1, 'Еженедельник Номера 1. Путь к цели,И. Манн. МИФ', '', 'Игорь Манн', 'МИФ', 4900, 0, 19, 5, '', 0, 0),
(839, '978-5-386-03100-8', 1, '48 законов власти, Р. Грин. Рипол классик. 2', '', 'Роберт Грин ', 'Рипол Классик', 1400, 0, 19, 5, '', 0, 0),
(840, '978-5-961-4-5358-4', 1, 'Эффективное производство в России?Да!, С.Колесников. Альпина', '', 'С.Колесников', 'Альпина', 3900, 0, 19, 5, '', 0, 0),
(841, '978-5-17-0-88636-4', 1, 'Стив Джобс, Секачева К.Д. АСТ', '', 'Секачева К.Д', 'АСТ', 1200, 0, 19, 5, '', 0, 0),
(842, '978-5-000-57-971-8', 1, 'К черту всё! Берись и делай. МИФ', '', 'Ричард Брэнсон', 'МИФ', 4700, 0, 19, 5, '', 0, 0),
(843, '978-5-17-0-94781-2', 1, 'Развивай свой мозг! Уроки гениев. Леонардо да Винчи, Платон, Станиславский, Пикассо, А.Могучий', '', 'Антон Могучий', 'АСТ', 1250, 0, 19, 5, '', 0, 0);
INSERT INTO `goods` (`good_id`, `code`, `valid`, `name`, `description`, `author`, `publisher`, `price`, `net_price`, `cat_id`, `comp_id`, `pic_url`, `bonus`, `discount`) VALUES
(844, '978-5-699-49283-1', 1, 'Мозг на 100%. Интеллект.Память.Креатив.Интуиция.Интенсив-тренинг по развитию суперспособностей, Лем П. Эксмо', '', 'Лем П., Кинякина О.Н.', 'Эксмо', 3800, 0, 19, 5, '', 0, 0),
(845, '978-5-961-4-5515-1', 1, 'Семь навыков высокоэффективных людей. Мощные инструменты развития личности (Обложка с клапанами.Юбилейное издание), С.Кови. Альпина', '', 'Стивен Кови', 'Альпина', 4500, 0, 19, 5, '', 0, 0),
(846, '978-5-699-77591-0', 1, 'The Intel: как Роберт Нойс, Гордон Мур и Энди Гроуг создали самую влиятельную компанию в мире, М. Мэлоун.Эксмо', '', 'М.Мэлоун', 'Эксмо', 3980, 0, 19, 5, '', 0, 0),
(847, '978-5-699-61210-3', 1, 'Безграничность. 50 уроков, которые сделают тебя возмутитительно счастливым, Н. Вуйчич. Эксмо', '', 'Ник Вуйчич', 'Эксмо', 2500, 0, 19, 5, '', 0, 0),
(848, '978-5-699-76367-2', 1, 'Будь сильным. Ты можешь преодолеть насилие (и все, что мешает тебе жить), Н.Вуйчич. Эксмо', '', 'Ник Вуйчич', 'Эксмо', 2500, 0, 19, 5, '', 0, 0),
(849, '978-5-690-77257-5', 1, 'Ганди. Законы лидерства, А.Аксельрод. Эксмо', '', 'А. Аксельрод', 'Эксмо', 4900, 0, 19, 5, '', 0, 0),
(850, '978-5-699-80641-6', 1, 'Записки на салфетках, Г. Каллахан. Эксмо', '', 'Г. Каллахан', 'Эксмо', 2410, 0, 19, 5, '', 0, 0),
(851, '978-5-699-79400-3', 1, 'Любовь без границ. Путь к потрясающе счастливой любви, Н.Вуйчич. Эксмо', '', 'Ник Вуйчич', 'Эксмо', 2540, 0, 19, 5, '', 0, 0),
(852, '978-5-690-63132-2', 1, 'Неудержимый. Невероятная сила вера в действии, Н.Вуйчич. Эксмо', '', 'Ник Вуйчич', 'Эксмо', 2530, 0, 19, 5, '', 0, 0),
(853, '', 1, 'Успех по принципу 80/20. Как построить карьеру и бизнес, используя ваши лучшие 20%, Р. Кох. Эксмо', '', 'Р.Кох', 'Эксмо', 3300, 0, 19, 5, '', 0, 0),
(854, '978-5-17-0-92124-9', 1, 'Я-Лучший! 101 совет по достижению успеха от монаха, который продал свой феррари, Р. Шарма. АСТ', '', 'Р.Шарма', 'АСТ', 1800, 0, 19, 5, '', 0, 0),
(855, '978-5-17-0-86856-8', 1, 'Интуиция дурака, М. Норбеков. АСТ', '', 'М. Норбеков', 'АСТ', 2000, 0, 19, 5, '', 0, 0),
(856, '978-5-17-0-93030-2', 1, 'Ключ к сверхвозможностям! 100+1 идея для раскрытия вашего потенциала от монаха, который продал свой "феррари", Р. Шарма. АСТ', '', 'Р.Шарма', 'АСТ', 1800, 0, 19, 5, '', 0, 0),
(857, '978-5-17-0-88062-1', 1, 'Монах,который продал свой Феррари 2, Р. Шарма. АСТ', '', 'Р.Шарма', 'АСТ', 3400, 0, 19, 5, '', 0, 0),
(858, '978-5-17-0-84137-0', 1, 'Опыт дурака 2-Ключи к самому себе, М. Норбеков. АСТ ', '', 'М. Норбеков', 'АСТ', 2000, 0, 19, 5, '', 0, 0),
(859, '978-5-17-0-87421-7', 1, 'Опыт дурака 3-Как жить и добро наживать: самостоятельное изготовление семейного счастья в домашних условиях, М. Норбеков. АСТ ', '', 'М. Норбеков', 'АСТ', 2000, 0, 19, 5, '', 0, 0),
(860, '978-5-17-0-84917-6', 1, 'Открой свою судьбу с монахом, который продал свой "феррари", Р. Шарма. АСТ', '', 'Р.Шарма', 'АСТ', 1800, 0, 19, 5, '', 0, 0),
(861, '978-5-17-0-85815-6', 1, 'После трех не поздно!, Белехов Ю.Н. АСТ', '', 'Белехов Ю. Н.', 'АСТ', 1700, 0, 19, 5, '', 0, 0),
(862, '978-5-17-0-89002-6', 1, 'Психология дурака, М. Норбеков. АСТ ', '', 'М. Норбеков', 'АСТ', 2000, 0, 19, 5, '', 0, 0),
(863, '978-5-17-0-91186-8', 1, 'Сила духа, М. Норбеков. АСТ ', '', 'М. Норбеков', 'АСТ', 2000, 0, 19, 5, '', 0, 0),
(864, '978-5-386-08733-3', 1, 'Мастер игры (Стратегия успеха), Р. Грин. Рипол', '', 'Р. Грин', 'Рипол Классик', 5100, 0, 19, 5, '', 0, 0),
(865, '', 1, 'Теодор Рузвельт. Законы лидерства, А.Аксельрод. Эксмо', '', 'А.Аксельрод', 'Эксмо', 5100, 0, 19, 5, '', 0, 0),
(866, '', 1, 'Современные методы исследования, Д. Мырзакожа', '', 'Дияс Мырзакожа', 'NULL', 1000, 0, 20, 5, '', 0, 0),
(867, '', 1, 'Калейдоскоп сердца, Д. Мырзакожа', '', 'Дияс Мырзакожа', 'NULL', 1000, 0, 20, 5, '', 0, 0),
(868, '', 1, 'Enjoy Your Life, Д. Мырзакожа', '', 'Дияс Мырзакожа', 'NULL', 1500, 0, 20, 5, '', 0, 0),
(869, '', 1, 'Малайзия Доктор Махазир, Д. Мырзакожа ( красная на русском языке)', '', 'Дияс Мырзакожа', 'NULL', 1000, 0, 20, 5, '', 0, 0),
(870, '', 1, 'Персональный и стратегический менеджмент (химия биология и психология счастья), Д. Мырзакожа', '', 'Дияс Мырзакожа', 'NULL', 1500, 0, 20, 5, '', 0, 0),
(871, '', 1, 'Заманауи зерттеу эдiстерi, Д. Мырзакожа', '', 'Дияс Мырзакожа', 'NULL', 1000, 0, 20, 5, '', 0, 0),
(872, '', 1, 'Fardh kifaya (диск), Д. Мырзакожа', '', 'Дияс Мырзакожа', 'NULL', 500, 0, 20, 5, '', 0, 0),
(873, '', 1, 'AdPerceptio (4 диска), Д. Мырзакожа', '', 'Дияс Мырзакожа', 'NULL', 500, 0, 20, 5, '', 0, 0),
(874, '', 1, 'Малайзия Доктор Махазир, Д. Мырзакожа ( синяя на казахском языке)', '', 'Дияс Мырзакожа', 'NULL', 1000, 0, 20, 5, '', 0, 0),
(875, '', 1, 'Мұңайма, Д.Мырзакожа', '', 'Дияс Мырзакожа', 'NULL', 1500, 0, 20, 5, '', 0, 0),
(876, '', 1, 'Смелость терпения, Д. Мырзакожа', '', 'Дияс Мырзакожа', 'NULL', 1500, 0, 20, 5, '', 0, 0),
(877, '', 1, 'Картина "Чемпионами становятся …."Уммастор', '', 'NULL', 'NULL', 7700, 0, 20, 5, '', 0, 0),
(878, '', 1, 'Картина "Лучшее, что родитель …."Уммастор', '', 'NULL', 'NULL', 7700, 0, 20, 5, '', 0, 0),
(879, '', 1, 'Картина "Не стоит завидовать …"Уммастор', '', 'NULL', 'NULL', 7700, 0, 20, 5, '', 0, 0),
(880, '', 1, 'Картина "Никогда и ни при каких ..."Уммастор', '', 'NULL', 'NULL', 7700, 0, 20, 5, '', 0, 0),
(881, '', 1, 'Картина "Люди, Вы обязаны иметь цель ..."Уммастор', '', 'NULL', 'NULL', 7700, 0, 20, 5, '', 0, 0),
(882, '', 1, 'Картина "Верующие, работающие над собой ..."Уммастор', '', 'NULL', 'NULL', 7700, 0, 20, 5, '', 0, 0),
(883, '', 1, 'Картина "Поистине Всевышний ..."Уммастор', '', 'NULL', 'NULL', 7700, 0, 20, 5, '', 0, 0),
(884, '', 1, 'Картина "Стань лушим в навыках ..."Уммастор', '', 'NULL', 'NULL', 7700, 0, 20, 5, '', 0, 0),
(885, '', 1, 'Картина "Твоим детям нужно твоё ..."Уммастор', '', 'NULL', 'NULL', 7700, 0, 20, 5, '', 0, 0),
(886, '', 1, 'Картина "Вы находитесь здесь ..."Уммастор', '', 'NULL', 'NULL', 7700, 0, 20, 5, '', 0, 0),
(887, '', 1, 'Картина "Разве ты не видишь ..."Уммастор', '', 'NULL', 'NULL', 7700, 0, 20, 5, '', 0, 0),
(888, '', 1, 'Картина "Пойми, ощути ..."Уммастор', '', 'NULL', 'NULL', 7700, 0, 20, 5, '', 0, 0),
(889, '', 1, 'Рыбий жир', '', 'NULL', 'NULL', 2700, 0, 20, 5, '', 0, 0),
(890, '', 1, 'Масло Черного Тмина', '', 'NULL', 'NULL', 3300, 0, 20, 5, '', 0, 0),
(891, '', 1, 'Юрта-Конструктор, NOMAD Уммастор', '', 'NULL', 'NULL', 6500, 0, 20, 5, '', 0, 0),
(892, '', 1, 'Ummastore (блокноты)', '', 'NULL', 'NULL', 200, 0, 20, 5, '', 0, 0),
(893, '', 1, 'Мисвак паста', '', 'NULL', 'NULL', 650, 0, 20, 5, '', 0, 0),
(894, '', 1, 'Коран Таджвид', '', 'NULL', 'NULL', 5000, 0, 20, 5, '', 0, 0),
(895, '', 1, 'Коран', '', 'NULL', 'NULL', 5000, 0, 20, 5, '', 0, 0),
(896, '', 1, 'Коран с обложкой, Ш. Аляутдинов. Диля', '', 'NULL', 'NULL', 50000, 0, 20, 5, '', 0, 0),
(897, '', 1, 'Коран Турция', '', 'NULL', 'NULL', 7000, 0, 20, 5, '', 0, 0),
(898, '', 1, 'Омега-3, Рыбий жир', '', 'NULL', 'NULL', 2050, 0, 20, 5, '', 0, 0),
(899, '', 1, 'Омега-3, Рыбий жир (60 капсул)', '', 'NULL', 'NULL', 0, 0, 20, 5, '', 0, 0),
(900, '', 1, 'Духи "Maryam"', '', 'NULL', 'NULL', 2000, 0, 20, 5, '', 0, 0),
(901, '', 1, 'Духи "Nuraini"', '', 'NULL', 'NULL', 2000, 0, 20, 5, '', 0, 0),
(902, '', 1, 'Духи "Gulnar"', '', 'NULL', 'NULL', 2000, 0, 20, 5, '', 0, 0),
(903, '', 1, 'Духи "Banu"', '', 'NULL', 'NULL', 2000, 0, 20, 5, '', 0, 0),
(904, '', 1, 'Духи "Alfia"', '', 'NULL', 'NULL', 2000, 0, 20, 5, '', 0, 0),
(905, '', 1, 'Духи "Daria"', '', 'NULL', 'NULL', 1000, 0, 20, 5, '', 0, 0),
(906, '', 1, 'Миск', '', 'NULL', 'NULL', 9500, 0, 20, 5, '', 0, 0),
(907, '', 1, 'Мыло', '', 'NULL', 'NULL', 0, 0, 20, 5, '', 0, 0),
(908, '', 1, 'Священный Коран Д. Мырзакожа', '', 'NULL', 'NULL', 19500, 0, 20, 5, '', 0, 0),
(909, '', 1, 'Миск черный кристалл', '', 'NULL', 'NULL', 14500, 0, 20, 5, '', 0, 0),
(910, '', 1, 'Эл.Жайнамаз (красный)', '', 'NULL', 'NULL', 7795, 0, 22, 5, '', 0, 0),
(911, '', 1, 'Эл.Жайнамаз (синий)', '', 'NULL', 'NULL', 7795, 0, 22, 5, '', 0, 0),
(912, '', 1, 'Эл.Жайнамаз (зеленый)', '', 'NULL', 'NULL', 7795, 0, 22, 5, '', 0, 0),
(913, '', 1, 'Эл.Жайнамаз (коричневый)', '', 'NULL', 'NULL', 7795, 0, 22, 5, '', 0, 0),
(914, '', 1, 'Эл.Жайнамаз (розовый)', '', 'NULL', 'NULL', 7795, 0, 22, 5, '', 0, 0);

--
-- Очистить таблицу перед добавлением данных `history`
--

TRUNCATE TABLE `history`;
--
-- Дамп данных таблицы `history`
--

INSERT INTO `history` (`history_id`, `emp_id`, `comp_id`, `history_date`, `history_text`, `history_type`) VALUES
(2, 6, 4, '2015-12-16 01:18:30', 'Оприходавано 10 штук товара "Звёздные войны: Пробуждение силы (2015)" на склад Меломан 1', 'Оприходование'),
(3, 5, 4, '2015-12-16 01:23:03', 'Оприходавано 20 штук товара "Гарри Поттер и философский камень (2001)" на склад "Меломан 4"', 'Оприходование'),
(4, 5, 4, '2015-12-16 01:32:42', 'Оприходавано 30 штук товара "Ип Ман (2008)" на склад "Меломан 3"', 'Оприходование'),
(5, 6, 4, '2015-12-16 01:33:50', 'Оприходавано 10 штук товара "Шерлок Холмс (2009)" на склад "Меломан 5"', 'Оприходование'),
(6, 6, 4, '2015-12-16 01:34:08', 'Продано 1 штук товара "Шерлок Холмс (2009)" на склад "Меломан 5"', 'Продажа'),
(8, 6, 4, '2015-12-16 01:34:47', 'Возврат 1 штук товара "Шерлок Холмс (2009)" на склад "Меломан 5"', 'Возврат'),
(9, 6, 4, '2015-12-16 01:34:59', 'Перемещено 5 штук товара "Шерлок Холмс (2009)" со склада "Меломан 5" на склад "Меломан 4"', 'Перемещение'),
(10, 6, 4, '2015-12-16 01:46:38', ' Пользователь зашел в веб-сайт ', 'Вход'),
(11, 6, 4, '2015-12-16 03:09:42', ' Пользователь вышел с веб-сайта ', 'Выход'),
(12, 1, 1, '2015-12-16 03:10:06', ' Пользователь вышел с веб-сайта ', 'Выход'),
(13, 1, 1, '2015-12-16 03:10:18', ' Пользователь вышел с веб-сайта ', 'Выход'),
(14, 1, 1, '2015-12-16 03:10:22', ' Пользователь вышел с веб-сайта ', 'Выход'),
(15, 1, 1, '2015-12-16 03:10:54', ' Пользователь вышел с веб-сайта ', 'Выход'),
(16, 1, 1, '2015-12-16 03:10:55', ' Пользователь вышел с веб-сайта ', 'Выход'),
(17, 1, 1, '2015-12-16 03:11:17', ' Пользователь вышел с веб-сайта ', 'Выход'),
(18, 1, 1, '2015-12-16 03:11:18', ' Пользователь зашел в веб-сайт ', 'Вход'),
(19, 1, 1, '2015-12-16 03:11:23', ' Пользователь вышел с веб-сайта ', 'Выход'),
(20, 6, 4, '2015-12-16 03:11:33', ' Пользователь зашел в веб-сайт ', 'Вход'),
(21, 6, 4, '2015-12-16 03:11:43', ' Пользователь вышел с веб-сайта ', 'Выход'),
(22, 6, 4, '2015-12-16 03:11:51', ' Пользователь зашел в веб-сайт ', 'Вход'),
(23, 6, 4, '2015-12-16 20:02:09', 'Продано 1 штук товара "Звёздные войны: Пробуждение силы (2015)" в магазине "Меломан 1"', 'Продажа'),
(24, 6, 4, '2015-12-17 04:07:58', 'Добавлен новый товар. \r\n		    		Категория: "Боевики",\r\n		    		Штрих-код: "1231241312", \r\n		    		Название: "Домик в деревне 2",\r\n					Описание: "Это тоже тестовый фильм. Не обращайте внимания",\r\n					Цена: "1000",\r\n					Себестоимость: "0",\r\n					Бонус: "0%",\r\n					Скидка: "0%".', 'Новый товар'),
(25, 6, 4, '2015-12-17 04:10:06', ' Пользователь вышел с веб-сайта ', 'Выход'),
(26, 5, 4, '2015-12-17 04:10:16', ' Пользователь зашел в веб-сайт ', 'Вход'),
(27, 5, 4, '2015-12-17 04:12:08', 'Добавлен новый товар. \r\n		    		Категория: "Комедии",\r\n		    		Штрих-код: "12hbjhb23h43", \r\n		    		Название: "Бэтман 2 ",\r\n					Описание: "История...  тест тест тест тест тест тест тест тест тест тест тест тест тест тест тест тест тест тест тест тест тест",\r\n					Цена: "1500",\r\n					Себестоимость: "500",\r\n					Бонус: "10%",\r\n					Скидка: "0%".', 'Новый товар'),
(28, 5, 4, '2015-12-17 04:12:59', 'Оприходавано 10 штук товара "Звёздные войны: Пробуждение силы (2015)" на склад "Меломан 1"', 'Оприходование'),
(29, 5, 4, '2015-12-17 04:13:08', 'Оприходавано 10 штук товара "Бэтман 2 " на склад "Меломан 5"', 'Оприходование'),
(30, 5, 4, '2015-12-17 04:13:56', 'Продано 2 штук товара "Бэтман 2 " в магазине "Меломан 5"', 'Продажа'),
(31, 5, 4, '2015-12-17 21:31:13', ' Пользователь вышел с веб-сайта ', 'Выход'),
(32, 6, 4, '2015-12-24 03:28:05', ' Пользователь зашел в веб-сайт ', 'Вход'),
(33, 6, 4, '2015-12-24 04:21:39', 'Оприходавано 100 штук товара "Домик в деревне 2" на склад "Меломан 1"', 'Оприходование'),
(34, 6, 4, '2015-12-24 04:22:08', 'Продано 1 штук товара "Домик в деревне 2" в магазине "Меломан 1"', 'Продажа'),
(35, 6, 4, '2015-12-24 05:22:16', ' Пользователь вышел с веб-сайта ', 'Выход'),
(36, 6, 4, '2015-12-24 05:22:22', ' Пользователь зашел в веб-сайт ', 'Вход'),
(37, 6, 4, '2015-12-24 06:55:24', ' Пользователь зашел в веб-сайт ', 'Вход'),
(38, 1, 1, '2016-02-06 15:44:07', ' Пользователь зашел в веб-сайт ', 'Вход'),
(39, 1, 1, '2016-02-06 15:44:13', ' Пользователь зашел в веб-сайт ', 'Вход'),
(40, 6, 4, '2016-02-06 15:44:56', ' Пользователь зашел в веб-сайт ', 'Вход'),
(41, 1, 1, '2016-02-06 15:45:10', ' Пользователь зашел в веб-сайт ', 'Вход'),
(42, 1, 1, '2016-02-06 15:50:00', ' Пользователь зашел в веб-сайт ', 'Вход'),
(43, 1, 1, '2016-02-06 15:51:21', ' Пользователь зашел в веб-сайт ', 'Вход'),
(44, 1, 1, '2016-02-06 15:51:25', ' Пользователь зашел в веб-сайт ', 'Вход'),
(45, 1, 1, '2016-02-06 15:54:33', ' Пользователь зашел в веб-сайт ', 'Вход'),
(46, 1, 1, '2016-02-06 15:54:36', ' Пользователь зашел в веб-сайт ', 'Вход'),
(47, 1, 1, '2016-02-06 15:54:51', ' Пользователь зашел в веб-сайт ', 'Вход'),
(48, 1, 1, '2016-02-06 15:54:55', ' Пользователь зашел в веб-сайт ', 'Вход'),
(49, 1, 1, '2016-02-06 15:56:00', ' Пользователь зашел в веб-сайт ', 'Вход'),
(50, 1, 1, '2016-02-06 15:56:04', ' Пользователь зашел в веб-сайт ', 'Вход'),
(51, 1, 1, '2016-02-06 15:58:35', ' Пользователь зашел в веб-сайт ', 'Вход'),
(52, 1, 1, '2016-02-06 15:59:01', ' Пользователь зашел в веб-сайт ', 'Вход'),
(53, 1, 1, '2016-02-06 16:00:13', ' Пользователь зашел в веб-сайт ', 'Вход'),
(54, 1, 1, '2016-02-06 16:00:17', ' Пользователь зашел в веб-сайт ', 'Вход'),
(55, 1, 1, '2016-02-06 16:00:23', ' Пользователь зашел в веб-сайт ', 'Вход'),
(56, 1, 1, '2016-02-06 16:00:25', ' Пользователь зашел в веб-сайт ', 'Вход'),
(57, 1, 1, '2016-02-06 16:00:26', ' Пользователь зашел в веб-сайт ', 'Вход'),
(58, 1, 1, '2016-02-06 16:00:26', ' Пользователь зашел в веб-сайт ', 'Вход'),
(59, 1, 1, '2016-02-06 16:00:27', ' Пользователь зашел в веб-сайт ', 'Вход'),
(60, 1, 1, '2016-02-06 16:00:27', ' Пользователь зашел в веб-сайт ', 'Вход'),
(61, 1, 1, '2016-02-06 16:00:27', ' Пользователь зашел в веб-сайт ', 'Вход'),
(62, 1, 1, '2016-02-06 16:00:28', ' Пользователь зашел в веб-сайт ', 'Вход'),
(63, 1, 1, '2016-02-06 16:00:28', ' Пользователь зашел в веб-сайт ', 'Вход'),
(64, 1, 1, '2016-02-06 16:00:28', ' Пользователь зашел в веб-сайт ', 'Вход'),
(65, 1, 1, '2016-02-06 16:00:33', ' Пользователь зашел в веб-сайт ', 'Вход'),
(66, 1, 1, '2016-02-06 16:00:40', ' Пользователь зашел в веб-сайт ', 'Вход'),
(67, 1, 1, '2016-02-06 16:01:35', ' Пользователь зашел в веб-сайт ', 'Вход'),
(68, 1, 1, '2016-02-06 16:01:38', ' Пользователь зашел в веб-сайт ', 'Вход'),
(69, 1, 1, '2016-02-06 16:01:39', ' Пользователь зашел в веб-сайт ', 'Вход'),
(70, 1, 1, '2016-02-06 16:01:54', ' Пользователь зашел в веб-сайт ', 'Вход'),
(71, 1, 1, '2016-02-06 16:06:39', ' Пользователь зашел в веб-сайт ', 'Вход'),
(72, 1, 1, '2016-02-06 16:07:01', ' Пользователь зашел в веб-сайт ', 'Вход'),
(73, 1, 1, '2016-02-06 16:07:15', ' Пользователь зашел в веб-сайт ', 'Вход'),
(74, 1, 1, '2016-02-06 16:08:01', ' Пользователь зашел в веб-сайт ', 'Вход'),
(75, 1, 1, '2016-02-06 16:08:02', ' Пользователь зашел в веб-сайт ', 'Вход'),
(76, 1, 1, '2016-02-06 16:08:27', ' Пользователь зашел в веб-сайт ', 'Вход'),
(77, 1, 1, '2016-02-06 16:11:10', ' Пользователь зашел в веб-сайт ', 'Вход'),
(78, 1, 1, '2016-02-06 16:11:16', ' Пользователь зашел в веб-сайт ', 'Вход'),
(79, 1, 1, '2016-02-06 16:11:27', ' Пользователь зашел в веб-сайт ', 'Вход'),
(80, 1, 1, '2016-02-06 16:12:07', ' Пользователь зашел в веб-сайт ', 'Вход'),
(81, 1, 1, '2016-02-06 16:13:24', ' Пользователь зашел в веб-сайт ', 'Вход'),
(82, 1, 1, '2016-02-06 16:13:25', ' Пользователь зашел в веб-сайт ', 'Вход'),
(83, 1, 1, '2016-02-06 16:13:26', ' Пользователь зашел в веб-сайт ', 'Вход'),
(84, 1, 1, '2016-02-06 16:13:26', ' Пользователь зашел в веб-сайт ', 'Вход'),
(85, 1, 1, '2016-02-06 16:13:26', ' Пользователь зашел в веб-сайт ', 'Вход'),
(86, 1, 1, '2016-02-06 16:13:27', ' Пользователь зашел в веб-сайт ', 'Вход'),
(87, 1, 1, '2016-02-06 16:13:27', ' Пользователь зашел в веб-сайт ', 'Вход'),
(88, 1, 1, '2016-02-06 16:13:27', ' Пользователь зашел в веб-сайт ', 'Вход'),
(89, 1, 1, '2016-02-06 16:13:27', ' Пользователь зашел в веб-сайт ', 'Вход'),
(90, 1, 1, '2016-02-06 16:13:27', ' Пользователь зашел в веб-сайт ', 'Вход'),
(91, 1, 1, '2016-02-06 16:13:28', ' Пользователь зашел в веб-сайт ', 'Вход'),
(92, 1, 1, '2016-02-06 16:13:39', ' Пользователь зашел в веб-сайт ', 'Вход'),
(93, 1, 1, '2016-02-06 16:13:41', ' Пользователь зашел в веб-сайт ', 'Вход'),
(94, 1, 1, '2016-02-06 16:14:54', ' Пользователь зашел в веб-сайт ', 'Вход'),
(95, 1, 1, '2016-02-06 16:15:11', ' Пользователь зашел в веб-сайт ', 'Вход'),
(96, 1, 1, '2016-02-06 16:15:39', ' Пользователь вышел с веб-сайта ', 'Выход'),
(97, 1, 1, '2016-02-06 16:16:35', ' Пользователь зашел в веб-сайт ', 'Вход'),
(98, 1, 1, '2016-02-06 16:17:51', 'Оприходавано 1000 штук товара "Тарелка" на склад "Рита"', 'Оприходование'),
(99, 1, 1, '2016-02-08 02:03:22', 'Добавлен новый товар. \r\n						Категория: "Без категории",\r\n						Штрих-код: "12312", \r\n						Название: "Book",\r\n					Описание: "Good",\r\n					Цена: "140",\r\n					Себестоимость: "100",\r\n					Бонус: "0%",\r\n					Скидка: "0%".', 'Новый товар'),
(100, 1, 1, '2016-02-08 02:03:54', 'Оприходавано 100 штук товара "Book" на склад "Рита"', 'Оприходование'),
(101, 1, 1, '2016-02-08 02:04:05', 'Продано 10 штук товара "Book" в магазине "Рита"', 'Продажа'),
(102, 1, 1, '2016-02-08 02:04:11', 'Продано 20 штук товара "Book" в магазине "Рита"', 'Продажа'),
(103, 1, 1, '2016-02-08 02:04:16', 'Продано 30 штук товара "Book" в магазине "Рита"', 'Продажа'),
(104, 1, 1, '2016-02-09 13:19:16', ' Пользователь зашел в веб-сайт ', 'Вход'),
(105, 1, 1, '2016-02-09 13:19:21', ' Пользователь вышел с веб-сайта ', 'Выход'),
(106, 1, 1, '2016-02-09 13:19:32', ' Пользователь зашел в веб-сайт ', 'Вход'),
(107, 1, 1, '2016-02-09 14:34:12', ' Пользователь вышел с веб-сайта ', 'Выход'),
(108, 1, 1, '2016-02-09 14:34:26', ' Пользователь зашел в веб-сайт ', 'Вход'),
(109, 1, 1, '2016-02-09 14:52:51', 'Оприходавано 100 штук товара "Ручка" на склад "Рита"', 'Оприходование'),
(110, 1, 1, '2016-02-11 08:08:49', ' Пользователь зашел в веб-сайт ', 'Вход'),
(111, 1, 1, '2016-02-11 08:09:14', ' Пользователь вышел с веб-сайта ', 'Выход'),
(112, 1, 1, '2016-02-11 08:13:56', ' Пользователь зашел в веб-сайт ', 'Вход'),
(113, 1, 1, '2016-02-11 08:14:54', ' Пользователь вышел с веб-сайта ', 'Выход'),
(114, 1, 1, '2016-02-11 08:15:48', ' Пользователь зашел в веб-сайт ', 'Вход'),
(115, 1, 1, '2016-02-16 13:15:47', ' Пользователь зашел в веб-сайт ', 'Вход'),
(116, 1, 1, '2016-02-19 00:14:48', ' Пользователь зашел в веб-сайт ', 'Вход'),
(117, 1, 1, '2016-02-19 00:16:39', 'Оприходавано 10 штук товара "Нож KENZO" на склад "Рита"', 'Оприходование'),
(118, 1, 1, '2016-02-19 00:16:48', 'Продано 5 штук товара "Нож KENZO" в магазине "Рита"', 'Продажа'),
(119, 1, 1, '2016-02-19 00:27:53', ' Пользователь вышел с веб-сайта ', 'Выход'),
(120, 1, 1, '2016-02-23 09:24:51', ' Пользователь зашел в веб-сайт ', 'Вход'),
(121, 1, 1, '2016-02-23 10:07:03', 'Добавлен новый товар. \r\n						Категория: "Без категории",\r\n						Штрих-код: "1111", \r\n						Название: "Amankos",\r\n					Описание: "Rakhymbergenov",\r\n					Цена: "1600",\r\n					Себестоимость: "1000",\r\n					Бонус: "0%",\r\n					Скидка: "0%".', 'Новый товар'),
(122, 1, 1, '2016-02-23 20:22:58', 'Добавлена категория денежного потока "Аренда" с описанием "аренда за помещение"', 'Новая категория денежних потоков'),
(123, 1, 1, '2016-02-23 20:23:37', 'Добавлена категория товаров "Книги" с описанием "Исторические книги на продажу"', 'Новая категория товаров'),
(124, 1, 1, '2016-02-24 01:38:34', 'Добавлена категория денежного потока "Пожертвования" с описанием "Когда люди решают что-то пожертвовать"', 'Новая категория денежних потоков'),
(125, 1, 1, '2016-02-24 01:48:04', 'Произведен $operation на кассу "$stores[$store_id]" с комментарием "$comment" в размере $flow_price тг ', 'отток на кассу'),
(126, 1, 1, '2016-02-24 01:49:39', 'Произведен отток на кассу "Array" с комментарием "От КазМунайГаз" в размере 10000 тг ', 'отток на кассу'),
(127, 1, 1, '2016-02-24 01:50:41', 'Произведен отток на кассу "Рита" с комментарием "От КазМунайГаз" в размере 10000 тг ', 'отток на кассу'),
(128, 1, 1, '2016-02-24 01:55:14', 'Произведен приток на кассу "Светоч" с комментарием "Деньги пришли Бугага" в размере 10000 тг ', 'Приток на кассу'),
(129, 1, 1, '2016-02-24 13:36:41', 'Добавлена категория товаров " Комедия" с описанием "Фильмы жанра комедии"', 'Новая категория товаров'),
(130, 1, 1, '2016-02-26 11:31:21', ' Пользователь зашел в веб-сайт ', 'Вход'),
(131, 1, 1, '2016-02-26 11:32:51', 'Произведен отток на кассу "Светоч" с комментарием "yanvar" в размере 10000 тг ', 'Отток на кассу'),
(132, 1, 1, '2016-02-28 05:25:09', ' Пользователь вышел с веб-сайта ', 'Выход'),
(133, 1, 1, '2016-02-28 05:25:32', ' Пользователь зашел в веб-сайт ', 'Вход'),
(134, 1, 1, '2016-02-28 05:35:05', ' Пользователь вышел с веб-сайта ', 'Выход'),
(135, 1, 1, '2016-02-28 05:35:06', ' Пользователь зашел в веб-сайт ', 'Вход'),
(136, 1, 1, '2016-02-28 05:35:08', ' Пользователь вышел с веб-сайта ', 'Выход'),
(137, 1, 1, '2016-02-28 05:35:20', ' Пользователь зашел в веб-сайт ', 'Вход'),
(138, 1, 1, '2016-02-28 06:27:31', 'Перемещено 1 штук товара "Ручка" со склада "Рита" на склад "Светоч"', 'Перемещение'),
(139, 1, 1, '2016-02-28 17:37:16', '0', 'Удаление операции'),
(140, 1, 1, '2016-03-05 02:45:46', 'Удалена операция типа: ''Продажа'' сотрудником ''Рахымбергенов Аманкос Канатович''. Информация об удаленной операции: товар ''Нож KENZO'', сотрудник ''Рахымбергенов Аманкос Канатович'', магазин ''Рита'', клиент ''[Не известно]'', цена ''500'', количество ''5'', скидка ''10%'', бонус ''0%'', дата ''05/03/2016  02:45:42''.', 'Удаление операции'),
(141, 1, 1, '2016-03-05 02:46:03', 'Удалена операция типа: ''Продажа'' сотрудником ''Рахымбергенов Аманкос Канатович''. Информация об удаленной операции: товар ''Book'', сотрудник ''Рахымбергенов Аманкос Канатович'', магазин ''Рита'', клиент ''[Не известно]'', цена ''140'', количество ''20'', скидка ''0%'', бонус ''0%'', дата ''05/03/2016  02:46:00''.', 'Удаление операции'),
(142, 1, 1, '2016-03-05 12:46:52', 'Оприходавано 10 штук товара "Ручка" на склад "Рита"', 'Оприходование'),
(143, 1, 1, '2016-03-05 12:47:18', 'Удалена операция типа: ''Оприходование'' сотрудником ''Рахымбергенов Аманкос Канатович''. Информация об удаленной операции: товар ''Ручка'', сотрудник ''Рахымбергенов Аманкос Канатович'', магазин ''Рита'', количество ''10'', дата ''05/03/2016  12:47:11''.', 'Удаление операции'),
(144, 1, 1, '2016-03-15 14:37:04', ' Пользователь зашел в веб-сайт ', 'Вход'),
(145, 1, 1, '2016-03-19 23:17:44', ' Пользователь вышел с веб-сайта ', 'Выход'),
(146, 1, 1, '2016-03-19 23:17:45', ' Пользователь зашел в веб-сайт ', 'Вход'),
(147, 1, 1, '2016-03-20 00:50:56', 'Продано 10 штук товара "Ручка" в магазине "Рита"', 'Продажа'),
(148, 1, 1, '2016-03-20 00:52:22', 'Произведен приток на кассу "Рита" с комментарием "" в размере 0 тг ', 'Приток на кассу'),
(149, 1, 1, '2016-03-20 01:09:07', 'Удалена операция типа: ''Не известно'' сотрудником ''Рахымбергенов Аманкос Канатович''. Информация об удаленной операции: товар '''', сотрудник ''Рахымбергенов Аманкос Канатович'', магазин ''Светоч'', дата ''20/03/2016  01:09:03''.', 'Удаление операции'),
(150, 1, 1, '2016-03-20 08:56:44', 'Произведен отток на кассу "Рита" с комментарием "оплата за январь" в размере 2000 тг ', 'Отток на кассу'),
(151, 1, 1, '2016-03-20 08:59:23', 'Произведен отток на кассу "Рита" с комментарием "" в размере 2000 тг ', 'Отток на кассу'),
(152, 1, 1, '2016-03-20 09:10:23', 'Произведен приток на кассу "Рита" с комментарием "" в размере 1000 тг ', 'Приток на кассу'),
(153, 1, 1, '2016-03-20 13:49:10', 'Произведен приток на кассу "Рита" с комментарием "" в размере 1000 тг ', 'Приток на кассу'),
(154, 1, 1, '2016-03-20 13:49:28', 'Произведен приток на кассу "Рита" с комментарием "" в размере 20000 тг ', 'Приток на кассу'),
(155, 1, 1, '2016-03-20 13:51:04', 'Произведен отток на кассу "Рита" с комментарием "" в размере 190 тг ', 'Отток на кассу'),
(156, 1, 1, '2016-03-20 14:13:29', 'Добавлена категория денежного потока "  Деньги с банка" с описанием "Пришли денши с банкомата"', 'Новая категория денежних потоков'),
(157, 1, 1, '2016-03-20 14:14:09', 'Произведен приток на кассу "Светоч" с комментарием "Алмас приходил" в размере 20000 тг ', 'Приток на кассу'),
(158, 1, 1, '2016-03-20 15:16:41', 'Произведен приток на кассу "Рита" с комментарием "" в размере 0 тг ', 'Приток на кассу'),
(159, 1, 1, '2016-03-22 16:04:20', ' Пользователь вышел с веб-сайта ', 'Выход'),
(160, 7, 5, '2016-03-22 16:04:22', ' Пользователь зашел в веб-сайт ', 'Вход'),
(161, 7, 5, '2016-03-22 17:20:54', 'Добавлена категория денежного потока "Деловая литература" с описанием ""', 'Новая категория денежних потоков'),
(162, 7, 5, '2016-03-22 17:21:14', 'Добавлена категория денежного потока "Детская литература" с описанием ""', 'Новая категория денежних потоков'),
(163, 7, 5, '2016-03-22 17:21:35', 'Добавлена категория денежного потока "Религиозная литература" с описанием ""', 'Новая категория денежних потоков'),
(164, 7, 5, '2016-03-22 17:21:48', 'Добавлена категория денежного потока "Прочие поступления" с описанием ""', 'Новая категория денежних потоков'),
(165, 7, 5, '2016-03-22 17:21:58', 'Добавлена категория денежного потока "За семинар" с описанием ""', 'Новая категория денежних потоков'),
(166, 7, 5, '2016-03-22 17:22:27', 'Добавлена категория денежного потока "Покупка" с описанием "Покупка книг"', 'Новая категория денежних потоков'),
(167, 7, 5, '2016-03-22 17:22:40', 'Добавлена категория денежного потока "Единицы" с описанием ""', 'Новая категория денежних потоков'),
(168, 7, 5, '2016-03-22 17:22:50', 'Добавлена категория денежного потока "Зарплата" с описанием ""', 'Новая категория денежних потоков'),
(169, 7, 5, '2016-03-22 17:22:59', 'Добавлена категория денежного потока "Интернет" с описанием ""', 'Новая категория денежних потоков'),
(170, 7, 5, '2016-03-22 17:23:09', 'Добавлена категория денежного потока "Прочее" с описанием ""', 'Новая категория денежних потоков'),
(171, 7, 5, '2016-03-22 17:23:23', 'Добавлена категория денежного потока "Связь сити" с описанием ""', 'Новая категория денежних потоков'),
(172, 7, 5, '2016-03-22 17:23:33', 'Добавлена категория денежного потока "Отток к Алмазу" с описанием ""', 'Новая категория денежних потоков'),
(173, 7, 5, '2016-03-22 17:23:42', 'Добавлена категория денежного потока "Аренда" с описанием ""', 'Новая категория денежних потоков'),
(174, 7, 5, '2016-03-22 17:27:32', 'Добавлена категория товаров "Религиозная литература" с описанием ""', 'Новая категория товаров'),
(175, 7, 5, '2016-03-22 17:27:48', 'Добавлена категория товаров "Электронные книги" с описанием ""', 'Новая категория товаров'),
(176, 7, 5, '2016-03-22 17:27:59', 'Добавлена категория товаров "Деловая литература" с описанием ""', 'Новая категория товаров'),
(177, 7, 5, '2016-03-22 17:28:54', 'Добавлена категория товаров "Прочие" с описанием ""', 'Новая категория товаров'),
(178, 7, 5, '2016-03-23 14:24:25', ' Пользователь вышел с веб-сайта ', 'Выход'),
(179, 1, 1, '2016-03-23 14:24:33', ' Пользователь зашел в веб-сайт ', 'Вход'),
(180, 1, 1, '2016-03-24 14:43:59', ' Пользователь зашел в веб-сайт ', 'Вход'),
(181, 1, 1, '2016-03-24 14:44:52', 'Удалена операция типа: ''Оприходование'' сотрудником ''Рахымбергенов Аманкос Канатович''. Информация об удаленной операции: товар ''Ручка'', сотрудник ''Рахымбергенов Аманкос Канатович'', магазин ''Рита'', количество ''100'', дата ''24/03/2016  14:44:46''.', 'Удаление операции'),
(182, 1, 1, '2016-03-24 14:46:43', 'Добавлена категория денежного потока "Интернет оплата" с описанием "Ежемесячно вввв"', 'Новая категория денежних потоков'),
(183, 1, 1, '2016-03-24 14:47:07', 'Произведен отток на кассу "Рита" с комментарием "за февраль оплачено" в размере 5000 тг ', 'Отток на кассу'),
(184, 1, 1, '2016-03-24 14:48:37', 'Произведен приток на кассу "Рита" с комментарием "выфывыв" в размере 5000 тг ', 'Приток на кассу'),
(185, 1, 1, '2016-03-24 14:49:10', 'Добавлена категория товаров "Боевик" с описанием "Фильмы жанра боевик"', 'Новая категория товаров'),
(186, 1, 1, '2016-03-25 15:47:08', 'Удалена операция типа: ''Продажа'' сотрудником ''Рахымбергенов Аманкос Канатович''. Информация об удаленной операции: товар ''Ручка'', сотрудник ''Рахымбергенов Аманкос Канатович'', магазин ''Рита'', клиент ''[Не известно]'', цена ''100'', количество ''10'', скидка ''0%'', бонус ''0%'', дата ''25/03/2016  15:47:01''.', 'Удаление операции'),
(187, 1, 1, '2016-03-25 16:22:26', 'Продано 1 штук товара "Нож KENZO" в магазине "Рита"', 'Продажа'),
(188, 1, 1, '2016-05-20 15:57:24', ' Пользователь зашел в веб-сайт ', 'Вход'),
(189, 1, 1, '2016-05-20 15:57:37', ' Пользователь вышел с веб-сайта ', 'Выход'),
(190, 7, 5, '2016-05-20 15:57:42', ' Пользователь зашел в веб-сайт ', 'Вход'),
(191, 7, 5, '2016-05-30 15:43:06', ' Пользователь вышел с веб-сайта ', 'Выход'),
(192, 1, 1, '2016-05-30 15:46:07', ' Пользователь зашел в веб-сайт ', 'Вход'),
(193, 1, 1, '2016-05-30 20:09:05', 'Удалена операция типа: ''Не известно'' сотрудником ''Рахымбергенов Аманкос Канатович''. Информация об удаленной операции: товар '''', сотрудник ''Рахымбергенов Аманкос Канатович'', магазин ''Рита'', дата ''30/05/2016  20:09:02''.', 'Удаление операции'),
(194, 1, 1, '2016-05-30 20:20:53', 'Добавлен новый клиент. \r\n			Имя: "",\r\n			Фамилия: "", \r\n			Телефон: ,\r\n			Почта: "".', 'Новый клиент'),
(195, 1, 1, '2016-05-30 20:24:02', 'Добавлен новый клиент. \r\n			Имя: "A3",\r\n			Фамилия: "Р3", \r\n			Телефон: 873,\r\n			Почта: "а3@".', 'Новый клиент'),
(196, 1, 1, '2016-05-30 20:24:29', 'Добавлен новый клиент. \r\n			Имя: "A4",\r\n			Фамилия: "A5", \r\n			Телефон: 55,\r\n			Почта: "A5".', 'Новый клиент'),
(197, 1, 1, '2016-05-30 23:53:28', 'Продано 1 штук товара "Тарелка" в магазине "Рита"', 'Продажа'),
(198, 1, 1, '2016-06-01 11:06:40', 'Добавлен новый товар. \r\n					Категория: "Книги",\r\n					Штрих-код: "1312423", \r\n					Название: "Photo test",\r\n				Описание: "asdasdasdas",\r\n				Цена: "1111",\r\n				Себестоимость: "34",\r\n				Бонус: "10%",\r\n				Скидка: "10%".', 'Новый товар'),
(199, 7, 5, '2016-06-05 12:46:58', ' Пользователь зашел в веб-сайт ', 'Вход'),
(200, 7, 5, '2016-06-05 20:07:04', 'Оприходавано 13 штук товара " Коран с обложкой 4 том" на склад "Магазин Астана"', 'Оприходование'),
(201, 7, 5, '2016-06-06 02:31:31', 'Удалена операция типа: ''Оприходование'' сотрудником ''Рахымбергенов Аманкос Канатович''. Информация об удаленной операции: товар '''', сотрудник ''Рахымбергенов Аманкос Канатович'', магазин ''Магазин Астана'', количество ''13'', дата ''06/06/2016  02:31:29''.', 'Удаление операции'),
(202, 7, 5, '2016-06-06 02:46:55', 'Оприходавано 1 штук товара " Коран с обложкой 4 том" на склад "Магазин Алматы"', 'Оприходование'),
(203, 7, 5, '2016-06-09 17:14:52', 'Оприходавано 1 штук товара ""Государь" Никколо Макиавелли, Т.Филлипс. Попурри" на склад "Магазин Алматы"', 'Оприходование'),
(204, 7, 5, '2016-06-09 17:16:00', 'Удалена операция типа: ''Оприходование'' сотрудником ''Рахымбергенов Аманкос Канатович''. Информация об удаленной операции: товар ''', 'Удаление операции'),
(205, 7, 5, '2016-06-10 00:22:54', 'Произведен приток на кассу "Магазин Алматы" с комментарием "" в размере 53000 тг ', 'Приток на кассу'),
(206, 7, 5, '2016-06-10 00:58:42', 'Продано 1 штук товара ""Государь" Никколо Макиавелли, Т.Филлипс. Попурри" в магазине "Склад магазина Алматы "', 'Продажа'),
(207, 7, 5, '2016-06-10 10:04:28', ' Оформлен возврат 1 штук товара ""Государь" Никколо Макиавелли, Т.Филлипс. Попурри" в магазине "Склад магазина Алматы "', 'Возврат'),
(208, 7, 5, '2016-06-10 10:25:22', 'Добавлен новый товар. \r\n					Категория: "Прочее",\r\n					Штрих-код: "123", \r\n					Название: "13",\r\n				Описание: "123",\r\n				Цена: "123",\r\n				Себестоимость: "0",\r\n				Бонус: "10%",\r\n				Скидка: "10%".', 'Новый товар'),
(209, 7, 5, '2016-06-10 10:25:43', 'Оприходавано 10 штук товара "13" на склад "Магазин Алматы"', 'Оприходование'),
(210, 7, 5, '2016-06-10 10:26:27', 'Продано 1 штук товара "13" в магазине "Магазин Алматы"', 'Продажа'),
(211, 7, 5, '2016-06-10 10:31:29', ' Оформлен возврат 1 штук товара "13" в магазине "Магазин Алматы"', 'Возврат'),
(212, 7, 5, '2016-06-10 10:32:02', 'Удалена операция типа: ''Возврат'' сотрудником ''Рахымбергенов Аманкос Канатович''. Информация об удаленной операции: товар ''13'', сотрудник ''Рахымбергенов Аманкос Канатович'', магазин ''Магазин Алматы'', клиент ''[Не известно]'', цена ''123'', количество ''1'', скидка ''10%'', бонус ''10%'', причина '''', дата ''10/06/2016  10:31:59''.', 'Удаление операции'),
(213, 7, 5, '2016-06-10 10:32:16', 'Удалена операция типа: ''Продажа'' сотрудником ''Рахымбергенов Аманкос Канатович''. Информация об удаленной операции: товар ''13'', сотрудник ''Рахымбергенов Аманкос Канатович'', магазин ''Магазин Алматы'', клиент ''[Не известно]'', цена ''123'', количество ''1'', скидка ''10%'', бонус ''10%'', дата ''10/06/2016  10:32:13''.', 'Удаление операции'),
(214, 7, 5, '2016-06-10 10:32:31', 'Удалена операция типа: ''Оприходование'' сотрудником ''Рахымбергенов Аманкос Канатович''. Информация об удаленной операции: товар ''13'', сотрудник ''Рахымбергенов Аманкос Канатович'', магазин ''Магазин Алматы'', количество ''10'', дата ''10/06/2016  10:32:29''.', 'Удаление операции'),
(215, 7, 5, '2016-06-10 10:59:08', 'Удалена операция типа: ''Продажа'' сотрудником ''Рахымбергенов Аманкос Канатович''. Информация об удаленной операции: товар ''', 'Удаление операции'),
(216, 7, 5, '2016-06-10 10:59:48', 'Удалена операция типа: ''Возврат'' сотрудником ''Рахымбергенов Аманкос Канатович''. Информация об удаленной операции: товар ''', 'Удаление операции'),
(217, 7, 5, '2016-06-10 18:36:19', ' Пользователь зашел в веб-сайт ', 'Вход');

--
-- Очистить таблицу перед добавлением данных `moves`
--

TRUNCATE TABLE `moves`;
--
-- Дамп данных таблицы `moves`
--

INSERT INTO `moves` (`move_id`, `good_id`, `comp_id`, `from_store_id`, `to_store_id`, `count`, `employee_id`, `move_date`) VALUES
(1, 11, 4, 3, 4, 1, 6, '2015-12-04 11:26:33'),
(2, 11, 4, 3, 4, 1, 6, '2015-12-04 11:32:18'),
(3, 16, 4, 7, 6, 5, 6, '2015-12-16 01:34:59');

--
-- Очистить таблицу перед добавлением данных `net_prices`
--

TRUNCATE TABLE `net_prices`;
--
-- Дамп данных таблицы `net_prices`
--

INSERT INTO `net_prices` (`net_price_id`, `from_date`, `net_price`, `good_id`, `comp_id`) VALUES
(1, '2015-11-20 08:00:00', 170000, 20, 4),
(2, '2015-11-23 08:00:00', 180000, 20, 4);

--
-- Очистить таблицу перед добавлением данных `returns`
--

TRUNCATE TABLE `returns`;
--
-- Дамп данных таблицы `returns`
--

INSERT INTO `returns` (`return_id`, `good_id`, `comp_id`, `store_id`, `employee_id`, `client_id`, `return_date`, `price`, `net_price`, `count`, `discount`, `bonus`, `reason`) VALUES
(2, 11, 4, 3, 6, 0, '2015-12-06 04:12:39', 800, 0, 5, 0, 0, 'Брак'),
(4, 16, 4, 7, 6, 0, '2015-12-16 01:34:47', 1000, 0, 1, 0, 0, 'Брак'),
(5, 26, 1, 1, 1, 0, '2016-03-01 16:33:14', 140, 0, 1, 0, 0, 'Hello<script>alert("Hell");</script>');

--
-- Очистить таблицу перед добавлением данных `sells`
--

TRUNCATE TABLE `sells`;
--
-- Дамп данных таблицы `sells`
--

INSERT INTO `sells` (`sell_id`, `good_id`, `comp_id`, `store_id`, `employee_id`, `client_id`, `sell_date`, `price`, `net_price`, `count`, `discount`, `bonus`) VALUES
(27, 11, 4, 3, 4, 2, '2015-11-21 03:10:23', 800, 197, 2, 0, 0),
(28, 11, 4, 4, 4, 2, '2015-11-20 19:20:53', 800, 197, 1, 0, 0),
(29, 12, 4, 4, 4, 2, '2015-11-19 16:34:35', 500, 127, 2, 0, 0),
(30, 11, 4, 3, 4, 2, '2015-11-12 15:26:23', 800, 197, 1, 0, 0),
(31, 11, 4, 3, 4, 2, '2015-10-10 11:10:22', 800, 197, 5, 0, 0),
(32, 20, 4, 3, 4, 0, '2015-11-13 13:10:23', 150000, 100000, 2, 0, 0),
(33, 20, 4, 3, 4, 0, '2015-11-26 10:27:35', 250000, 100000, 12, 0, 0),
(34, 20, 4, 3, 4, 0, '2015-11-28 12:23:28', 250000, 100000, 5, 0, 0),
(35, 20, 4, 4, 4, 0, '2015-11-23 10:30:34', 250000, 100000, 8, 0, 0),
(36, 11, 4, 3, 6, 2, '2015-12-04 12:44:11', 800, 0, 1, 0, 0),
(37, 11, 4, 3, 6, 0, '2015-12-04 12:44:27', 800, 0, 12, 0, 0),
(38, 11, 4, 3, 4, 0, '2015-12-05 21:02:16', 800, 0, 10, 0, 0),
(39, 11, 4, 3, 6, 0, '2015-12-06 02:45:31', 800, 0, 10, 0, 0),
(40, 11, 4, 3, 6, 0, '2015-12-06 03:30:51', 800, 0, 10, 0, 0),
(41, 16, 4, 7, 6, 0, '2015-12-16 01:34:08', 1000, 0, 1, 0, 0),
(42, 11, 4, 3, 6, 0, '2015-12-16 20:02:09', 800, 0, 1, 0, 0),
(43, 25, 4, 7, 5, 0, '2015-12-17 04:13:56', 1500, 0, 2, 0, 10),
(44, 24, 4, 3, 6, 0, '2015-12-24 04:22:08', 1000, 0, 1, 0, 0),
(45, 26, 1, 1, 1, 0, '2016-02-08 02:04:05', 140, 0, 10, 0, 0),
(47, 26, 1, 1, 1, 0, '2016-02-08 02:04:16', 140, 0, 30, 0, 0),
(49, 4, 1, 1, 1, 0, '2016-03-25 16:22:26', 500, 0, 1, 10, 0),
(50, 2, 1, 1, 1, 0, '2016-05-30 23:53:28', 299, 0, 1, 0, 0);

--
-- Очистить таблицу перед добавлением данных `stores`
--

TRUNCATE TABLE `stores`;
--
-- Дамп данных таблицы `stores`
--

INSERT INTO `stores` (`store_id`, `pic_url`, `name`, `address`, `comp_id`) VALUES
(1, '', 'Рита', 'Turgut Ozala 70', 1),
(2, '', 'Светоч', 'Tole bi 70', 1),
(3, 'images\\meloman01.png', 'Меломан 1', 'Тургут Озала 70', 4),
(4, 'images\\meloman02.png', 'Меломан 2', 'Тургут Озала 80', 4),
(5, 'images\\meloman03.png', 'Меломан 3', 'Тургут Озала 90', 4),
(6, '', 'Меломан 4', 'Тургут Озала 83', 4),
(7, '', 'Меломан 5', 'Тургут Озала 82', 4),
(8, '', 'Магазин Алматы', 'г. Алматы, ул. Саина - ул. Момышулы (т.ц. ЛЮМИР)', 5),
(9, '', 'Склад магазина Алматы ', 'г. Алматы, ул. Саина - ул. Момышулы (т.ц. ЛЮМИР)', 5),
(10, '', 'Магазин Астана', 'г. Астана, пр. Бауыржана Момышулы д.10 (торг. дом РАХМЕТ, 3 этаж)', 5),
(11, '', 'Склад магазина Астана', 'г. Астана, пр. Бауыржана Момышулы д.10 (торг. дом РАХМЕТ, 3 этаж)', 5),
(12, '', 'Контейнер', 'г. Алматы', 5),
(13, '', 'Интернет магазин', 'Интернет', 5);

--
-- Очистить таблицу перед добавлением данных `users`
--

TRUNCATE TABLE `users`;
--
-- Дамп данных таблицы `users`
--

INSERT INTO `users` (`id`, `name`, `surname`, `patronymic`, `pic_url`, `gender`, `info`, `type`, `job`, `comp_id`, `email`, `password`) VALUES
(1, 'Аманкос', 'Рахымбергенов', 'Канатович', '', 'M', 'Mobile Developer', 'seller', 0, 1, 'amankosss@mail.ru', 'A555555a'),
(2, 'Елена', 'Сергеева', '', '', 'F', 'Бухгалтер', 'counter', 15, 2, 'elena@gmail.com', 'A555555a'),
(4, 'Иван', 'Иванов', 'Иванович', NULL, 'M', 'Образованный, пунктуальный ...', 'seller', 1, 4, 'seller_meloman@gmail.com', 'A555555a'),
(5, 'Елена', 'Смирнова', 'Олеговна', NULL, 'F', 'Активистка компании, высшее образование...', 'keeper', 2, 4, 'keeper_meloman@gmail.com', 'A555555a'),
(6, 'Аманкос', 'Рахымбергенов', 'Канатович', 'images/amankos_ava.jpg', 'M', 'Выпускник КБТУ, ответственный , пунктуальный...', 'admin', 255, 4, 'admin_meloman@gmail.com', 'A555555a'),
(7, 'Аманкос', 'Рахымбергенов', 'Канатович', 'images/amankos_ava.jpg', 'M', 'Выпускник КБТУ, ответственный , пунктуальный...', 'admin', 255, 5, 'amankosss@gmail.com', 'A555555a'),
(8, 'Гаухар', 'Каиргалиева', 'Ерболовна', '', 'F', '', 'admin', 255, 5, 'g.kairgaliyeva@brk.kz', 'qwerty123');

/*!40101 SET CHARACTER_SET_CLIENT=@OLD_CHARACTER_SET_CLIENT */;
/*!40101 SET CHARACTER_SET_RESULTS=@OLD_CHARACTER_SET_RESULTS */;
/*!40101 SET COLLATION_CONNECTION=@OLD_COLLATION_CONNECTION */;
