-- phpMyAdmin SQL Dump
-- version 4.0.10.14
-- http://www.phpmyadmin.net
--
-- Хост: localhost:3306
-- Время создания: Сен 24 2016 г., 08:54
-- Версия сервера: 5.6.33
-- Версия PHP: 5.6.20

SET SQL_MODE = "NO_AUTO_VALUE_ON_ZERO";
SET time_zone = "+00:00";


/*!40101 SET @OLD_CHARACTER_SET_CLIENT=@@CHARACTER_SET_CLIENT */;
/*!40101 SET @OLD_CHARACTER_SET_RESULTS=@@CHARACTER_SET_RESULTS */;
/*!40101 SET @OLD_COLLATION_CONNECTION=@@COLLATION_CONNECTION */;
/*!40101 SET NAMES utf8 */;

--
-- База данных: `e4234_bhelp`
--

-- --------------------------------------------------------

--
-- Структура таблицы `cashflows`
--
-- Создание: Сен 22 2016 г., 23:16
--

CREATE TABLE IF NOT EXISTS `cashflows` (
  `cashflow_id` int(11) NOT NULL AUTO_INCREMENT,
  `cashflow_type_id` int(11) NOT NULL,
  `comment` text NOT NULL,
  `comp_id` int(11) NOT NULL,
  `employee_id` int(11) NOT NULL,
  `store_id` int(11) NOT NULL,
  `price` float NOT NULL,
  `cashflow_date` datetime NOT NULL,
  PRIMARY KEY (`cashflow_id`)
) ENGINE=InnoDB  DEFAULT CHARSET=utf8 AUTO_INCREMENT=140 ;

--
-- Дамп данных таблицы `cashflows`
--

INSERT INTO `cashflows` (`cashflow_id`, `cashflow_type_id`, `comment`, `comp_id`, `employee_id`, `store_id`, `price`, `cashflow_date`) VALUES
(12, 0, '', 1, 1, 1, 1000, '2016-03-20 09:10:23'),
(13, 0, '', 1, 1, 1, 1000, '2016-03-20 13:49:10'),
(14, 0, '', 1, 1, 1, 20000, '2016-03-20 13:49:28'),
(15, 3, '', 1, 1, 1, 190, '2016-03-20 13:51:04'),
(16, 4, 'Алмас приходил', 1, 1, 2, 20000, '2016-03-20 14:14:09'),
(17, 0, '', 1, 1, 1, 0, '2016-03-20 15:16:41'),
(18, 18, 'за февраль оплачено', 1, 1, 1, 5000, '2016-03-24 14:47:07'),
(19, 3, '', 5, 1, 8, 79412, '2016-09-22 11:38:00'),
(24, 3, '', 5, 1, 8, 0.8, '2016-09-22 11:47:38'),
(78, 14, 'оплата ТОО Туркестан за книгу жизнь пророка(с.ас.)', 5, 1, 8, 60000, '2016-09-22 18:18:04'),
(79, 14, 'ценовая разница уш аю', 5, 1, 8, 30, '2016-09-22 18:18:55'),
(80, 26, 'Жизнь Пророка с.а.с. в подарок', 5, 1, 8, 600, '2016-09-22 18:21:01'),
(81, 5, '', 5, 1, 8, 600, '2016-09-22 18:21:13'),
(82, 14, 'ценовая разница теория игр', 5, 1, 8, 300, '2016-09-22 18:22:51'),
(83, 4, 'использован Бонус Хьюстон', 5, 1, 8, 900, '2016-09-22 18:23:15'),
(84, 25, 'Триллионер слушает', 5, 1, 8, 3100, '2016-09-22 18:25:15'),
(85, 3, 'Триллионер слушает', 5, 1, 15, 3100, '2016-09-22 18:25:29'),
(86, 3, 'ценовая разница мужчины и ислам', 5, 1, 8, 100, '2016-09-22 18:27:08'),
(87, 3, 'ценовая разница мужчины и ислам', 5, 1, 8, 100, '2016-09-22 18:28:31'),
(88, 14, 'ценова разница женщина и ислам', 5, 1, 8, 100, '2016-09-22 18:29:36'),
(89, 25, 'Мудрость женщины', 5, 1, 8, 1250, '2016-09-22 18:31:18'),
(90, 24, 'Мудрость женщины', 5, 1, 15, 1250, '2016-09-22 18:31:32'),
(91, 13, 'казпочта', 5, 1, 8, 8500, '2016-09-22 18:32:19'),
(92, 16, '', 5, 1, 8, 2000, '2016-09-22 18:32:48'),
(93, 5, '', 5, 1, 8, 6067, '2016-09-22 18:33:12'),
(94, 8, 'Исмаил', 5, 1, 8, 5000, '2016-09-22 18:35:54'),
(95, 4, 'Использован бонусы Касенова Ментай', 5, 1, 8, 530, '2016-09-22 18:36:58'),
(96, 11, '', 5, 1, 8, 85000, '2016-09-22 18:38:26'),
(97, 27, 'не грусти', 5, 1, 8, 3600, '2016-09-22 18:46:55'),
(99, 11, '', 5, 1, 8, 130000, '2016-09-22 18:49:13'),
(100, 3, 'не грусти', 5, 1, 15, 3600, '2016-09-22 18:51:10'),
(101, 11, '', 5, 1, 8, 60000, '2016-09-23 10:08:40'),
(102, 23, '', 5, 1, 8, 250, '2016-09-23 10:09:03'),
(103, 25, 'Фин.трил.,мус.мол.пр.,потуст.миры, загадки жен.мозга,изм.мозг.изм.воз.', 5, 1, 8, 12210, '2016-09-23 10:11:22'),
(104, 24, 'Фин.трил.,мус.мол.пр.,потуст.миры, загадки жен.мозга,изм.мозг.изм.воз.', 5, 1, 15, 12210, '2016-09-23 10:11:39'),
(105, 3, 'ценовая разница расписание триллионера', 5, 1, 8, 100, '2016-09-23 10:22:08'),
(106, 4, 'использован бонус Белый Александр', 5, 1, 8, 540, '2016-09-23 10:23:06'),
(107, 4, 'Использован Бонусы Расуловы Зарины ', 5, 1, 8, 545, '2016-09-23 10:23:56'),
(109, 8, 'Исмаил', 5, 1, 8, 5000, '2016-09-23 10:24:56'),
(110, 4, 'использован бонус Каиргельдин Марат', 5, 1, 8, 720, '2016-09-23 10:28:50'),
(111, 8, 'Бонусы Жадры', 5, 1, 8, 20000, '2016-09-23 10:31:25'),
(112, 26, 'скидка Жадры', 5, 1, 8, 850, '2016-09-23 10:32:01'),
(113, 11, '', 5, 1, 8, 5000, '2016-09-23 10:32:51'),
(114, 14, 'ценовая разница Сүйкімді сұлулар (Милые красавицы)', 5, 1, 8, 425, '2016-09-23 10:34:03'),
(115, 4, 'Использован Бонусы Садыркулова Зауре', 5, 1, 8, 585, '2016-09-23 10:35:58'),
(116, 4, 'Использован Бонусы Каратаева Айжан', 5, 1, 8, 420, '2016-09-23 10:36:22'),
(118, 8, 'Исмаил', 5, 1, 8, 5000, '2016-09-23 10:38:52'),
(119, 14, 'ценовая разница тажуид ереж.', 5, 1, 8, 500, '2016-09-23 10:44:40'),
(120, 27, 'Финансы триллионера, epay или на карточку', 5, 1, 8, 4200, '2016-09-23 10:56:24'),
(121, 28, 'Финансы триллионера, epay или на карточку', 5, 1, 15, 4200, '2016-09-23 10:57:14'),
(122, 3, 'Жадыра оплатила за детские книги', 5, 1, 8, 2230, '2016-09-23 10:58:29'),
(123, 8, 'Исмаил бонус за август', 5, 1, 8, 5000, '2016-09-23 10:59:18'),
(124, 12, 'РДЦ', 5, 1, 8, 12896, '2016-09-23 10:59:50'),
(125, 17, 'Айжан книги, пакеты, ленты,', 5, 1, 8, 1000, '2016-09-23 11:01:04'),
(126, 14, 'парковка', 5, 1, 8, 400, '2016-09-23 11:01:19'),
(127, 15, 'билеты на семинар', 5, 1, 8, 4800, '2016-09-23 11:02:30'),
(128, 14, '', 5, 1, 8, 4160, '2016-09-23 11:02:51'),
(129, 14, 'ленты', 5, 1, 8, 4200, '2016-09-23 11:03:08'),
(130, 12, 'Адилет', 5, 1, 8, 53100, '2016-09-23 11:05:24'),
(132, 29, '', 5, 1, 8, 3900, '2016-09-23 11:16:39'),
(133, 5, '', 5, 1, 8, 6669, '2016-09-23 11:17:05'),
(134, 11, '', 5, 1, 8, 60000, '2016-09-23 11:17:23'),
(135, 4, 'Бонусы Махаметова Алмаса ', 5, 1, 8, 779, '2016-09-23 11:25:31'),
(136, 8, 'Айжан бонус август', 5, 1, 8, 24231, '2016-09-23 11:31:26'),
(137, 14, 'ценовая разница как разг с кем уг', 5, 1, 8, 20, '2016-09-23 17:11:35'),
(138, 14, 'Айжан подарок на др Фин трилл', 5, 1, 8, 4200, '2016-09-24 11:43:02'),
(139, 14, '', 5, 1, 8, 1040, '2016-09-24 11:49:59');

-- --------------------------------------------------------

--
-- Структура таблицы `cashflow_types`
--
-- Создание: Сен 22 2016 г., 23:16
--

CREATE TABLE IF NOT EXISTS `cashflow_types` (
  `cashflow_type_id` int(11) NOT NULL AUTO_INCREMENT,
  `title` varchar(255) NOT NULL,
  `description` text NOT NULL,
  `flow_type` int(11) NOT NULL,
  `is_real` int(11) NOT NULL,
  `comp_id` int(11) NOT NULL,
  PRIMARY KEY (`cashflow_type_id`)
) ENGINE=InnoDB  DEFAULT CHARSET=utf8 AUTO_INCREMENT=30 ;

--
-- Дамп данных таблицы `cashflow_types`
--

INSERT INTO `cashflow_types` (`cashflow_type_id`, `title`, `description`, `flow_type`, `is_real`, `comp_id`) VALUES
(1, 'Аренда', '', 0, 1, 5),
(2, 'Бонус продавца', '', 0, 1, 5),
(3, 'Внесение наличных', '', 1, 1, 5),
(4, 'Возврат денег покупателю', '', 0, 1, 5),
(5, 'Доставка, оплаченная клиентом', '', 0, 0, 5),
(6, 'Единицы', '', 0, 1, 5),
(7, 'За семинар', '', 1, 0, 5),
(8, 'Зарплата', '', 0, 1, 5),
(9, 'Интернет', '', 0, 1, 5),
(10, 'Отток денег из кассы Азамату', '', 0, 1, 5),
(11, 'Отток денег из кассы Алмазу', '', 0, 1, 5),
(12, 'Покупка ТМЗ', '', 0, 1, 5),
(13, 'Поступление денег от покупателя', '', 1, 1, 5),
(14, 'Прочие расходы', '', 0, 1, 5),
(15, 'Прочие расходы по семинару', '', 0, 1, 5),
(16, 'Связь сити', '', 0, 1, 5),
(17, 'Транспортные расходы', '', 0, 1, 5),
(18, 'Расходы по доставке', '', 0, 1, 5),
(19, 'Убытки по доставке', '', 0, 1, 5),
(20, 'Расходы на рекламу', '', 0, 1, 5),
(21, 'Комиссия банка minipos, epay', '', 0, 1, 5),
(22, 'Поступление от покупателей через Пони Экспресс', '', 1, 1, 5),
(23, 'Оформление', '', 1, 1, 5),
(24, 'Минипос', 'Поступление от клиента от Minipos-терминала', 1, 1, 5),
(25, 'Минипос', 'Удаление суммы оплаченной Minipos-терминалом с кассы магазина', 0, 0, 5),
(26, 'Скидка', '', 0, 1, 5),
(27, 'Epay или на карточку', 'Удаление суммы оплаченной через Epay или же через карточку с кассы магазина', 0, 0, 5),
(28, 'Epay или на карточку', '', 1, 1, 5),
(29, 'Возмещение за доставку', '', 1, 0, 5);

-- --------------------------------------------------------

--
-- Структура таблицы `categories`
--
-- Создание: Сен 22 2016 г., 23:16
--

CREATE TABLE IF NOT EXISTS `categories` (
  `cat_id` int(30) NOT NULL AUTO_INCREMENT,
  `title` varchar(200) NOT NULL,
  `description` text NOT NULL,
  `parent_id` int(30) NOT NULL DEFAULT '0',
  `level` int(30) NOT NULL DEFAULT '1',
  `comp_id` int(30) NOT NULL,
  PRIMARY KEY (`cat_id`)
) ENGINE=InnoDB  DEFAULT CHARSET=utf8 AUTO_INCREMENT=23 ;

--
-- Дамп данных таблицы `categories`
--

INSERT INTO `categories` (`cat_id`, `title`, `description`, `parent_id`, `level`, `comp_id`) VALUES
(17, 'Религиозная литература', '', 0, 1, 5),
(18, 'Электронные книги', '', 0, 1, 5),
(19, 'Деловая литература', '', 0, 1, 5),
(20, 'Прочее', '', 0, 1, 5),
(21, 'Детская литература', '', 0, 1, 5),
(22, 'Эл жайнамаз', '', 0, 1, 5);

-- --------------------------------------------------------

--
-- Структура таблицы `clients`
--
-- Создание: Сен 22 2016 г., 23:16
--

CREATE TABLE IF NOT EXISTS `clients` (
  `client_id` int(30) NOT NULL AUTO_INCREMENT,
  `phone` varchar(15) DEFAULT NULL,
  `email` varchar(40) DEFAULT NULL,
  `password` varchar(30) DEFAULT NULL,
  `comp_id` int(30) NOT NULL,
  `name` varchar(30) DEFAULT NULL,
  `surname` varchar(30) DEFAULT NULL,
  PRIMARY KEY (`client_id`)
) ENGINE=InnoDB DEFAULT CHARSET=utf8 AUTO_INCREMENT=1 ;

-- --------------------------------------------------------

--
-- Структура таблицы `companies`
--
-- Создание: Сен 22 2016 г., 23:16
--

CREATE TABLE IF NOT EXISTS `companies` (
  `comp_id` int(30) NOT NULL AUTO_INCREMENT,
  `name` varchar(100) NOT NULL,
  `description` text NOT NULL,
  `email` varchar(30) NOT NULL,
  PRIMARY KEY (`comp_id`)
) ENGINE=InnoDB  DEFAULT CHARSET=utf8 AUTO_INCREMENT=6 ;

--
-- Дамп данных таблицы `companies`
--

INSERT INTO `companies` (`comp_id`, `name`, `description`, `email`) VALUES
(1, 'TOO BRK', 'Financial company', 'amankosss@mail.ru'),
(2, 'TOO KAZMUNAIGAZ', 'Fuel creater company', 'kazmaz@kmg.kz'),
(3, 'TOO "Logycom"', 'Компания занимающаяся торговлей качественной техники по доступной цене. ', 'logycom@gmail.com'),
(4, 'Меломан', 'ООО Меломан — казахстанская ритейлинговая, дистрибуторская и производственная компания, специализирующаяся на производстве и продаже аудио- и видеопродукции, книг, бытовой электроники и сопутствующих товаров.', 'meloman@gmail.com'),
(5, 'BRK Consulting', 'Financial company', 'amankosss@gmail.com');

-- --------------------------------------------------------

--
-- Структура таблицы `debits`
--
-- Создание: Сен 22 2016 г., 23:16
--

CREATE TABLE IF NOT EXISTS `debits` (
  `debit_id` int(30) NOT NULL AUTO_INCREMENT,
  `good_id` int(30) NOT NULL,
  `count` int(30) NOT NULL,
  `comp_id` int(30) NOT NULL,
  `store_id` int(30) NOT NULL,
  `net_price` int(11) DEFAULT NULL,
  `employee_id` int(30) NOT NULL,
  `debit_date` datetime NOT NULL,
  PRIMARY KEY (`debit_id`)
) ENGINE=InnoDB  DEFAULT CHARSET=utf8 AUTO_INCREMENT=670 ;

--
-- Дамп данных таблицы `debits`
--

INSERT INTO `debits` (`debit_id`, `good_id`, `count`, `comp_id`, `store_id`, `net_price`, `employee_id`, `debit_date`) VALUES
(1, 5000091, 237, 5, 8, 6993, 1, '2016-09-08 00:00:00'),
(2, 5000572, 122, 5, 8, 856, 1, '2016-09-08 00:00:00'),
(3, 5000820, 121, 5, 8, 300, 1, '2016-09-08 00:00:00'),
(4, 5000816, 76, 5, 8, 500, 1, '2016-09-08 00:00:00'),
(5, 5000057, 74, 5, 8, 513, 1, '2016-09-08 00:00:00'),
(6, 5000086, 70, 5, 8, 1609, 1, '2016-09-08 00:00:00'),
(7, 5000006, 63, 5, 8, 1050, 1, '2016-09-08 00:00:00'),
(8, 5000089, 60, 5, 8, 3145, 1, '2016-09-08 00:00:00'),
(9, 5000047, 59, 5, 8, 392, 1, '2016-09-08 00:00:00'),
(10, 5000019, 58, 5, 8, 769, 1, '2016-09-08 00:00:00'),
(11, 5000083, 55, 5, 8, 2172, 1, '2016-09-08 00:00:00'),
(12, 5000007, 53, 5, 8, 392, 1, '2016-09-08 00:00:00'),
(13, 5000013, 49, 5, 8, 1503, 1, '2016-09-08 00:00:00'),
(14, 5000042, 49, 5, 8, 668, 1, '2016-09-08 00:00:00'),
(15, 5000085, 49, 5, 8, 2163, 1, '2016-09-08 00:00:00'),
(16, 5000015, 48, 5, 8, 360, 1, '2016-09-08 00:00:00'),
(17, 5000061, 47, 5, 8, 392, 1, '2016-09-08 00:00:00'),
(18, 5000014, 44, 5, 8, 525, 1, '2016-09-08 00:00:00'),
(19, 5000853, 44, 5, 8, 450, 1, '2016-09-08 00:00:00'),
(20, 5000028, 43, 5, 8, 1409, 1, '2016-09-08 00:00:00'),
(21, 5000084, 43, 5, 8, 1581, 1, '2016-09-08 00:00:00'),
(22, 5000008, 37, 5, 8, 524, 1, '2016-09-08 00:00:00'),
(23, 5000023, 37, 5, 8, 847, 1, '2016-09-08 00:00:00'),
(24, 5000037, 33, 5, 8, 875, 1, '2016-09-08 00:00:00'),
(25, 5000090, 32, 5, 8, 1577, 1, '2016-09-08 00:00:00'),
(26, 5000062, 29, 5, 8, 0, 1, '2016-09-08 00:00:00'),
(27, 5000066, 28, 5, 8, 1753, 1, '2016-09-08 00:00:00'),
(28, 5000809, 27, 5, 8, 100, 1, '2016-09-08 00:00:00'),
(29, 5000039, 26, 5, 8, 1205, 1, '2016-09-08 00:00:00'),
(30, 5000092, 26, 5, 8, 1771, 1, '2016-09-08 00:00:00'),
(31, 5000082, 25, 5, 8, 955, 1, '2016-09-08 00:00:00'),
(32, 5000022, 24, 5, 8, 724, 1, '2016-09-08 00:00:00'),
(33, 5000010, 22, 5, 8, 1717, 1, '2016-09-08 00:00:00'),
(34, 5000890, 21, 5, 8, 0, 1, '2016-09-08 00:00:00'),
(35, 5000040, 19, 5, 8, 520, 1, '2016-09-08 00:00:00'),
(36, 5000041, 19, 5, 8, 523, 1, '2016-09-08 00:00:00'),
(37, 5000857, 19, 5, 8, 1800, 1, '2016-09-08 00:00:00'),
(38, 5000032, 18, 5, 8, 449, 1, '2016-09-08 00:00:00'),
(39, 5000035, 18, 5, 8, 392, 1, '2016-09-08 00:00:00'),
(40, 5000043, 18, 5, 8, 1411, 1, '2016-09-08 00:00:00'),
(41, 5000058, 18, 5, 8, 782, 1, '2016-09-08 00:00:00'),
(42, 5000871, 17, 5, 8, 1100, 1, '2016-09-08 00:00:00'),
(43, 5000103, 16, 5, 8, 1383, 1, '2016-09-08 00:00:00'),
(44, 5000582, 16, 5, 8, 663, 1, '2016-09-08 00:00:00'),
(45, 5000074, 14, 5, 8, 392, 1, '2016-09-08 00:00:00'),
(46, 5000104, 14, 5, 8, 1058, 1, '2016-09-08 00:00:00'),
(47, 5000108, 14, 5, 8, 392, 1, '2016-09-08 00:00:00'),
(48, 5000098, 13, 5, 8, 1524, 1, '2016-09-08 00:00:00'),
(49, 5000861, 13, 5, 8, 750, 1, '2016-09-08 00:00:00'),
(50, 5000868, 13, 5, 8, 750, 1, '2016-09-08 00:00:00'),
(51, 5000017, 12, 5, 8, 754, 1, '2016-09-08 00:00:00'),
(52, 5000036, 12, 5, 8, 773, 1, '2016-09-08 00:00:00'),
(53, 5000808, 12, 5, 8, 250, 1, '2016-09-08 00:00:00'),
(54, 5000068, 11, 5, 8, 392, 1, '2016-09-08 00:00:00'),
(55, 5000100, 11, 5, 8, 392, 1, '2016-09-08 00:00:00'),
(56, 5000012, 10, 5, 8, 855, 1, '2016-09-08 00:00:00'),
(57, 5000056, 10, 5, 8, 392, 1, '2016-09-08 00:00:00'),
(58, 5000101, 10, 5, 8, 1572, 1, '2016-09-08 00:00:00'),
(59, 5000109, 10, 5, 8, 2061, 1, '2016-09-08 00:00:00'),
(60, 5000318, 10, 5, 8, 1136, 1, '2016-09-08 00:00:00'),
(61, 5000087, 9, 5, 8, 2255, 1, '2016-09-08 00:00:00'),
(62, 5000107, 9, 5, 8, 1110, 1, '2016-09-08 00:00:00'),
(63, 5000111, 9, 5, 8, 392, 1, '2016-09-08 00:00:00'),
(64, 5000263, 9, 5, 8, 808, 1, '2016-09-08 00:00:00'),
(65, 5000422, 8, 5, 8, 1908, 1, '2016-09-08 00:00:00'),
(66, 5000870, 8, 5, 8, 3250, 1, '2016-09-08 00:00:00'),
(67, 5000889, 8, 5, 8, 3800, 1, '2016-09-08 00:00:00'),
(68, 5000048, 7, 5, 8, 3296, 1, '2016-09-08 00:00:00'),
(69, 5000366, 7, 5, 8, 679, 1, '2016-09-08 00:00:00'),
(70, 5000434, 7, 5, 8, 307, 1, '2016-09-08 00:00:00'),
(71, 5000748, 7, 5, 8, 626, 1, '2016-09-08 00:00:00'),
(72, 5000106, 6, 5, 8, 1595, 1, '2016-09-08 00:00:00'),
(73, 5000129, 6, 5, 8, 690, 1, '2016-09-08 00:00:00'),
(74, 5000195, 6, 5, 8, 1274, 1, '2016-09-08 00:00:00'),
(75, 5000221, 6, 5, 8, 640, 1, '2016-09-08 00:00:00'),
(76, 5000298, 6, 5, 8, 778, 1, '2016-09-08 00:00:00'),
(77, 5000323, 6, 5, 8, 437, 1, '2016-09-08 00:00:00'),
(78, 5000824, 6, 5, 8, 500, 1, '2016-09-08 00:00:00'),
(79, 5000046, 5, 5, 8, 392, 1, '2016-09-08 00:00:00'),
(80, 5000052, 5, 5, 8, 3426, 1, '2016-09-08 00:00:00'),
(81, 5000099, 5, 5, 8, 1537, 1, '2016-09-08 00:00:00'),
(82, 5000155, 5, 5, 8, 2436, 1, '2016-09-08 00:00:00'),
(83, 5000224, 5, 5, 8, 1820, 1, '2016-09-08 00:00:00'),
(84, 5000231, 5, 5, 8, 1735, 1, '2016-09-08 00:00:00'),
(85, 5000424, 5, 5, 8, 750, 1, '2016-09-08 00:00:00'),
(86, 5000465, 5, 5, 8, 1977, 1, '2016-09-08 00:00:00'),
(87, 5000495, 5, 5, 8, 366, 1, '2016-09-08 00:00:00'),
(88, 5000535, 5, 5, 8, 213, 1, '2016-09-08 00:00:00'),
(89, 5000590, 5, 5, 8, 682, 1, '2016-09-08 00:00:00'),
(90, 5000841, 5, 5, 8, 1350, 1, '2016-09-08 00:00:00'),
(91, 5000846, 5, 5, 8, 500, 1, '2016-09-08 00:00:00'),
(92, 5000852, 5, 5, 8, 750, 1, '2016-09-08 00:00:00'),
(93, 5000051, 4, 5, 8, 3426, 1, '2016-09-08 00:00:00'),
(94, 5000088, 4, 5, 8, 1578, 1, '2016-09-08 00:00:00'),
(95, 5000127, 4, 5, 8, 699, 1, '2016-09-08 00:00:00'),
(96, 5000300, 4, 5, 8, 740, 1, '2016-09-08 00:00:00'),
(97, 5000343, 4, 5, 8, 2317, 1, '2016-09-08 00:00:00'),
(98, 5000373, 4, 5, 8, 100, 1, '2016-09-08 00:00:00'),
(99, 5000394, 4, 5, 8, 606, 1, '2016-09-08 00:00:00'),
(100, 5000403, 4, 5, 8, 275, 1, '2016-09-08 00:00:00'),
(101, 5000425, 4, 5, 8, 1565, 1, '2016-09-08 00:00:00'),
(102, 5000446, 4, 5, 8, 425, 1, '2016-09-08 00:00:00'),
(103, 5000499, 4, 5, 8, 434, 1, '2016-09-08 00:00:00'),
(104, 5000500, 4, 5, 8, 540, 1, '2016-09-08 00:00:00'),
(105, 5000515, 4, 5, 8, 282, 1, '2016-09-08 00:00:00'),
(106, 5000565, 4, 5, 8, 627, 1, '2016-09-08 00:00:00'),
(107, 5000575, 4, 5, 8, 687, 1, '2016-09-08 00:00:00'),
(108, 5000600, 4, 5, 8, 442, 1, '2016-09-08 00:00:00'),
(109, 5000668, 4, 5, 8, 543, 1, '2016-09-08 00:00:00'),
(110, 5000671, 4, 5, 8, 321, 1, '2016-09-08 00:00:00'),
(111, 5000686, 4, 5, 8, 350, 1, '2016-09-08 00:00:00'),
(112, 5000777, 4, 5, 8, 1237, 1, '2016-09-08 00:00:00'),
(113, 5000826, 4, 5, 8, 3850, 1, '2016-09-08 00:00:00'),
(114, 5000038, 3, 5, 8, 773, 1, '2016-09-08 00:00:00'),
(115, 5000045, 3, 5, 8, 392, 1, '2016-09-08 00:00:00'),
(116, 5000050, 3, 5, 8, 658, 1, '2016-09-08 00:00:00'),
(117, 5000063, 3, 5, 8, 658, 1, '2016-09-08 00:00:00'),
(118, 5000137, 3, 5, 8, 859, 1, '2016-09-08 00:00:00'),
(119, 5000166, 3, 5, 8, 2033, 1, '2016-09-08 00:00:00'),
(120, 5000178, 3, 5, 8, 2813, 1, '2016-09-08 00:00:00'),
(121, 5000179, 3, 5, 8, 2813, 1, '2016-09-08 00:00:00'),
(122, 5000222, 3, 5, 8, 452, 1, '2016-09-08 00:00:00'),
(123, 5000240, 3, 5, 8, 1491, 1, '2016-09-08 00:00:00'),
(124, 5000250, 3, 5, 8, 337, 1, '2016-09-08 00:00:00'),
(125, 5000285, 3, 5, 8, 1306, 1, '2016-09-08 00:00:00'),
(126, 5000286, 3, 5, 8, 1505, 1, '2016-09-08 00:00:00'),
(127, 5000287, 3, 5, 8, 113, 1, '2016-09-08 00:00:00'),
(128, 5000289, 3, 5, 8, 612, 1, '2016-09-08 00:00:00'),
(129, 5000291, 3, 5, 8, 1467, 1, '2016-09-08 00:00:00'),
(130, 5000308, 3, 5, 8, 371, 1, '2016-09-08 00:00:00'),
(131, 5000311, 3, 5, 8, 2200, 1, '2016-09-08 00:00:00'),
(132, 5000315, 3, 5, 8, 449, 1, '2016-09-08 00:00:00'),
(133, 5000350, 3, 5, 8, 1007, 1, '2016-09-08 00:00:00'),
(134, 5000359, 3, 5, 8, 724, 1, '2016-09-08 00:00:00'),
(135, 5000363, 3, 5, 8, 220, 1, '2016-09-08 00:00:00'),
(136, 5000369, 3, 5, 8, 564, 1, '2016-09-08 00:00:00'),
(137, 5000375, 3, 5, 8, 132, 1, '2016-09-08 00:00:00'),
(138, 5000420, 3, 5, 8, 2394, 1, '2016-09-08 00:00:00'),
(139, 5000435, 3, 5, 8, 350, 1, '2016-09-08 00:00:00'),
(140, 5000441, 3, 5, 8, 275, 1, '2016-09-08 00:00:00'),
(141, 5000448, 3, 5, 8, 368, 1, '2016-09-08 00:00:00'),
(142, 5000458, 3, 5, 8, 2272, 1, '2016-09-08 00:00:00'),
(143, 5000479, 3, 5, 8, 496, 1, '2016-09-08 00:00:00'),
(144, 5000509, 3, 5, 8, 238, 1, '2016-09-08 00:00:00'),
(145, 5000518, 3, 5, 8, 687, 1, '2016-09-08 00:00:00'),
(146, 5000519, 3, 5, 8, 1099, 1, '2016-09-08 00:00:00'),
(147, 5000529, 3, 5, 8, 410, 1, '2016-09-08 00:00:00'),
(148, 5000541, 3, 5, 8, 977, 1, '2016-09-08 00:00:00'),
(149, 5000548, 3, 5, 8, 370, 1, '2016-09-08 00:00:00'),
(150, 5000556, 3, 5, 8, 270, 1, '2016-09-08 00:00:00'),
(151, 5000571, 3, 5, 8, 439, 1, '2016-09-08 00:00:00'),
(152, 5000593, 3, 5, 8, 594, 1, '2016-09-08 00:00:00'),
(153, 5000637, 3, 5, 8, 2438, 1, '2016-09-08 00:00:00'),
(154, 5000638, 3, 5, 8, 571, 1, '2016-09-08 00:00:00'),
(155, 5000652, 3, 5, 8, 2609, 1, '2016-09-08 00:00:00'),
(156, 5000664, 3, 5, 8, 2141, 1, '2016-09-08 00:00:00'),
(157, 5000667, 3, 5, 8, 1500, 1, '2016-09-08 00:00:00'),
(158, 5000692, 3, 5, 8, 642, 1, '2016-09-08 00:00:00'),
(159, 5000713, 3, 5, 8, 1198, 1, '2016-09-08 00:00:00'),
(160, 5000739, 3, 5, 8, 3096, 1, '2016-09-08 00:00:00'),
(161, 5000752, 3, 5, 8, 320, 1, '2016-09-08 00:00:00'),
(162, 5000754, 3, 5, 8, 944, 1, '2016-09-08 00:00:00'),
(163, 5000774, 3, 5, 8, 244, 1, '2016-09-08 00:00:00'),
(164, 5000782, 3, 5, 8, 1249, 1, '2016-09-08 00:00:00'),
(165, 5000810, 3, 5, 8, 293, 1, '2016-09-08 00:00:00'),
(166, 5000825, 3, 5, 8, 3850, 1, '2016-09-08 00:00:00'),
(167, 5000829, 3, 5, 8, 3850, 1, '2016-09-08 00:00:00'),
(168, 5000830, 3, 5, 8, 3850, 1, '2016-09-08 00:00:00'),
(169, 5000847, 3, 5, 8, 500, 1, '2016-09-08 00:00:00'),
(170, 5000002, 2, 5, 8, 1362, 1, '2016-09-08 00:00:00'),
(171, 5000003, 2, 5, 8, 0, 1, '2016-09-08 00:00:00'),
(172, 5000011, 2, 5, 8, 932, 1, '2016-09-08 00:00:00'),
(173, 5000027, 2, 5, 8, 2411, 1, '2016-09-08 00:00:00'),
(174, 5000128, 2, 5, 8, 559, 1, '2016-09-08 00:00:00'),
(175, 5000130, 2, 5, 8, 387, 1, '2016-09-08 00:00:00'),
(176, 5000144, 2, 5, 8, 794, 1, '2016-09-08 00:00:00'),
(177, 5000146, 2, 5, 8, 1426, 1, '2016-09-08 00:00:00'),
(178, 5000148, 2, 5, 8, 875, 1, '2016-09-08 00:00:00'),
(179, 5000151, 2, 5, 8, 2094, 1, '2016-09-08 00:00:00'),
(180, 5000152, 2, 5, 8, 1807, 1, '2016-09-08 00:00:00'),
(181, 5000153, 2, 5, 8, 1792, 1, '2016-09-08 00:00:00'),
(182, 5000161, 2, 5, 8, 1799, 1, '2016-09-08 00:00:00'),
(183, 5000169, 2, 5, 8, 2674, 1, '2016-09-08 00:00:00'),
(184, 5000171, 2, 5, 8, 1195, 1, '2016-09-08 00:00:00'),
(185, 5000172, 2, 5, 8, 4440, 1, '2016-09-08 00:00:00'),
(186, 5000190, 2, 5, 8, 2373, 1, '2016-09-08 00:00:00'),
(187, 5000201, 2, 5, 8, 1124, 1, '2016-09-08 00:00:00'),
(188, 5000207, 2, 5, 8, 2403, 1, '2016-09-08 00:00:00'),
(189, 5000211, 2, 5, 8, 1652, 1, '2016-09-08 00:00:00'),
(190, 5000212, 2, 5, 8, 327, 1, '2016-09-08 00:00:00'),
(191, 5000216, 2, 5, 8, 750, 1, '2016-09-08 00:00:00'),
(192, 5000217, 2, 5, 8, 2191, 1, '2016-09-08 00:00:00'),
(193, 5000233, 2, 5, 8, 1130, 1, '2016-09-08 00:00:00'),
(194, 5000241, 2, 5, 8, 2210, 1, '2016-09-08 00:00:00'),
(195, 5000262, 2, 5, 8, 2560, 1, '2016-09-08 00:00:00'),
(196, 5000264, 2, 5, 8, 2309, 1, '2016-09-08 00:00:00'),
(197, 5000265, 2, 5, 8, 340, 1, '2016-09-08 00:00:00'),
(198, 5000290, 2, 5, 8, 435, 1, '2016-09-08 00:00:00'),
(199, 5000305, 2, 5, 8, 473, 1, '2016-09-08 00:00:00'),
(200, 5000307, 2, 5, 8, 274, 1, '2016-09-08 00:00:00'),
(201, 5000310, 2, 5, 8, 1361, 1, '2016-09-08 00:00:00'),
(202, 5000314, 2, 5, 8, 2421, 1, '2016-09-08 00:00:00'),
(203, 5000316, 2, 5, 8, 1796, 1, '2016-09-08 00:00:00'),
(204, 5000324, 2, 5, 8, 1946, 1, '2016-09-08 00:00:00'),
(205, 5000332, 2, 5, 8, 711, 1, '2016-09-08 00:00:00'),
(206, 5000334, 2, 5, 8, 2809, 1, '2016-09-08 00:00:00'),
(207, 5000345, 2, 5, 8, 202, 1, '2016-09-08 00:00:00'),
(208, 5000361, 2, 5, 8, 741, 1, '2016-09-08 00:00:00'),
(209, 5000364, 2, 5, 8, 485, 1, '2016-09-08 00:00:00'),
(210, 5000404, 2, 5, 8, 1178, 1, '2016-09-08 00:00:00'),
(211, 5000405, 2, 5, 8, 2370, 1, '2016-09-08 00:00:00'),
(212, 5000406, 2, 5, 8, 509, 1, '2016-09-08 00:00:00'),
(213, 5000407, 2, 5, 8, 792, 1, '2016-09-08 00:00:00'),
(214, 5000408, 2, 5, 8, 850, 1, '2016-09-08 00:00:00'),
(215, 5000410, 2, 5, 8, 1615, 1, '2016-09-08 00:00:00'),
(216, 5000414, 2, 5, 8, 3814, 1, '2016-09-08 00:00:00'),
(217, 5000418, 2, 5, 8, 1686, 1, '2016-09-08 00:00:00'),
(218, 5000426, 2, 5, 8, 462, 1, '2016-09-08 00:00:00'),
(219, 5000454, 2, 5, 8, 3932, 1, '2016-09-08 00:00:00'),
(220, 5000457, 2, 5, 8, 1677, 1, '2016-09-08 00:00:00'),
(221, 5000459, 2, 5, 8, 1962, 1, '2016-09-08 00:00:00'),
(222, 5000463, 2, 5, 8, 2184, 1, '2016-09-08 00:00:00'),
(223, 5000471, 2, 5, 8, 1530, 1, '2016-09-08 00:00:00'),
(224, 5000489, 2, 5, 8, 1599, 1, '2016-09-08 00:00:00'),
(225, 5000490, 2, 5, 8, 1154, 1, '2016-09-08 00:00:00'),
(226, 5000504, 2, 5, 8, 2298, 1, '2016-09-08 00:00:00'),
(227, 5000539, 2, 5, 8, 1225, 1, '2016-09-08 00:00:00'),
(228, 5000540, 2, 5, 8, 600, 1, '2016-09-08 00:00:00'),
(229, 5000543, 2, 5, 8, 1217, 1, '2016-09-08 00:00:00'),
(230, 5000545, 2, 5, 8, 2406, 1, '2016-09-08 00:00:00'),
(231, 5000553, 2, 5, 8, 737, 1, '2016-09-08 00:00:00'),
(232, 5000562, 2, 5, 8, 1855, 1, '2016-09-08 00:00:00'),
(233, 5000573, 2, 5, 8, 1583, 1, '2016-09-08 00:00:00'),
(234, 5000583, 2, 5, 8, 274, 1, '2016-09-08 00:00:00'),
(235, 5000585, 2, 5, 8, 657, 1, '2016-09-08 00:00:00'),
(236, 5000594, 2, 5, 8, 1855, 1, '2016-09-08 00:00:00'),
(237, 5000607, 2, 5, 8, 305, 1, '2016-09-08 00:00:00'),
(238, 5000623, 2, 5, 8, 2584, 1, '2016-09-08 00:00:00'),
(239, 5000625, 2, 5, 8, 2406, 1, '2016-09-08 00:00:00'),
(240, 5000632, 2, 5, 8, 1871, 1, '2016-09-08 00:00:00'),
(241, 5000648, 2, 5, 8, 1224, 1, '2016-09-08 00:00:00'),
(242, 5000649, 2, 5, 8, 898, 1, '2016-09-08 00:00:00'),
(243, 5000660, 2, 5, 8, 962, 1, '2016-09-08 00:00:00'),
(244, 5000661, 2, 5, 8, 2050, 1, '2016-09-08 00:00:00'),
(245, 5000676, 2, 5, 8, 1571, 1, '2016-09-08 00:00:00'),
(246, 5000680, 2, 5, 8, 2465, 1, '2016-09-08 00:00:00'),
(247, 5000705, 2, 5, 8, 497, 1, '2016-09-08 00:00:00'),
(248, 5000707, 2, 5, 8, 596, 1, '2016-09-08 00:00:00'),
(249, 5000755, 2, 5, 8, 1378, 1, '2016-09-08 00:00:00'),
(250, 5000759, 2, 5, 8, 1363, 1, '2016-09-08 00:00:00'),
(251, 5000764, 2, 5, 8, 3360, 1, '2016-09-08 00:00:00'),
(252, 5000765, 2, 5, 8, 349, 1, '2016-09-08 00:00:00'),
(253, 5000766, 2, 5, 8, 1490, 1, '2016-09-08 00:00:00'),
(254, 5000769, 2, 5, 8, 1260, 1, '2016-09-08 00:00:00'),
(255, 5000775, 2, 5, 8, 245, 1, '2016-09-08 00:00:00'),
(256, 5000781, 2, 5, 8, 2408, 1, '2016-09-08 00:00:00'),
(257, 5000785, 2, 5, 8, 1974, 1, '2016-09-08 00:00:00'),
(258, 5000789, 2, 5, 8, 391, 1, '2016-09-08 00:00:00'),
(259, 5000794, 2, 5, 8, 2530, 1, '2016-09-08 00:00:00'),
(260, 5000797, 2, 5, 8, 0, 1, '2016-09-08 00:00:00'),
(261, 5000806, 2, 5, 8, 375, 1, '2016-09-08 00:00:00'),
(262, 5000822, 2, 5, 8, 0, 1, '2016-09-08 00:00:00'),
(263, 5000827, 2, 5, 8, 3850, 1, '2016-09-08 00:00:00'),
(264, 5000828, 2, 5, 8, 3850, 1, '2016-09-08 00:00:00'),
(265, 5000831, 2, 5, 8, 3850, 1, '2016-09-08 00:00:00'),
(266, 5000833, 2, 5, 8, 3850, 1, '2016-09-08 00:00:00'),
(267, 5000835, 2, 5, 8, 3850, 1, '2016-09-08 00:00:00'),
(268, 5000836, 2, 5, 8, 3850, 1, '2016-09-08 00:00:00'),
(269, 5000845, 2, 5, 8, 1350, 1, '2016-09-08 00:00:00'),
(270, 5000860, 2, 5, 8, 300, 1, '2016-09-08 00:00:00'),
(271, 5000867, 2, 5, 8, 9750, 1, '2016-09-08 00:00:00'),
(272, 5000898, 2, 5, 8, 390, 1, '2016-09-08 00:00:00'),
(273, 5000900, 2, 5, 8, 165, 1, '2016-09-08 00:00:00'),
(274, 5000904, 2, 5, 8, 300, 1, '2016-09-08 00:00:00'),
(275, 5000905, 2, 5, 8, 370, 1, '2016-09-08 00:00:00'),
(276, 5000907, 2, 5, 8, 485, 1, '2016-09-08 00:00:00'),
(277, 5000908, 2, 5, 8, 535, 1, '2016-09-08 00:00:00'),
(278, 5000910, 2, 5, 8, 240, 1, '2016-09-08 00:00:00'),
(279, 5000914, 2, 5, 8, 185, 1, '2016-09-08 00:00:00'),
(280, 5000916, 2, 5, 8, 280, 1, '2016-09-08 00:00:00'),
(281, 5000921, 2, 5, 8, 225, 1, '2016-09-08 00:00:00'),
(282, 5000922, 2, 5, 8, 185, 1, '2016-09-08 00:00:00'),
(283, 5000923, 2, 5, 8, 225, 1, '2016-09-08 00:00:00'),
(284, 5000924, 2, 5, 8, 225, 1, '2016-09-08 00:00:00'),
(285, 5000926, 2, 5, 8, 370, 1, '2016-09-08 00:00:00'),
(286, 5000927, 2, 5, 8, 535, 1, '2016-09-08 00:00:00'),
(287, 5000931, 2, 5, 8, 280, 1, '2016-09-08 00:00:00'),
(288, 5000933, 2, 5, 8, 135, 1, '2016-09-08 00:00:00'),
(289, 5000934, 2, 5, 8, 485, 1, '2016-09-08 00:00:00'),
(290, 5000937, 2, 5, 8, 300, 1, '2016-09-08 00:00:00'),
(291, 5000941, 2, 5, 8, 415, 1, '2016-09-08 00:00:00'),
(292, 5000946, 2, 5, 8, 415, 1, '2016-09-08 00:00:00'),
(293, 5000951, 2, 5, 8, 370, 1, '2016-09-08 00:00:00'),
(294, 5000953, 2, 5, 8, 600, 1, '2016-09-08 00:00:00'),
(295, 5000958, 2, 5, 8, 165, 1, '2016-09-08 00:00:00'),
(296, 5000959, 2, 5, 8, 370, 1, '2016-09-08 00:00:00'),
(297, 5000960, 2, 5, 8, 135, 1, '2016-09-08 00:00:00'),
(298, 5000962, 2, 5, 8, 485, 1, '2016-09-08 00:00:00'),
(299, 5000965, 2, 5, 8, 230, 1, '2016-09-08 00:00:00'),
(300, 5000966, 2, 5, 8, 230, 1, '2016-09-08 00:00:00'),
(301, 5000967, 2, 5, 8, 240, 1, '2016-09-08 00:00:00'),
(302, 5000968, 2, 5, 8, 370, 1, '2016-09-08 00:00:00'),
(303, 5000973, 2, 5, 8, 595, 1, '2016-09-08 00:00:00'),
(304, 5000975, 2, 5, 8, 415, 1, '2016-09-08 00:00:00'),
(305, 5000978, 2, 5, 8, 300, 1, '2016-09-08 00:00:00'),
(306, 5000980, 2, 5, 8, 390, 1, '2016-09-08 00:00:00'),
(307, 5000986, 2, 5, 8, 255, 1, '2016-09-08 00:00:00'),
(308, 5000988, 2, 5, 8, 235, 1, '2016-09-08 00:00:00'),
(309, 5000990, 2, 5, 8, 185, 1, '2016-09-08 00:00:00'),
(310, 5000992, 2, 5, 8, 450, 1, '2016-09-08 00:00:00'),
(311, 5000993, 2, 5, 8, 215, 1, '2016-09-08 00:00:00'),
(312, 5000994, 2, 5, 8, 500, 1, '2016-09-08 00:00:00'),
(313, 5000995, 2, 5, 8, 595, 1, '2016-09-08 00:00:00'),
(314, 5000999, 2, 5, 8, 185, 1, '2016-09-08 00:00:00'),
(315, 5001001, 2, 5, 8, 230, 1, '2016-09-08 00:00:00'),
(316, 5001002, 2, 5, 8, 215, 1, '2016-09-08 00:00:00'),
(317, 5001003, 2, 5, 8, 0, 1, '2016-09-08 00:00:00'),
(318, 5000095, 1, 5, 8, 0, 1, '2016-09-08 00:00:00'),
(319, 5000102, 1, 5, 8, 392, 1, '2016-09-08 00:00:00'),
(320, 5000132, 1, 5, 8, 859, 1, '2016-09-08 00:00:00'),
(321, 5000136, 1, 5, 8, 458, 1, '2016-09-08 00:00:00'),
(322, 5000138, 1, 5, 8, 736, 1, '2016-09-08 00:00:00'),
(323, 5000139, 1, 5, 8, 756, 1, '2016-09-08 00:00:00'),
(324, 5000143, 1, 5, 8, 2074, 1, '2016-09-08 00:00:00'),
(325, 5000147, 1, 5, 8, 1473, 1, '2016-09-08 00:00:00'),
(326, 5000157, 1, 5, 8, 2187, 1, '2016-09-08 00:00:00'),
(327, 5000164, 1, 5, 8, 700, 1, '2016-09-08 00:00:00'),
(328, 5000170, 1, 5, 8, 0, 1, '2016-09-08 00:00:00'),
(329, 5000173, 1, 5, 8, 3468, 1, '2016-09-08 00:00:00'),
(330, 5000174, 1, 5, 8, 3468, 1, '2016-09-08 00:00:00'),
(331, 5000182, 1, 5, 8, 2300, 1, '2016-09-08 00:00:00'),
(332, 5000189, 1, 5, 8, 0, 1, '2016-09-08 00:00:00'),
(333, 5000192, 1, 5, 8, 986, 1, '2016-09-08 00:00:00'),
(334, 5000196, 1, 5, 8, 1273, 1, '2016-09-08 00:00:00'),
(335, 5000200, 1, 5, 8, 2411, 1, '2016-09-08 00:00:00'),
(336, 5000204, 1, 5, 8, 800, 1, '2016-09-08 00:00:00'),
(337, 5000219, 1, 5, 8, 2300, 1, '2016-09-08 00:00:00'),
(338, 5000220, 1, 5, 8, 1797, 1, '2016-09-08 00:00:00'),
(339, 5000225, 1, 5, 8, 5348, 1, '2016-09-08 00:00:00'),
(340, 5000226, 1, 5, 8, 1569, 1, '2016-09-08 00:00:00'),
(341, 5000227, 1, 5, 8, 547, 1, '2016-09-08 00:00:00'),
(342, 5000232, 1, 5, 8, 1056, 1, '2016-09-08 00:00:00'),
(343, 5000242, 1, 5, 8, 2309, 1, '2016-09-08 00:00:00'),
(344, 5000243, 1, 5, 8, 2455, 1, '2016-09-08 00:00:00'),
(345, 5000244, 1, 5, 8, 2412, 1, '2016-09-08 00:00:00'),
(346, 5000245, 1, 5, 8, 639, 1, '2016-09-08 00:00:00'),
(347, 5000255, 1, 5, 8, 950, 1, '2016-09-08 00:00:00'),
(348, 5000261, 1, 5, 8, 2560, 1, '2016-09-08 00:00:00'),
(349, 5000271, 1, 5, 8, 2519, 1, '2016-09-08 00:00:00'),
(350, 5000274, 1, 5, 8, 2493, 1, '2016-09-08 00:00:00'),
(351, 5000276, 1, 5, 8, 726, 1, '2016-09-08 00:00:00'),
(352, 5000293, 1, 5, 8, 643, 1, '2016-09-08 00:00:00'),
(353, 5000299, 1, 5, 8, 1218, 1, '2016-09-08 00:00:00'),
(354, 5000312, 1, 5, 8, 924, 1, '2016-09-08 00:00:00'),
(355, 5000325, 1, 5, 8, 977, 1, '2016-09-08 00:00:00'),
(356, 5000327, 1, 5, 8, 2072, 1, '2016-09-08 00:00:00'),
(357, 5000329, 1, 5, 8, 2087, 1, '2016-09-08 00:00:00'),
(358, 5000331, 1, 5, 8, 1442, 1, '2016-09-08 00:00:00'),
(359, 5000340, 1, 5, 8, 2202, 1, '2016-09-08 00:00:00'),
(360, 5000341, 1, 5, 8, 1950, 1, '2016-09-08 00:00:00'),
(361, 5000347, 1, 5, 8, 1040, 1, '2016-09-08 00:00:00'),
(362, 5000353, 1, 5, 8, 1531, 1, '2016-09-08 00:00:00'),
(363, 5000354, 1, 5, 8, 0, 1, '2016-09-08 00:00:00'),
(364, 5000362, 1, 5, 8, 2184, 1, '2016-09-08 00:00:00'),
(365, 5000378, 1, 5, 8, 413, 1, '2016-09-08 00:00:00'),
(366, 5000380, 1, 5, 8, 2692, 1, '2016-09-08 00:00:00'),
(367, 5000384, 1, 5, 8, 2555, 1, '2016-09-08 00:00:00'),
(368, 5000387, 1, 5, 8, 472, 1, '2016-09-08 00:00:00'),
(369, 5000389, 1, 5, 8, 825, 1, '2016-09-08 00:00:00'),
(370, 5000392, 1, 5, 8, 2356, 1, '2016-09-08 00:00:00'),
(371, 5000393, 1, 5, 8, 893, 1, '2016-09-08 00:00:00'),
(372, 5000395, 1, 5, 8, 450, 1, '2016-09-08 00:00:00'),
(373, 5000396, 1, 5, 8, 1650, 1, '2016-09-08 00:00:00'),
(374, 5000398, 1, 5, 8, 348, 1, '2016-09-08 00:00:00'),
(375, 5000409, 1, 5, 8, 2275, 1, '2016-09-08 00:00:00'),
(376, 5000411, 1, 5, 8, 2406, 1, '2016-09-08 00:00:00'),
(377, 5000412, 1, 5, 8, 1387, 1, '2016-09-08 00:00:00'),
(378, 5000413, 1, 5, 8, 1142, 1, '2016-09-08 00:00:00'),
(379, 5000415, 1, 5, 8, 3814, 1, '2016-09-08 00:00:00'),
(380, 5000416, 1, 5, 8, 1780, 1, '2016-09-08 00:00:00'),
(381, 5000419, 1, 5, 8, 1962, 1, '2016-09-08 00:00:00'),
(382, 5000427, 1, 5, 8, 756, 1, '2016-09-08 00:00:00'),
(383, 5000430, 1, 5, 8, 1338, 1, '2016-09-08 00:00:00'),
(384, 5000431, 1, 5, 8, 851, 1, '2016-09-08 00:00:00'),
(385, 5000437, 1, 5, 8, 2010, 1, '2016-09-08 00:00:00'),
(386, 5000442, 1, 5, 8, 1261, 1, '2016-09-08 00:00:00'),
(387, 5000445, 1, 5, 8, 400, 1, '2016-09-08 00:00:00'),
(388, 5000447, 1, 5, 8, 1266, 1, '2016-09-08 00:00:00'),
(389, 5000451, 1, 5, 8, 2037, 1, '2016-09-08 00:00:00'),
(390, 5000452, 1, 5, 8, 2432, 1, '2016-09-08 00:00:00'),
(391, 5000453, 1, 5, 8, 1733, 1, '2016-09-08 00:00:00'),
(392, 5000456, 1, 5, 8, 2092, 1, '2016-09-08 00:00:00'),
(393, 5000460, 1, 5, 8, 0, 1, '2016-09-08 00:00:00'),
(394, 5000468, 1, 5, 8, 2089, 1, '2016-09-08 00:00:00'),
(395, 5000478, 1, 5, 8, 1677, 1, '2016-09-08 00:00:00'),
(396, 5000480, 1, 5, 8, 912, 1, '2016-09-08 00:00:00'),
(397, 5000487, 1, 5, 8, 0, 1, '2016-09-08 00:00:00'),
(398, 5000496, 1, 5, 8, 450, 1, '2016-09-08 00:00:00'),
(399, 5000501, 1, 5, 8, 1623, 1, '2016-09-08 00:00:00'),
(400, 5000505, 1, 5, 8, 671, 1, '2016-09-08 00:00:00'),
(401, 5000506, 1, 5, 8, 2223, 1, '2016-09-08 00:00:00'),
(402, 5000507, 1, 5, 8, 2088, 1, '2016-09-08 00:00:00'),
(403, 5000512, 1, 5, 8, 1264, 1, '2016-09-08 00:00:00'),
(404, 5000513, 1, 5, 8, 1910, 1, '2016-09-08 00:00:00'),
(405, 5000523, 1, 5, 8, 2261, 1, '2016-09-08 00:00:00'),
(406, 5000531, 1, 5, 8, 398, 1, '2016-09-08 00:00:00'),
(407, 5000532, 1, 5, 8, 1416, 1, '2016-09-08 00:00:00'),
(408, 5000533, 1, 5, 8, 920, 1, '2016-09-08 00:00:00'),
(409, 5000542, 1, 5, 8, 984, 1, '2016-09-08 00:00:00'),
(410, 5000549, 1, 5, 8, 2210, 1, '2016-09-08 00:00:00'),
(411, 5000561, 1, 5, 8, 762, 1, '2016-09-08 00:00:00'),
(412, 5000570, 1, 5, 8, 1625, 1, '2016-09-08 00:00:00'),
(413, 5000577, 1, 5, 8, 1509, 1, '2016-09-08 00:00:00'),
(414, 5000580, 1, 5, 8, 580, 1, '2016-09-08 00:00:00'),
(415, 5000581, 1, 5, 8, 0, 1, '2016-09-08 00:00:00'),
(416, 5000584, 1, 5, 8, 2433, 1, '2016-09-08 00:00:00'),
(417, 5000588, 1, 5, 8, 836, 1, '2016-09-08 00:00:00'),
(418, 5000591, 1, 5, 8, 2087, 1, '2016-09-08 00:00:00'),
(419, 5000615, 1, 5, 8, 658, 1, '2016-09-08 00:00:00'),
(420, 5000616, 1, 5, 8, 2822, 1, '2016-09-08 00:00:00'),
(421, 5000617, 1, 5, 8, 2356, 1, '2016-09-08 00:00:00'),
(422, 5000621, 1, 5, 8, 2356, 1, '2016-09-08 00:00:00'),
(423, 5000622, 1, 5, 8, 1500, 1, '2016-09-08 00:00:00'),
(424, 5000627, 1, 5, 8, 1357, 1, '2016-09-08 00:00:00'),
(425, 5000628, 1, 5, 8, 2555, 1, '2016-09-08 00:00:00'),
(426, 5000639, 1, 5, 8, 2438, 1, '2016-09-08 00:00:00'),
(427, 5000642, 1, 5, 8, 629, 1, '2016-09-08 00:00:00'),
(428, 5000647, 1, 5, 8, 2299, 1, '2016-09-08 00:00:00'),
(429, 5000654, 1, 5, 8, 1032, 1, '2016-09-08 00:00:00'),
(430, 5000663, 1, 5, 8, 1700, 1, '2016-09-08 00:00:00'),
(431, 5000681, 1, 5, 8, 977, 1, '2016-09-08 00:00:00'),
(432, 5000688, 1, 5, 8, 1416, 1, '2016-09-08 00:00:00'),
(433, 5000701, 1, 5, 8, 633, 1, '2016-09-08 00:00:00'),
(434, 5000702, 1, 5, 8, 1196, 1, '2016-09-08 00:00:00'),
(435, 5000704, 1, 5, 8, 1845, 1, '2016-09-08 00:00:00'),
(436, 5000708, 1, 5, 8, 2277, 1, '2016-09-08 00:00:00'),
(437, 5000709, 1, 5, 8, 2277, 1, '2016-09-08 00:00:00'),
(438, 5000710, 1, 5, 8, 1611, 1, '2016-09-08 00:00:00'),
(439, 5000711, 1, 5, 8, 2049, 1, '2016-09-08 00:00:00'),
(440, 5000714, 1, 5, 8, 1596, 1, '2016-09-08 00:00:00'),
(441, 5000723, 1, 5, 8, 2390, 1, '2016-09-08 00:00:00'),
(442, 5000726, 1, 5, 8, 512, 1, '2016-09-08 00:00:00'),
(443, 5000730, 1, 5, 8, 0, 1, '2016-09-08 00:00:00'),
(444, 5000735, 1, 5, 8, 2320, 1, '2016-09-08 00:00:00'),
(445, 5000736, 1, 5, 8, 2416, 1, '2016-09-08 00:00:00'),
(446, 5000740, 1, 5, 8, 2346, 1, '2016-09-08 00:00:00'),
(447, 5000741, 1, 5, 8, 415, 1, '2016-09-08 00:00:00'),
(448, 5000747, 1, 5, 8, 2168, 1, '2016-09-08 00:00:00'),
(449, 5000749, 1, 5, 8, 0, 1, '2016-09-08 00:00:00'),
(450, 5000758, 1, 5, 8, 2121, 1, '2016-09-08 00:00:00'),
(451, 5000763, 1, 5, 8, 1889, 1, '2016-09-08 00:00:00'),
(452, 5000770, 1, 5, 8, 0, 1, '2016-09-08 00:00:00'),
(453, 5000771, 1, 5, 8, 1536, 1, '2016-09-08 00:00:00'),
(454, 5000773, 1, 5, 8, 2210, 1, '2016-09-08 00:00:00'),
(455, 5000778, 1, 5, 8, 2000, 1, '2016-09-08 00:00:00'),
(456, 5000784, 1, 5, 8, 2395, 1, '2016-09-08 00:00:00'),
(457, 5000786, 1, 5, 8, 1907, 1, '2016-09-08 00:00:00'),
(458, 5000793, 1, 5, 8, 893, 1, '2016-09-08 00:00:00'),
(459, 5000795, 1, 5, 8, 1725, 1, '2016-09-08 00:00:00'),
(460, 5000798, 1, 5, 8, 1218, 1, '2016-09-08 00:00:00'),
(461, 5000802, 1, 5, 8, 2559, 1, '2016-09-08 00:00:00'),
(462, 5000803, 1, 5, 8, 2210, 1, '2016-09-08 00:00:00'),
(463, 5000804, 1, 5, 8, 4682, 1, '2016-09-08 00:00:00'),
(464, 5000807, 1, 5, 8, 750, 1, '2016-09-08 00:00:00'),
(465, 5000813, 1, 5, 8, 0, 1, '2016-09-08 00:00:00'),
(466, 5000821, 1, 5, 8, 500, 1, '2016-09-08 00:00:00'),
(467, 5000823, 1, 5, 8, 2700, 1, '2016-09-08 00:00:00'),
(468, 5000834, 1, 5, 8, 3850, 1, '2016-09-08 00:00:00'),
(469, 5000854, 1, 5, 8, 3000, 1, '2016-09-08 00:00:00'),
(470, 5000856, 1, 5, 8, 1300, 1, '2016-09-08 00:00:00'),
(471, 5000875, 1, 5, 8, 400, 1, '2016-09-08 00:00:00'),
(472, 5000876, 1, 5, 8, 307, 1, '2016-09-08 00:00:00'),
(473, 5000877, 1, 5, 8, 4700, 1, '2016-09-08 00:00:00'),
(474, 5000879, 1, 5, 8, 3000, 1, '2016-09-08 00:00:00'),
(475, 5000883, 1, 5, 8, 4500, 1, '2016-09-08 00:00:00'),
(476, 5000884, 1, 5, 8, 3850, 1, '2016-09-08 00:00:00'),
(477, 5000886, 1, 5, 8, 700, 1, '2016-09-08 00:00:00'),
(478, 5000896, 1, 5, 8, 820, 1, '2016-09-08 00:00:00'),
(479, 5000899, 1, 5, 8, 360, 1, '2016-09-08 00:00:00'),
(480, 5000901, 1, 5, 8, 300, 1, '2016-09-08 00:00:00'),
(481, 5000902, 1, 5, 8, 1800, 1, '2016-09-08 00:00:00'),
(482, 5000903, 1, 5, 8, 925, 1, '2016-09-08 00:00:00'),
(483, 5000906, 1, 5, 8, 925, 1, '2016-09-08 00:00:00'),
(484, 5000909, 1, 5, 8, 2350, 1, '2016-09-08 00:00:00'),
(485, 5000912, 1, 5, 8, 925, 1, '2016-09-08 00:00:00'),
(486, 5000913, 1, 5, 8, 300, 1, '2016-09-08 00:00:00'),
(487, 5000915, 1, 5, 8, 595, 1, '2016-09-08 00:00:00'),
(488, 5000917, 1, 5, 8, 165, 1, '2016-09-08 00:00:00'),
(489, 5000919, 1, 5, 8, 360, 1, '2016-09-08 00:00:00'),
(490, 5000920, 1, 5, 8, 2350, 1, '2016-09-08 00:00:00'),
(491, 5000928, 1, 5, 8, 895, 1, '2016-09-08 00:00:00'),
(492, 5000929, 1, 5, 8, 845, 1, '2016-09-08 00:00:00'),
(493, 5000930, 1, 5, 8, 2350, 1, '2016-09-08 00:00:00'),
(494, 5000932, 1, 5, 8, 1350, 1, '2016-09-08 00:00:00'),
(495, 5000936, 1, 5, 8, 215, 1, '2016-09-08 00:00:00'),
(496, 5000939, 1, 5, 8, 925, 1, '2016-09-08 00:00:00'),
(497, 5000943, 1, 5, 8, 390, 1, '2016-09-08 00:00:00'),
(498, 5000944, 1, 5, 8, 1350, 1, '2016-09-08 00:00:00'),
(499, 5000947, 1, 5, 8, 155, 1, '2016-09-08 00:00:00'),
(500, 5000949, 1, 5, 8, 360, 1, '2016-09-08 00:00:00'),
(501, 5000950, 1, 5, 8, 300, 1, '2016-09-08 00:00:00'),
(502, 5000954, 1, 5, 8, 230, 1, '2016-09-08 00:00:00'),
(503, 5000955, 1, 5, 8, 1350, 1, '2016-09-08 00:00:00'),
(504, 5000956, 1, 5, 8, 1350, 1, '2016-09-08 00:00:00'),
(505, 5000961, 1, 5, 8, 645, 1, '2016-09-08 00:00:00'),
(506, 5000963, 1, 5, 8, 2350, 1, '2016-09-08 00:00:00'),
(507, 5000964, 1, 5, 8, 225, 1, '2016-09-08 00:00:00'),
(508, 5000970, 1, 5, 8, 215, 1, '2016-09-08 00:00:00'),
(509, 5000971, 1, 5, 8, 895, 1, '2016-09-08 00:00:00'),
(510, 5000974, 1, 5, 8, 895, 1, '2016-09-08 00:00:00'),
(511, 5000976, 1, 5, 8, 3200, 1, '2016-09-08 00:00:00'),
(512, 5000981, 1, 5, 8, 595, 1, '2016-09-08 00:00:00'),
(513, 5000982, 1, 5, 8, 595, 1, '2016-09-08 00:00:00'),
(514, 5000983, 1, 5, 8, 135, 1, '2016-09-08 00:00:00'),
(515, 5000984, 1, 5, 8, 535, 1, '2016-09-08 00:00:00'),
(516, 5000985, 1, 5, 8, 1150, 1, '2016-09-08 00:00:00'),
(517, 5000987, 1, 5, 8, 2350, 1, '2016-09-08 00:00:00'),
(518, 5000989, 1, 5, 8, 415, 1, '2016-09-08 00:00:00'),
(519, 5000996, 1, 5, 8, 1250, 1, '2016-09-08 00:00:00'),
(520, 5000997, 1, 5, 8, 1350, 1, '2016-09-08 00:00:00'),
(521, 5000998, 1, 5, 8, 165, 1, '2016-09-08 00:00:00'),
(522, 5001000, 1, 5, 8, 255, 1, '2016-09-08 00:00:00'),
(523, 5000031, 5, 5, 8, 0, 1, '2016-09-21 14:53:55'),
(524, 5000154, 1, 5, 8, 0, 1, '2016-09-21 14:56:09'),
(526, 5000673, 2, 5, 8, 0, 1, '2016-09-21 14:57:00'),
(527, 5000674, 3, 5, 8, 0, 1, '2016-09-21 14:58:13'),
(595, 5000813, 1, 5, 8, 0, 1, '2016-09-22 18:35:23'),
(596, 5000918, 1, 5, 8, 0, 1, '2016-09-22 18:38:02'),
(597, 5000991, 1, 5, 8, 0, 1, '2016-09-22 18:39:26'),
(598, 5000948, 1, 5, 8, 0, 1, '2016-09-22 18:39:41'),
(599, 5000979, 2, 5, 8, 0, 1, '2016-09-22 18:39:50'),
(600, 5000970, 1, 5, 8, 0, 1, '2016-09-22 18:40:02'),
(601, 5000918, 2, 5, 8, 0, 1, '2016-09-22 18:40:06'),
(602, 5000977, 1, 5, 8, 0, 1, '2016-09-22 18:40:25'),
(603, 5000981, 1, 5, 8, 0, 1, '2016-09-22 18:40:32'),
(604, 5000942, 1, 5, 8, 0, 1, '2016-09-22 18:40:49'),
(605, 5000935, 1, 5, 8, 0, 1, '2016-09-22 18:41:08'),
(606, 5000945, 2, 5, 8, 0, 1, '2016-09-22 18:41:19'),
(607, 5000897, 2, 5, 8, 0, 1, '2016-09-22 18:41:36'),
(608, 5000896, 1, 5, 8, 0, 1, '2016-09-22 18:41:47'),
(609, 5000911, 2, 5, 8, 0, 1, '2016-09-22 18:41:58'),
(610, 5000964, 1, 5, 8, 0, 1, '2016-09-22 18:42:11'),
(611, 5000915, 1, 5, 8, 0, 1, '2016-09-22 18:42:17'),
(612, 5000989, 1, 5, 8, 0, 1, '2016-09-22 18:42:24'),
(613, 5000929, 1, 5, 8, 0, 1, '2016-09-22 18:42:33'),
(614, 5000957, 2, 5, 8, 0, 1, '2016-09-22 18:42:38'),
(615, 5000969, 2, 5, 8, 0, 1, '2016-09-22 18:42:50'),
(616, 5000901, 1, 5, 8, 0, 1, '2016-09-22 18:43:08'),
(617, 5000982, 1, 5, 8, 0, 1, '2016-09-22 18:43:20'),
(618, 5000950, 1, 5, 8, 0, 1, '2016-09-22 18:43:29'),
(619, 5000984, 1, 5, 8, 0, 1, '2016-09-22 18:43:36'),
(620, 5000947, 1, 5, 8, 0, 1, '2016-09-22 18:43:45'),
(621, 5000940, 1, 5, 8, 0, 1, '2016-09-22 18:43:53'),
(622, 5000972, 1, 5, 8, 0, 1, '2016-09-22 18:44:05'),
(623, 5000961, 1, 5, 8, 0, 1, '2016-09-22 18:44:12'),
(624, 5000938, 1, 5, 8, 0, 1, '2016-09-22 18:44:18'),
(625, 5000925, 1, 5, 8, 0, 1, '2016-09-22 18:44:24'),
(626, 5000949, 1, 5, 8, 0, 1, '2016-09-22 18:44:33'),
(627, 5001000, 1, 5, 8, 0, 1, '2016-09-22 18:44:40'),
(628, 5000952, 1, 5, 8, 0, 1, '2016-09-22 18:44:48'),
(629, 5000952, 1, 5, 8, 0, 1, '2016-09-22 18:44:57'),
(630, 5000996, 1, 5, 8, 0, 1, '2016-09-22 18:45:18'),
(631, 5000998, 1, 5, 8, 0, 1, '2016-09-22 18:45:25'),
(632, 5000899, 1, 5, 8, 0, 1, '2016-09-22 18:45:32'),
(633, 5000919, 1, 5, 8, 0, 1, '2016-09-22 18:45:41'),
(634, 5000954, 1, 5, 8, 0, 1, '2016-09-22 18:45:49'),
(635, 5000936, 1, 5, 8, 0, 1, '2016-09-22 18:45:57'),
(636, 5000917, 1, 5, 8, 0, 1, '2016-09-22 18:46:03'),
(637, 5000857, 1, 5, 8, 0, 1, '2016-09-23 10:05:38'),
(638, 5000098, 2, 5, 8, 0, 1, '2016-09-23 10:05:49'),
(639, 5000091, 1, 5, 8, 0, 1, '2016-09-23 10:06:15'),
(640, 5000041, 1, 5, 8, 0, 1, '2016-09-23 10:06:26'),
(641, 5000012, 1, 5, 8, 0, 1, '2016-09-23 10:06:35'),
(642, 5000037, 1, 5, 8, 0, 1, '2016-09-23 10:06:52'),
(643, 5000107, 1, 5, 8, 0, 1, '2016-09-23 10:07:04'),
(644, 5000039, 2, 5, 8, 0, 1, '2016-09-23 10:07:22'),
(645, 5000013, 1, 5, 8, 0, 1, '2016-09-23 10:07:37'),
(646, 5000048, 1, 5, 8, 0, 1, '2016-09-23 10:07:59'),
(647, 5000010, 1, 5, 8, 0, 1, '2016-09-23 10:08:10'),
(648, 5000014, 1, 5, 8, 0, 1, '2016-09-23 10:08:21'),
(649, 5000106, 6, 5, 8, 0, 1, '2016-09-23 10:29:11'),
(650, 5000107, 24, 5, 8, 0, 1, '2016-09-23 10:29:32'),
(651, 5000104, 24, 5, 8, 0, 1, '2016-09-23 10:29:40'),
(652, 5000039, 28, 5, 8, 0, 1, '2016-09-23 10:29:51'),
(653, 5000109, 20, 5, 8, 0, 1, '2016-09-23 10:30:02'),
(654, 5000098, 12, 5, 8, 0, 1, '2016-09-23 10:30:10'),
(655, 5000027, 4, 5, 8, 0, 1, '2016-09-23 10:30:22'),
(656, 5000099, 12, 5, 8, 0, 1, '2016-09-23 10:30:43'),
(657, 5000010, 24, 5, 8, 0, 1, '2016-09-23 10:30:54'),
(658, 5000048, 8, 5, 8, 0, 1, '2016-09-23 10:31:04'),
(659, 5000903, 1, 5, 8, 0, 1, '2016-09-23 10:40:43'),
(660, 5000813, 10, 5, 8, 0, 1, '2016-09-23 11:10:59'),
(661, 5000873, 3, 5, 8, 0, 1, '2016-09-23 11:11:07'),
(662, 5000885, 2, 5, 8, 0, 1, '2016-09-23 11:11:16'),
(663, 5000372, 1, 5, 8, 0, 1, '2016-09-23 11:13:53'),
(664, 5000291, 2, 5, 8, 0, 1, '2016-09-23 11:17:41'),
(665, 5001006, 2, 5, 8, 0, 1, '2016-09-23 11:23:27'),
(666, 5001005, 2, 5, 8, 0, 1, '2016-09-23 11:23:33'),
(667, 5000372, 1, 5, 8, 0, 1, '2016-09-23 11:23:42'),
(668, 5000805, 5, 5, 8, 0, 1, '2016-09-23 11:24:02');

-- --------------------------------------------------------

--
-- Структура таблицы `goods`
--
-- Создание: Сен 22 2016 г., 23:16
--

CREATE TABLE IF NOT EXISTS `goods` (
  `good_id` int(30) NOT NULL AUTO_INCREMENT,
  `code` varchar(255) DEFAULT NULL,
  `valid` int(11) NOT NULL DEFAULT '0',
  `name` varchar(255) DEFAULT NULL,
  `description` text,
  `author` varchar(255) DEFAULT NULL,
  `publisher` varchar(255) DEFAULT NULL,
  `price` int(11) DEFAULT NULL,
  `net_price` int(11) DEFAULT NULL,
  `cat_id` int(11) DEFAULT NULL,
  `comp_id` int(11) NOT NULL,
  `pic_url` varchar(255) DEFAULT NULL,
  `bonus` int(11) NOT NULL DEFAULT '0',
  `discount` int(11) NOT NULL DEFAULT '0',
  PRIMARY KEY (`good_id`),
  UNIQUE KEY `id` (`good_id`)
) ENGINE=InnoDB  DEFAULT CHARSET=utf8 AUTO_INCREMENT=5001008 ;

--
-- Дамп данных таблицы `goods`
--

INSERT INTO `goods` (`good_id`, `code`, `valid`, `name`, `description`, `author`, `publisher`, `price`, `net_price`, `cat_id`, `comp_id`, `pic_url`, `bonus`, `discount`) VALUES
(5000002, '', 1, 'Think like a Trillionaire, Ш. Аляутдинов. Диля', '', 'Ш.А.', 'Диля', 3100, 1362, 17, 5, '', 0, 0),
(5000003, '', 1, 'А вы благодарны? (диск), Ш. Аляутдинов', '', 'Ш.А.', 'Диля', 750, 0, 17, 5, '', 0, 0),
(5000004, '', 1, 'А крылья то на что? (диск), Ш. Аляутдинов', '', 'Ш.А.', 'Диля', 750, 0, 17, 5, '', 0, 0),
(5000005, '', 1, 'Ад и Рай (диск), Ш. Аляутдинов', '', 'Ш.А.', 'Диля', 750, 0, 17, 5, '', 0, 0),
(5000006, '', 1, 'Адамзаттың асыл тәжі, Д. Өмірзақ қызы Ибрагим. Алтын қалам', '', 'Ш.А.', 'Диля', 2200, 1050, 17, 5, '', 0, 0),
(5000007, '', 1, 'Взгляни на мир шире (диск), Ш. Аляутдинов', '', 'Ш.А.', 'Диля', 750, 392, 17, 5, '', 0, 0),
(5000008, '', 1, 'Все о мусульманском посте, Ш. Аляутдинов. Диля', '', 'Ш.А.', 'Диля', 1100, 524, 17, 5, '', 0, 0),
(5000009, '', 1, 'Все увидят ад, Ш. Аляутдинов. Диля', '', 'Ш.А.', 'Диля', 1400, 0, 17, 5, '', 0, 0),
(5000010, '', 1, 'Высказывания Пророка (толстая). Ш. Аляутдинов. Диля', '', 'Ш.А.', 'Диля', 3600, 1717, 17, 5, '', 0, 0),
(5000011, '', 1, 'Высказывания Пророка, Ш. Аляутдинов. Диля', '', 'Ш.А.', 'Диля', 2000, 932, 17, 5, '', 0, 0),
(5000012, '', 1, 'Дети и Ислам, Ш. Аляутдинов. Диля', '', 'Ш.А.', 'Диля', 1800, 855, 17, 5, '', 0, 0),
(5000013, '', 1, 'Ежедневник 90 дней, Ш. Аляутдинов. Диля', '', 'Ш.А.', 'Диля', 3200, 1503, 17, 5, '', 0, 0),
(5000014, '', 1, 'Женщина и Ислам (борд), Ш. Аляутдинов. Диля', '', 'Ш.А.', 'Диля', 1200, 525, 17, 5, '', 0, 0),
(5000015, '', 1, 'Женщина и Ислам (розовый), Ш. Аляутдинов. Диля', '', 'Ш.А.', 'Диля', 800, 360, 17, 5, '', 0, 0),
(5000016, '', 1, 'Женщина и Ислам Ш. Аляутдинов. Диля', '', 'Ш.А.', 'Диля', 1800, 0, 17, 5, '', 0, 0),
(5000017, '', 1, 'Жизнь на Марсе (новый), Ш. Аляутдинов. Диля', '', 'Ш.А.', 'Диля', 1600, 754, 17, 5, '', 0, 0),
(5000018, '', 1, 'Жизнь на Марсе (старый), Ш. Аляутдинов. Диля', '', 'Ш.А.', 'Диля', 1500, 0, 17, 5, '', 0, 0),
(5000019, '', 1, 'Жизнь, мы и дух истины, Ш. Аляутдинов. Диля', '', 'Ш.А.', 'Диля', 1600, 769, 17, 5, '', 0, 0),
(5000020, '', 1, 'Законы победителей (диск), Ш. Аляутдинов', '', 'Ш.А.', 'Диля', 2050, 0, 17, 5, '', 0, 0),
(5000021, '', 1, 'Заслужить Божью Милость (диск), Ш. Аляутдинов', '', 'Ш.А.', 'Диля', 750, 0, 17, 5, '', 0, 0),
(5000022, '', 1, 'Зачем мне ислам?, Ш. Аляутдинов. Диля', '', 'Ш.А.', 'Диля', 1600, 724, 17, 5, '', 0, 0),
(5000023, '', 1, 'Знай, веруй, чти (с диском), И. Аляутдинов. Диля', '', 'Ш.А.', 'Диля', 1800, 847, 17, 5, '', 0, 0),
(5000024, '', 1, 'Знай, веруй, чти, И. Аляутдинов. Диля', '', 'Ш.А.', 'Диля', 1700, 0, 17, 5, '', 0, 0),
(5000025, '', 1, 'Золотая середина (диск), Ш. Аляутдинов, Диля', '', 'Ш.А.', 'Диля', 750, 0, 17, 5, '', 0, 0),
(5000026, '', 1, 'И Молят носители Трона (диск), Ш. Аляутдинов', '', 'Ш.А.', 'Диля', 750, 0, 17, 5, '', 0, 0),
(5000027, '', 1, 'Как увидеть Рай (золотой), Ш. Аляутдинов. Диля', '', 'Ш.А.', 'Диля', 5400, 2411, 17, 5, '', 0, 0),
(5000028, '', 1, 'Как увидеть Рай, Ш. Аляутдинов. Диля', '', 'Ш.А.', 'Диля', 3000, 1409, 17, 5, '', 0, 0),
(5000029, '', 1, 'Коран с обложкой 4 том', '', 'Ш.А.', 'Диля', 20000, 0, 17, 5, '', 0, 0),
(5000030, '', 1, 'Лучшие из лучших Ш. Аляутдинов. Диля', '', 'Ш.А.', 'Диля', 1600, 0, 17, 5, '', 0, 0),
(5000031, '', 1, 'Массмедиа (большая), Ш. Аляутдинов. Диля', '', 'Ш.А.', 'Диля', 10000, 0, 17, 5, '', 0, 0),
(5000032, '', 1, 'Массмедиа (маленькая), Ш. Аляутдинов. Диля', '', 'Ш.А.', 'Диля', 900, 449, 17, 5, '', 0, 0),
(5000033, '', 1, 'Мир души (2 диска + буклет), Ш. Аляутдинов. Диля', '', 'Ш.А.', 'Диля', 6600, 0, 17, 5, '', 0, 0),
(5000034, '', 1, 'Мир души (4 диска), Ш. Аляутдинов', '', 'Ш.А.', 'Диля', 2200, 0, 17, 5, '', 0, 0),
(5000035, '', 1, 'Мир души (диск), Ш. Аляутдинов', '', 'Ш.А.', 'Диля', 1000, 392, 17, 5, '', 0, 0),
(5000036, '', 1, 'Мир души (на англ.), Ш. Аляутдинов. Диля', '', 'Ш.А.', 'Диля', 1600, 773, 17, 5, '', 0, 0),
(5000037, '', 1, 'Мир души (на каз.) Ш. Аляутдинов. Диля', '', 'Ш.А.', 'Диля', 1750, 875, 17, 5, '', 0, 0),
(5000038, '', 1, 'Мир души (на татар.), Ш. Аляутдинов. Диля', '', 'Ш.А.', 'Диля', 1600, 773, 17, 5, '', 0, 0),
(5000039, '', 1, 'Мир души, Ш. Аляутдинов. Диля', '', 'Ш.А.', 'Диля', 2500, 1205, 17, 5, '', 0, 0),
(5000040, '', 1, 'Мужчины и Ислам (новый), Ш. Аляутдинов. Диля', '', 'Ш.А.', 'Диля', 1100, 520, 17, 5, '', 0, 0),
(5000041, '', 1, 'Мужчины и Ислам (старый), Ш. Аляутдинов. Диля', '', 'Ш.А.', 'Диля', 1100, 523, 17, 5, '', 0, 0),
(5000042, '', 1, 'Мусульманская молитвенная практика, Ш. Аляутдинов. Диля', '', 'Ш.А.', 'Диля', 1600, 668, 17, 5, '', 0, 0),
(5000043, '', 1, 'Мусульманское право, Ш. Аляутдинов. Диля', '', 'Ш.А.', 'Диля', 3600, 1411, 17, 5, '', 0, 0),
(5000044, '', 1, 'Не пустыня, а цветущий сад (диск), Ш. Аляутдинов', '', 'Ш.А.', 'Диля', 750, 0, 17, 5, '', 0, 0),
(5000045, '', 1, 'Невозможное возможно (диск), Ш. Аляутдинов', '', 'Ш.А.', 'Диля', 750, 392, 17, 5, '', 0, 0),
(5000046, '', 1, 'Неповторимые цветы жизни (диск), Ш. Аляутдинов', '', 'Ш.А.', 'Диля', 750, 392, 17, 5, '', 0, 0),
(5000047, '', 1, 'Один триллион (диск), Ш. Аляутдинов', '', 'Ш.А.', 'Диля', 750, 392, 17, 5, '', 0, 0),
(5000048, '', 1, 'Он и она, Ш. Аляутдинов. Диля', '', 'Ш.А.', 'Диля', 7000, 3296, 17, 5, '', 0, 0),
(5000049, '', 1, 'От темы к теме, Ш. Аляутдинов. Диля', '', 'Ш.А.', 'Диля', 2500, 0, 17, 5, '', 0, 0),
(5000050, '', 1, 'Ответы на вопросы об Исламе, Ш. Аляутдинов. Диля', '', 'Ш.А.', 'Диля', 2500, 658, 17, 5, '', 0, 0),
(5000051, '', 1, 'Подарок дочери, Ш. Аляутдинов. Диля', '', 'Ш.А.', 'Диля', 6500, 3426, 17, 5, '', 0, 0),
(5000052, '', 1, 'Подарок сыну, Ш. Аляутдинов. Диля', '', 'Ш.А.', 'Диля', 6500, 3426, 17, 5, '', 0, 0),
(5000053, '', 1, 'Познай себя. Найди Бога. Заслужи вечность., Ш. Аляутдинов. Диля', '', 'Ш.А.', 'Диля', 1600, 0, 17, 5, '', 0, 0),
(5000054, '', 1, 'Пока не опустили занавес (диск), Ш. Аляутдинов', '', 'Ш.А.', 'Диля', 750, 0, 17, 5, '', 0, 0),
(5000055, '', 1, 'Пора идти по воде (диск), Ш. Аляутдинов', '', 'Ш.А.', 'Диля', 750, 0, 17, 5, '', 0, 0),
(5000056, '', 1, 'Потусторонние миры (диск), Ш. Аляутдинов. Диля', '', 'Ш.А.', 'Диля', 3000, 392, 17, 5, '', 0, 0),
(5000057, '', 1, 'Потусторонние миры (мг), Ш. Аляутдинов. Диля', '', 'Ш.А.', 'Диля', 1100, 513, 17, 5, '', 0, 0),
(5000058, '', 1, 'Потусторонние миры.Интервью (с диском), Ш. Аляутдинов. Диля', '', 'Ш.А.', 'Диля', 1700, 782, 17, 5, '', 0, 0),
(5000059, '', 1, 'Практика знаний (диск), Ш. Аляутдинов', '', 'Ш.А.', 'Диля', 750, 0, 17, 5, '', 0, 0),
(5000060, '', 1, 'Практика семейной жизни (диск), Ш. Аляутдинов', '', 'Ш.А.', 'Диля', 750, 0, 17, 5, '', 0, 0),
(5000061, '', 1, 'Прочнее стали (диск), Ш. Аляутдинов', '', 'Ш.А.', 'Диля', 750, 392, 17, 5, '', 0, 0),
(5000062, '', 1, 'Путь  к вере и совершенству (тв), Ш. Аляутдинов. Диля', '', 'Ш.А.', 'Диля', 2600, 0, 17, 5, '', 0, 0),
(5000063, '', 1, 'Путь к вере и совершенству (мг), Ш. Аляутдинов. Диля', '', 'Ш.А.', 'Диля', 2600, 658, 17, 5, '', 0, 0),
(5000064, '', 1, 'Рамадан (диск 1), Ш. Аляутдинов', '', 'Ш.А.', 'Диля', 750, 0, 17, 5, '', 0, 0),
(5000065, '', 1, 'Рамадан (диск 2), Ш. Аляутдинов', '', 'Ш.А.', 'Диля', 750, 0, 17, 5, '', 0, 0),
(5000066, '', 1, 'Расписание триллионера, Ш. Аляутдинов. Диля', '', 'Ш.А.', 'Диля', 3700, 1753, 17, 5, '', 0, 0),
(5000067, '', 1, 'Реальность, Ш. Аляутдинов. Диля', '', 'Ш.А.', 'Диля', 800, 0, 17, 5, '', 0, 0),
(5000068, '', 1, 'Сборник проповедей ( часть-3) (диск), Ш. Аляутдинов', '', 'Ш.А.', 'Диля', 750, 392, 17, 5, '', 0, 0),
(5000069, '', 1, 'Сборник проповедей (Где найти счастье) (диск), Ш. Аляутдинов', '', 'Ш.А.', 'Диля', 750, 0, 17, 5, '', 0, 0),
(5000070, '', 1, 'Сборник проповедей (часть- 1) (диск), Ш. Аляутдинов', '', 'Ш.А.', 'Диля', 750, 0, 17, 5, '', 0, 0),
(5000071, '', 1, 'Сборник проповедей (часть -9) (диск), Ш. Аляутдинов', '', 'Ш.А.', 'Диля', 750, 0, 17, 5, '', 0, 0),
(5000072, '', 1, 'Сборник проповедей (часть-10) (диск), Ш. Аляутдинов', '', 'Ш.А.', 'Диля', 750, 0, 17, 5, '', 0, 0),
(5000073, '', 1, 'Сборник проповедей (часть-11) (диск), Ш. Аляутдинов', '', 'Ш.А.', 'Диля', 750, 0, 17, 5, '', 0, 0),
(5000074, '', 1, 'Сборник проповедей (часть-12) (диск), Ш. Аляутдинов', '', 'Ш.А.', 'Диля', 750, 392, 17, 5, '', 0, 0),
(5000075, '', 1, 'Сборник проповедей (часть-13-14) (диск), Ш. Аляутдинов', '', 'Ш.А.', 'Диля', 750, 0, 17, 5, '', 0, 0),
(5000076, '', 1, 'Сборник проповедей (часть-2) (диск), Ш. Аляутдинов', '', 'Ш.А.', 'Диля', 750, 0, 17, 5, '', 0, 0),
(5000077, '', 1, 'Сборник проповедей (часть-4) (диск), Ш. Аляутдинов', '', 'Ш.А.', 'Диля', 750, 0, 17, 5, '', 0, 0),
(5000078, '', 1, 'Сборник проповедей (часть-5) (диск),  Аляутдинов', '', 'Ш.А.', 'Диля', 750, 0, 17, 5, '', 0, 0),
(5000079, '', 1, 'Сборник проповедей (Часть-6) (диск), Ш. Аляутдинов', '', 'Ш.А.', 'Диля', 750, 0, 17, 5, '', 0, 0),
(5000080, '', 1, 'Сборник проповедей (часть-7) (диск), Ш. Аляутдинов', '', 'Ш.А.', 'Диля', 750, 0, 17, 5, '', 0, 0),
(5000081, '', 1, 'Сборник проповедей (часть-8) (диск), Ш. Аляутдинов', '', 'Ш.А.', 'Диля', 750, 0, 17, 5, '', 0, 0),
(5000082, '', 1, 'Св.Коран (Смыслы) (1-дорожный), Ш. Аляутдинов. Диля', '', 'Ш.А.', 'Диля', 3200, 955, 17, 5, '', 0, 0),
(5000083, '', 1, 'Св.Коран (Смыслы) (1-настольный), Ш. Аляутдинов. Диля', '', 'Ш.А.', 'Диля', 4400, 2172, 17, 5, '', 0, 0),
(5000084, '', 1, 'Св.Коран (Смыслы) (2-дорожный), Ш. Аляутдинов. Диля', '', 'Ш.А.', 'Диля', 3200, 1581, 17, 5, '', 0, 0),
(5000085, '', 1, 'Св.Коран (Смыслы) (2-настольный), Ш. Аляутдинов. Диля', '', 'Ш.А.', 'Диля', 4400, 2163, 17, 5, '', 0, 0),
(5000086, '', 1, 'Св.Коран (Смыслы) (3-дорожный), Ш. Аляутдинов. Диля', '', 'Ш.А.', 'Диля', 3400, 1609, 17, 5, '', 0, 0),
(5000087, '', 1, 'Св.Коран (Смыслы) (3-настольный), Ш. Аляутдинов. Диля', '', 'Ш.А.', 'Диля', 4600, 2255, 17, 5, '', 0, 0),
(5000088, '', 1, 'Св.Коран (Смыслы) (4-дорожный), Ш. Аляутдинов. Диля', '', 'Ш.А.', 'Диля', 3200, 1578, 17, 5, '', 0, 0),
(5000089, '', 1, 'Св.Коран (Смыслы) (4-настольный), Ш. Аляутдинов. Диля', '', 'Ш.А.', 'Диля', 6500, 3145, 17, 5, '', 0, 0),
(5000090, '', 1, 'Св.Коран (Смыслы) (5-дорожный), Ш. Аляутдинов. Диля', '', 'Ш.А.', 'Диля', 3200, 1577, 17, 5, '', 0, 0),
(5000091, '', 1, 'Св.Коран (Смыслы) (Богословский перевод), Ш. Аляутдинов. Диля', '', 'Ш.А.', 'Диля', 14000, 6993, 17, 5, '', 0, 0),
(5000092, '', 1, 'Семья и ислам, Ш. Аляутдинов. Диля', '', 'Ш.А.', 'Диля', 3700, 1771, 17, 5, '', 0, 0),
(5000093, '', 1, 'Сказания и сказка мусульманских народов (диск), Ш. Аляутдинов', '', 'Диля', 'Диля', 1200, 0, 17, 5, '', 0, 0),
(5000094, '', 1, 'Сказания и сказка мусульманских народов(подарочный) (+11) (диск), Ш. Аляутдинов', '', 'Диля', 'Диля', 3000, 0, 17, 5, '', 0, 0),
(5000095, '', 1, 'Смысл жизни (диск), Ш. Аляутдинов', '', 'Ш.А.', 'Диля', 750, 0, 17, 5, '', 0, 0),
(5000096, '', 1, 'Снимет черствость сердец только…(диск), Ш. Аляутдинов', '', 'Ш.А.', 'Диля', 750, 0, 17, 5, '', 0, 0),
(5000097, '', 1, 'Стань самым умным и самым богатым 1 (старая), Ш. Аляутдинов. Диля', '', 'Ш.А.', 'Диля', 2200, 0, 17, 5, '', 0, 0),
(5000098, '', 1, 'Стань самым умным и самым богатым 1, Ш. Аляутдинов. Диля', '', 'Ш.А.', 'Диля', 3200, 1524, 17, 5, '', 0, 0),
(5000099, '', 1, 'Стань самым умным и самым богатым 2, Ш. Аляутдинов. Диля', '', 'Ш.А.', 'Диля', 3200, 1537, 17, 5, '', 0, 0),
(5000100, '', 1, 'Странник в тленном мире (диск), Ш. Аляутдинов', '', 'Ш.А.', 'Диля', 750, 392, 17, 5, '', 0, 0),
(5000101, '', 1, 'Таджвид, Ш. Аляутдинов. Диля', '', 'Ш.А.', 'Диля', 3200, 1572, 17, 5, '', 0, 0),
(5000102, '', 1, 'Триллионер (Сборник проповедей). Кто распределяет Божью милость? (диск), Ш. Аляутдинов', '', 'Ш.А.', 'Диля', 750, 392, 17, 5, '', 0, 0),
(5000103, '', 1, 'Триллионер действует, Ш. Аляутдинов. Диля', '', 'Ш.А.', 'Диля', 3000, 1383, 17, 5, '', 0, 0),
(5000104, '', 1, 'Триллионер думает, Ш. Аляутдинов. Диля', '', 'Ш.А.', 'Диля', 2600, 1058, 17, 5, '', 0, 0),
(5000105, '', 1, 'Триллионер слушает (маленькая), Ш. Аляутдинов. Диля', '', 'Ш.А.', 'Диля', 2600, 0, 17, 5, '', 0, 0),
(5000106, '', 1, 'Триллионер слушает (Супер обл 60х90/16)', '', 'Ш.А.', 'Диля', 4100, 1595, 17, 5, '', 0, 0),
(5000107, '', 1, 'Триллионер слушает, Ш. Аляутдинов. Диля', '', 'Ш.А.', 'Диля', 3100, 1110, 17, 5, '', 0, 0),
(5000108, '', 1, 'Узы братства (диск), Ш. Аляутдинов', '', 'Ш.А.', 'Диля', 750, 392, 17, 5, '', 0, 0),
(5000109, '', 1, 'Финансы триллионера,  Ш. Аляутдинов. Диля', '', 'Ш.А.', 'Диля', 4200, 2061, 17, 5, '', 0, 0),
(5000110, '', 1, 'Шаг на встречу к себе (диск), Ш. Аляутдинов. Диля', '', 'Ш.А.', 'Диля', 750, 0, 17, 5, '', 0, 0),
(5000111, '', 1, 'Широта души (диск), Ш. Аляутдинов', '', 'Ш.А.', 'Диля', 750, 392, 17, 5, '', 0, 0),
(5000112, '', 1, 'Эл. Книга, Все о мусульманском посте', '', 'Эл.книга', 'Эл.книга', 300, 0, 18, 5, '', 0, 0),
(5000113, '', 1, 'Эл. Книга, Все увидят АД', '', 'Эл.книга', 'Эл.книга', 600, 0, 18, 5, '', 0, 0),
(5000114, '', 1, 'Эл. Книга, Женщина и Ислам', '', 'Эл.книга', 'Эл.книга', 600, 0, 18, 5, '', 0, 0),
(5000115, '', 1, 'Эл. Книга, Зачем мне Ислам', '', 'Эл.книга', 'Эл.книга', 600, 0, 18, 5, '', 0, 0),
(5000116, '', 1, 'Эл. Книга, Мир Души', '', 'Эл.книга', 'Эл.книга', 600, 0, 18, 5, '', 0, 0),
(5000117, '', 1, 'Эл. Книга, Мужчины и Ислам', '', 'Эл.книга', 'Эл.книга', 600, 0, 18, 5, '', 0, 0),
(5000118, '', 1, 'Эл. Книга, Св. Коран, том-1 ', '', 'Эл.книга', 'Эл.книга', 900, 0, 18, 5, '', 0, 0),
(5000119, '', 1, 'Эл. Книга, Св. Коран, том-2', '', 'Эл.книга', 'Эл.книга', 900, 0, 18, 5, '', 0, 0),
(5000120, '', 1, 'Эл. Книга, Св. Коран, том-3', '', 'Эл.книга', 'Эл.книга', 900, 0, 18, 5, '', 0, 0),
(5000121, '', 1, 'Эл. Книга, Св. Коран, том-4', '', 'Эл.книга', 'Эл.книга', 900, 0, 18, 5, '', 0, 0),
(5000122, '', 1, 'Эл. Книга, Св. Коран, том-5', '', 'Эл.книга', 'Эл.книга', 900, 0, 18, 5, '', 0, 0),
(5000123, '', 1, 'Эл. Книга, Семья и Ислам', '', 'Эл.книга', 'Эл.книга', 900, 0, 18, 5, '', 0, 0),
(5000124, '', 1, 'Эл. Книга, Триллионер Слушает', '', 'Эл.книга', 'Эл.книга', 900, 0, 18, 5, '', 0, 0),
(5000125, '', 1, 'Эл. Книга, Потусторонние миры', '', 'Эл.книга', 'Эл.книга', 600, 0, 18, 5, '', 0, 0),
(5000126, '', 1, 'Эл. Книга, Дети и Ислам', '', 'Эл.книга', 'Эл.книга', 960, 0, 18, 5, '', 0, 0),
(5000127, ' 978-985-15-2040-2', 1, '12 принципов лидерского превосходства, Б. Трейси. Попурри', '', 'Брайн Трейси', 'Попурри', 1500, 699, 19, 5, '', 0, 0),
(5000128, ' 978-985-15-1902-2', 1, '15 законов роста, Дж. Максвелл. Попурри', '', 'Джон Максвелл', 'Попурри', 1200, 559, 19, 5, '', 0, 0),
(5000129, ' 978-985-15-1630-4', 1, '16 законов успеха, Н. Хилл. Попурри', '', 'Наполеон Хилл', 'Попурри', 1500, 690, 19, 5, '', 0, 0),
(5000130, '978-985-15-1897-1', 1, '17 качеств командного игрока, Дж. Максвелл. Попурри', '', 'Джон Максвелл', 'Попурри', 800, 387, 19, 5, '', 0, 0),
(5000131, '978-985-15-1808-7', 1, '21 качество лидера Дж. Максвелл. Попурри', '', 'Джон Максвелл', 'Попурри', 1000, 0, 19, 5, '', 0, 0),
(5000132, '978-985-15-1809-4', 1, '21 минута в день на развитие лидерства, Дж. Максвелл. Попурри', '', 'Джон Максвелл', 'Попурри', 1800, 859, 19, 5, '', 0, 0),
(5000133, '978-5-9614-0602-3', 1, '21 способ победить кризис, Б. Трейси. Альпина', '', 'Брайн Трейси', 'Альпина', 1600, 0, 19, 5, '', 0, 0),
(5000134, '978-985-483-986-8', 1, '21 способ сделать карьеру, Б. Трейси. Попурри', '', 'Брайн Трейси', 'ПОпурри', 900, 0, 19, 5, '', 0, 0),
(5000135, '978-985-15-0096-9 ', 1, '25 способов завоевать расположение людей, Дж. Максвелл. Попурри', '', 'Джон Максвелл', 'ПОпурри', 1600, 0, 19, 5, '', 0, 0),
(5000136, '978-5-000-57-291-7', 1, '365 дней вместе. Ежедневник для родителей, Ю.Луговская ', '', 'Ю.Луговская', 'МИФ', 4900, 458, 19, 5, '', 0, 0),
(5000137, ' 978-5-699-41207-5', 1, '4 правила эффективного лидера в условиях неопределенности,С. Кови. Эксмо', '', 'Стивен Кови', 'Эксмо', 1500, 859, 19, 5, '', 0, 0),
(5000138, ' 978-985-15-1580-2', 1, '4 типа корпоративной культуры, Ф. Тромпенаарс,  Ч. Хэмпден-Тернер. Попурри', '', 'Фонс Тромпенаарс ', 'ПОпурри', 2000, 736, 19, 5, '', 0, 0),
(5000139, '978--5-386-06156-2', 1, '48 законов власти, Р. Грин. Рипол классик', '', 'Роберт Грин ', 'Рипол Классик', 2500, 756, 19, 5, '', 0, 0),
(5000140, '978-5-386-03100-8', 1, '48 законов власти, Р. Грин. Рипол классик. 2', '', 'Роберт Грин ', 'Рипол Классик', 1400, 0, 19, 5, '', 0, 0),
(5000141, '978-5-386-06156-2', 1, '48 законов власти,Р. Грин. Рипол', '', 'Р. Грин', 'Рипол', 5200, 0, 19, 5, '', 0, 0),
(5000142, ' 978-5-91657-425-8', 1, '5 граней лидерства, С. Кэмпбелл. МИФ', '', 'Скотт Кэмпбелл,', 'МИФ', 3900, 0, 19, 5, '', 0, 0),
(5000143, '978-5-00057-529-1', 1, '5 принципов проактивного мышления, Дж. Миллер. МИФ', '', 'Джон миллер', 'МИФ', 4000, 2074, 19, 5, '', 0, 0),
(5000144, '978-985-15-1857-5', 1, '5 уровней лидерства,Дж. Максвелл. Попурри', '', 'Джон Максвелл', 'ПОпурри', 1700, 794, 19, 5, '', 0, 0),
(5000145, '', 1, '50-й закон власти,  Р. Грин. Рипол классик', '', '', 'Рипол классик', 2300, 0, 19, 5, '', 0, 0),
(5000146, '978-5-9614-4851-1', 1, '7 навыков высокоэффективных родителей, А. Морд, М. Хайнц. Альпина', '', 'Алена Морд, Мария Хайнц', 'Альпина', 3000, 1426, 19, 5, '', 0, 0),
(5000147, '978-985-15-2190-2', 1, '7 навыков высокоэффективных семей, С. Кови. Альпина', '', 'Стивен Кови', 'ПОпурри', 3000, 1473, 19, 5, '', 0, 0),
(5000148, '978-5-9614-4773-6', 1, '7 навыков эфективных менеджеров, С. Кови. Альпина', '', 'Стивен Р. Кови', 'Альпина паблишер', 1500, 875, 19, 5, '', 0, 0),
(5000149, '978-5-91657-632-0', 1, 'Buyology Увлекательное путешествие в мозг современного потребителя, М. Линдстром. МИФ', '', 'Мартин Линдстром', 'МИФ', 4500, 0, 19, 5, '', 0, 0),
(5000150, '', 1, 'CD ментальные ловушки. Глупости, которые делают разумные люди, чтобы испортить себе жизнь,М. Гоулстон. МИФ', '', 'Марк Гоулстон', 'МИФ', 1940, 0, 19, 5, '', 0, 0),
(5000151, '978-5-91657-374-9', 1, 'iKona Cтив Джобс, Дж. Янг, В. Саймон. МИФ', '', 'Джеффри Янг,Вильям Саймон', 'МИФ', 4100, 2094, 19, 5, '', 0, 0),
(5000152, ' 978-5-91657-931-4', 1, 'Patagonia - бизнес в стиле серфинг, И. Шуинар. МИФ', '', 'Ивон Шуинар', 'МИФ', 3500, 1807, 19, 5, '', 0, 0),
(5000153, '978-5-91657-491-3', 1, 'PR Высокого полета, И. Алексеева; Т. Гуляева. МИФ', '', 'Инна Алексеева и Татьяна Гуляева', 'МИФ', 3500, 1792, 19, 5, '', 0, 0),
(5000154, '978-5-386-06801-1', 1, 'PRO власть.Мастер игры(белая), Р. Грин. Рипол', '', 'Р. Грин', 'Рипол ', 8310, 0, 19, 5, '', 0, 0),
(5000155, ' 978-5-91657-558-3', 1, 'Rework бизнес без предрассудков, Дж. Фрайд, Д. Хайнемайер. МИФ', '', 'Джейсон Фрайд,Дэвид Хайнемайер', 'МИФ', 4820, 2436, 19, 5, '', 0, 0),
(5000156, '978-5-91657-677-1', 1, 'Starbucks навсегда. Г. Шульц. МИФ', '', 'Говард Шульц', 'МИФ', 3400, 0, 19, 5, '', 0, 0),
(5000157, '978-5-699-77591-0', 1, 'The Intel: как Роберт Нойс, Гордон Мур и Энди Гроуг создали самую влиятельную компанию в мире, М. Мэлоун.Эксмо', '', 'М.Мэлоун', 'Эксмо', 3980, 2187, 19, 5, '', 0, 0),
(5000158, '', 1, 'WOW - результат:бери и делай!, Н. Ковальцева; Т. Костенкова; И. Шалагина', '', 'Н. Ковальцева; Т. Костенкова; И. Шалагина', 'Прочее', 2700, 0, 19, 5, '', 0, 0),
(5000159, '978-5-00057-418-8', 1, 'А у меня получится? С. Хартли. МИФ', '', 'Саймон Хартли', 'МИФ', 3000, 0, 19, 5, '', 0, 0),
(5000160, '978-985-15-1968-8', 1, 'Автобиография. Евангелие богатства, Э. Карнеги. Попурри', '', 'Эндрю Карнеги', 'ПОпурри', 2200, 0, 19, 5, '', 0, 0),
(5000161, '978-5-91657-654-2', 1, 'Анатомия сарафанного маркетинга, Э. Розен. МИФ', '', 'Эмануил Розен', 'МИФ', 3100, 1799, 19, 5, '', 0, 0),
(5000162, '978-5-91657-397-8', 1, 'Анти-Дарвин (большая), У. Джонатан. МИФ', '', 'Уэллс Джонатан', 'МИФ', 3300, 0, 19, 5, '', 0, 0),
(5000163, '', 1, 'Анти-Дарвин (маленькая), У. Джонатан. МИФ', '', 'Уэллс Джонатан', 'МИФ', 1300, 0, 19, 5, '', 0, 0),
(5000164, '978-985-15-0378-6', 1, 'Апгрейд бизнеса, Р. Паркс. Попурри', '', 'Ричард Паркс', 'ПОпурри', 1400, 700, 19, 5, '', 0, 0),
(5000165, '', 1, 'Бальзам для души. Встреча вторая. Дж. Кэнфилд; Марк Виктор Хансен. София', '', 'София', 'София', 900, 0, 19, 5, '', 0, 0),
(5000166, ' 978-5-91657-785-3', 1, 'Бег с Лидьярдом, А. д,Гарт; Гилмор. МИФ', '', 'Артур Лидьярд,Гарт Гилмор', 'МИФ', 3500, 2033, 19, 5, '', 0, 0),
(5000167, '978-5-916-57-151-6', 1, 'Бег с Лидьярдом.  Е. Ю. Хрусталева. МИФ', '', 'Е. Ю. Хрусталева', 'МИФ', 4200, 0, 19, 5, '', 0, 0),
(5000168, '978-5-000-57-688-5', 1, 'Бег с Лидьярдом. Доступные методики оздоровительного бега от великого тренера XX века, Е.Ю.Хрусталева. МИФ', '', 'Е. Ю.Хрусталева ', 'МИФ', 4600, 0, 19, 5, '', 0, 0),
(5000169, '978-5-000-57-715-8', 1, 'Без жалости к себе. Раздвинь границы своих возможностей. Э. Ларссен, МИФ', '', 'Э. Ларссен', 'МИФ', 5350, 2674, 19, 5, '', 0, 0),
(5000170, '978-5-699-61210-3', 1, 'Безграничность. 50 уроков, которые сделают тебя возмутитительно счастливым, Н. Вуйчич. Эксмо', '', 'Ник Вуйчич', 'Эксмо', 2620, 0, 19, 5, '', 0, 0),
(5000171, ' 978-5-91657-755-6', 1, 'Безумно просто. Вдохновляющие примеры Apple, К. Сигал. МИФ', '', 'Кен Сигал', 'МИФ', 3500, 1195, 19, 5, '', 0, 0),
(5000172, '978-5-91657-917-8', 1, 'Бенджамин Франклин.Биография, У. Айзексон. МИФ', '', 'Уолтер Айзексон', 'МИФ', 8900, 4440, 19, 5, '', 0, 0),
(5000173, '978-5-91657-185-1', 1, 'Библия велосипедиста, Дж. Фрил. МИФ', '', 'Джо Фрил', 'МИФ', 7000, 3468, 19, 5, '', 0, 0),
(5000174, ' 978-5-91657-184-4', 1, 'Библия триатлета, Дж. Фрил. МИФ', '', 'Джо Фрил', 'МИФ', 7000, 3468, 19, 5, '', 0, 0),
(5000175, '978-5-9614-4895-5', 1, 'Бизнес - это психология: Психологические координаты жизни современного делового человека, М. Мелия. Альпина', '', 'Марина Мелия', 'Альпина', 4980, 0, 19, 5, '', 0, 0),
(5000176, '978-985-15-2109-4', 1, 'Бизнес 21 века, Р. Кийосаки. Попурри', '', 'Роберт Кийосаки', 'ПОпурри', 2000, 0, 19, 5, '', 0, 0),
(5000177, '978-5-91657-608-5', 1, 'Бизнес в стиле VIRGIN, Б. Ричард. МИФ', '', 'Ричард Брэнсон', 'МИФ', 3800, 0, 19, 5, '', 0, 0),
(5000178, ' 978-5-91657-210-0', 1, 'Бизнес в стиле фанк навсегда. Капитал пляшет под дудку таланта, К. Нордстрем; Й. Риддерстрале. МИФ', '', 'Кьелл А.Нордстрем,Йонас Риддерстрале', 'МИФ', 3900, 2813, 19, 5, '', 0, 0),
(5000179, ' 978-5-91657-075-5', 1, 'Бизнес в стиле фанк навсегда. Капитализм в удовольствие, К. Нордстрем; Й. Риддерстрале. МИФ', '', 'Кьелл А.Нордстрем,Йонас Риддерстрале', 'МИФ', 4500, 2813, 19, 5, '', 0, 0),
(5000180, '', 1, 'Бизнес по правилам и без. Как добиться успеха и не потерять себя, А. Веббер. Юнайтед Пресс', '', 'Юнайтед Пресс', 'Юнайтед Пресс', 2400, 0, 19, 5, '', 0, 0),
(5000181, '4607146630694', 1, 'Бизнес-это психология. Аудиокнига, М. Мелия. Альпина', '', 'Марина Мелия', 'Альпина', 2400, 0, 19, 5, '', 0, 0),
(5000182, '9785916579321', 1, 'Бла бла бла или что делать, когда слова не работают, Д. Роэм. МИФ', '', 'Дэн Роэм', 'МИФ', 4600, 2300, 19, 5, '', 0, 0),
(5000183, ' 978-985-15-2433-0', 1, 'Богатый инвестор - быстрый инвестор, Р. Кийосаки. Попурри', '', 'Роберт Кийосаки', 'ПОпурри', 2200, 0, 19, 5, '', 0, 0),
(5000184, '', 1, 'Богатый папа- бедный папа: чему учат детей богатые родители и не учат бедные, Р. Кийосаки. Попурри', '', 'Роберт Кийосаки', 'ПОпурри', 2100, 0, 19, 5, '', 0, 0),
(5000185, '', 1, 'Богатый папа, бедный папа (мг), Р. Кийосаки. Попурри', '', 'Роберт Кийосаки', 'ПОпурри', 2100, 0, 19, 5, '', 0, 0),
(5000186, '978-985-15-2436-1', 1, 'Богатый папа, бедный папа (тв),  Р. Кийосаки. Попурри', '', 'Роберт Кийосаки', 'ПОпурри', 2900, 0, 19, 5, '', 0, 0),
(5000187, '', 1, 'Богатый папа, бедный папа: квадрант денежного потока, Р. Кийосаки. Попурри', '', 'Роберт Кийосаки', 'ПОпурри', 8700, 0, 19, 5, '', 0, 0),
(5000188, '', 1, 'Богатый ребенок, умный ребенок (мг), Р. Кийосаки. Попурри', '', 'Роберт Кийосаки', 'ПОпурри', 1500, 0, 19, 5, '', 0, 0),
(5000189, '978-985-15-1477-5', 1, 'Богатый ребенок, умный ребенок (тв) Р. Кийосаки. Попурри', '', 'Роберт Кийосаки', 'ПОпурри', 2500, 0, 19, 5, '', 0, 0),
(5000190, ' 978-5-91657-259-9', 1, 'Больше денег от вашего бизнеса, А. Левитас. МИФ', '', 'Александр Левитас', 'МИФ', 4820, 2373, 19, 5, '', 0, 0),
(5000191, '', 1, 'Больше чем бизнес, Дж. Коллинз; У. К. Лазьер. Альпина', '', 'Дж. Коллинз; У. К. Лазьер', 'Альпина', 2900, 0, 19, 5, '', 0, 0),
(5000192, '978-5-699-49990-8', 1, 'Братья и сестры как помочь вашим детям жить дружно, Ф. Мазлиш. Эксмо', '', 'Фабер Мазлиш', 'Эксмо', 1980, 986, 19, 5, '', 0, 0),
(5000193, '978-5-91657-846-1', 1, 'Будущее глазами одного из самых влиятельных инвесторов в мире. Почему Азия станет доминировать, у России есть хорошие шансы, Дж. Роджерс. МИФ', '', 'Джим Роджерс', 'МИФ', 4800, 0, 19, 5, '', 0, 0),
(5000194, ' 978-5-00057-377-8', 1, 'Будь лучшей версией себя, Д. Вальдшмидт. МИФ', '', 'Дэн Вальдшмидт', 'МИФ', 0, 0, 19, 5, '', 0, 0),
(5000195, '978-5-000-57-911-4', 1, 'Будь лучшей версией себя. Как обычные люди становятся выдающимися Д. Вальдшмидт. МИФ', '', 'Дэн Вальдшмидт', 'МИФ', 4800, 1274, 19, 5, '', 0, 0),
(5000196, '978-5-699-76367-2', 1, 'Будь сильным. Ты можешь преодолеть насилие (и все, что мешает тебе жить), Н.Вуйчич. Эксмо', '', 'Ник Вуйчич', 'Эксмо', 2700, 1273, 19, 5, '', 0, 0),
(5000197, '', 1, 'Бумага', '', '', 'Прочее', 3500, 0, 19, 5, '', 0, 0),
(5000198, '', 1, 'Быть счастливее, Т. Бен-Шахар. МИФ', '', 'Тал Бен-Шахар', 'МИФ', 1200, 0, 19, 5, '', 0, 0),
(5000199, '', 1, 'Быть счастливее, Т. Бен-Шахар. Попурри', '', 'Тал Бен-Шахар', 'Попурри', 2500, 0, 19, 5, '', 0, 0),
(5000200, '978-5-00100-107-2', 1, 'Быть, а не казаться. Размышления об истинном успехе, С. Кови. МИФ', '', 'Стивен Кови', 'МИФ', 5200, 2411, 19, 5, '', 0, 0),
(5000201, '978-5-91671-393-0', 1, 'В поисках потока,М. Чиксентмихайи. Альпина', '', 'Михай Чиксентмихайи', 'Альпина', 2000, 1124, 19, 5, '', 0, 0),
(5000202, '', 1, 'В поисках своего подлинного "Я", М. Гро Филлип. Попурри', '', 'МакГро Филлип', 'ПОпурри', 600, 0, 19, 5, '', 0, 0),
(5000203, ' 978-5-91657-157-8', 1, 'В поисках счастья. Как получать удовольствие от жизни каждый день, М. Селигман. МИФ', '', 'Мартин Селигман', 'МИФ', 3400, 0, 19, 5, '', 0, 0),
(5000204, ' 978-1-4027-6764-7', 1, 'В трех шагах от богатства, Ш. Лектер. Попурри', '', 'Шэрон Лектер', 'ПОпурри', 1600, 800, 19, 5, '', 0, 0),
(5000205, ' 978-5-91657-674-0', 1, 'В этом году я, М.Дж.Райан. МИФ', '', 'М.Дж.Райан', 'МИФ', 3500, 0, 19, 5, '', 0, 0),
(5000206, '978-985-15-0486-8', 1, 'Важно только сегодня, Дж. Максвелл. Попурри', '', 'Джон Максвелл', 'ПОпурри', 1900, 0, 19, 5, '', 0, 0),
(5000207, ' 978-5-00057-209-2', 1, 'Важные годы, М. Джей', '', 'Мэг Джей', 'Прочее', 4800, 2403, 19, 5, '', 0, 0),
(5000208, '978-5-00057-847-6', 1, 'Важные годы. Почему не стоит откладывать жизнь на потом, М. Джей. МИФ', '', 'М. Джей', 'МИФ', 4900, 0, 19, 5, '', 0, 0),
(5000209, '978-5-91657-686-3', 1, 'Вау! Проекты. Как превратить любую работу в проект, который имеет значение, Т. Питерс. МИФ', '', 'Том Питерс', 'МИФ', 3500, 0, 19, 5, '', 0, 0),
(5000210, '', 1, 'Ваш ребенок может все, П. Доусон. МИФ', '', 'Пэг Доусон', 'МИФ', 3800, 0, 19, 5, '', 0, 0),
(5000211, ' 978-5-91657-766-2', 1, 'Ваша группа поддержки, К. Феррацци. МИФ', '', 'Кейт Феррацци', 'МИФ', 3800, 1652, 19, 5, '', 0, 0),
(5000212, ' 978-985-15-1750-9', 1, 'Ваша дорога к успеху, Н. Хилл. Попурри', '', 'Наполеон Хилл', 'ПОпурри', 800, 327, 19, 5, '', 0, 0),
(5000213, '978-5-91657-675-7', 1, 'Великие по собственному выбору, Дж. Коллинз; М. Хансен. МИФ', '', 'Джим Коллинз,Мортен Хансен', 'МИФ', 5000, 0, 19, 5, '', 0, 0),
(5000214, '', 1, 'Великолепный мозг в любом возрасте, Д. Амен. Эксмо', '', 'Дэниел Амен', 'Эксмо', 2000, 0, 19, 5, '', 0, 0),
(5000215, '978-985-15-2620-4', 1, 'Величайшая тайна в мире, О. Мандино. Попурри', '', 'Ог Мандино', 'ПОпурри', 700, 0, 19, 5, '', 0, 0),
(5000216, '978-985-15-2072-1', 1, 'Величайший секрет как делать деньги, В. Джо. Попурри', '', 'Витале Джо', 'Попурри', 1500, 750, 19, 5, '', 0, 0),
(5000217, '978-5-17-0-93100-2', 1, 'Весь "опыт дурака" в одной книге, М.Норбеков. АСТ', '', 'М. Норбеков', 'АСТ', 5320, 2191, 19, 5, '', 0, 0),
(5000218, '', 1, 'Видеть лес за деревьями: Системный подход для совершенствования бизнес-модели, Д. Шервуд. Альпина', '', 'Д. Шервуд.', 'Альпина', 3800, 0, 19, 5, '', 0, 0),
(5000219, '', 1, 'Визуальное мышление, Д. Роэм. МИФ', '', 'Дэн Роэм ', 'МИФ', 4600, 2300, 19, 5, '', 0, 0),
(5000220, '978-5-91657-980-2', 1, 'Визуальный молоток. Как образы побеждают тысячи слов, Л. Райс. МИФ', '', 'Лаура Райс', 'МИФ', 4200, 1797, 19, 5, '', 0, 0),
(5000221, '985-15-1031-9', 1, 'Вне конкуренции, С. Маккейн. Попурри', '', 'Скотт Маккейн', 'ПОпурри', 1900, 640, 19, 5, '', 0, 0),
(5000222, ' 985-483-634-7', 1, 'Водная логика, Э. де Боно. Попурри', '', 'Эдвард де Боно', 'ПОпурри', 1300, 452, 19, 5, '', 0, 0),
(5000223, '978-5-386-08950-4', 1, 'Военный канон Китая. Сунь-цзы. Сунь Бинь. В.Малявин, Рипол', '', 'В. Малявин', 'Рипол ', 6590, 0, 19, 5, '', 0, 0),
(5000224, '978-5-91657-640-5', 1, 'Возвращенцы, И. Манн. МИФ', '', 'Игорь Манн', 'МИФ', 4000, 1820, 19, 5, '', 0, 0),
(5000225, '978-5-916-57-526-2', 1, 'Возраст счастья, В. Яковлев. МИФ', '', 'Владимир Яковлев', 'МИФ', 10100, 5348, 19, 5, '', 0, 0),
(5000226, '978-5-91657-286-5', 1, 'Война за Таланты, Э.Майклз; Х.Хэндфилд-Джонс; Э.Экселрод. МИФ', '', 'Э.Майклз,Х.Хэндфилд-Джонс,Э.Экселрод', 'МИФ', 2600, 1569, 19, 5, '', 0, 0),
(5000227, '978-985-15-1815-5', 1, 'Воплощение мечты, Дж. Максвелл. Попурри', '', 'Джон Максвелл', 'ПОпурри', 1200, 547, 19, 5, '', 0, 0),
(5000228, '', 1, 'Воспитай в себе лидера, Дж. Максвелл. Попурри', '', 'Джон Максвелл', 'ПОпурри', 1660, 0, 19, 5, '', 0, 0),
(5000229, '', 1, 'Воспитай супердетей, Б. Трейси. Омега-Л', '', ' Б. Трейси', 'Омега-Л', 500, 0, 19, 5, '', 0, 0),
(5000230, '', 1, 'Время действовать, С. Мэйнуори', '', 'С. Мэйнуори', 'Прочее', 3300, 0, 19, 5, '', 0, 0),
(5000231, '978-5-9614-4340-0', 1, 'Время на отдых, Г.Архангельский. Альпина', '', 'Глеб Архангельский', 'Альпина', 3500, 1735, 19, 5, '', 0, 0),
(5000232, '978-5-9614-1897-2', 1, 'Все в твоих руках, Д. Сиверс. Альпина', '', 'Дерек Сиверс', 'Альпина', 2200, 1056, 19, 5, '', 0, 0),
(5000233, '978-5-9614-1867-5', 1, 'Все мы оригиналы, С. Годин. Альпина', '', 'Сет Годин', 'Альпина', 2200, 1130, 19, 5, '', 0, 0),
(5000234, '', 1, 'Всё о продажах, Т. Коннор. Попурри', '', 'Тим Коннор', 'ПОпурри', 1000, 0, 19, 5, '', 0, 0),
(5000235, '978-985-15-1738-7', 1, 'Вчера и сегодня во имя завтра, Н. Хилл. Попурри', '', 'Наполеон Хилл', 'ПОпурри', 900, 0, 19, 5, '', 0, 0),
(5000236, '985-483-471-9', 1, 'Вы заметили гориллу?, Р. Вайзман. Попурри', '', 'Ричард Вайзман', 'ПОпурри', 400, 0, 19, 5, '', 0, 0),
(5000237, '985-438-597-3', 1, 'Вы умнее, чем вы думаете, Л. Периджо Мур. Попурри', '', 'Линда Периджо Мур', 'ПОпурри', 300, 0, 19, 5, '', 0, 0),
(5000238, ' 985-15-0196-6', 1, 'Вы это можете, Дж. Мэтью. Попурри', '', 'Джордж Мэтью', 'ПОпурри', 400, 0, 19, 5, '', 0, 0),
(5000239, '', 1, 'Выбор, О. Мандино. Попурри', '', 'Ог Мандино', 'ПОпурри', 1400, 0, 19, 5, '', 0, 0),
(5000240, ' 978-985-15-1962-6', 1, 'Выбор. Правила Голдратта, Г. Э. Голдратт. Попурри', '', 'Элияху Голдратт', 'ПОпурри', 3300, 1491, 19, 5, '', 0, 0),
(5000241, ' 978-5-91657-905-5', 1, 'Выйди из зоны комфорта, Б. Трейси. МИФ', '', 'Брайн Трейси', 'МИФ', 4800, 2210, 19, 5, '', 0, 0),
(5000242, ' 978-5-91657-961-1', 1, 'Высшая цель, М. Рэй. МИФ', '', 'Майкл Рэй ', 'МИФ', 4200, 2309, 19, 5, '', 0, 0),
(5000243, ' 978-5-91657-483-8', 1, 'Вышел хеджер из тумана, Б. Биггс. МИФ', '', 'Бартон Биггс', 'МИФ', 4900, 2455, 19, 5, '', 0, 0),
(5000244, '978-5-690-77257-5', 1, 'Ганди. Законы лидерства, А.Аксельрод. Эксмо', '', 'А. Аксельрод', 'Эксмо', 4900, 2412, 19, 5, '', 0, 0),
(5000245, '978-985-15-2021-9', 1, 'Где мой сыр?, С. Джонсон. Попурри', '', 'Спенсер Джонсон', 'ПОпурри', 1700, 639, 19, 5, '', 0, 0),
(5000246, ' 978-5-91657-592-7', 1, 'Гении и аутсайдеры. Почему одним все, а другим ничего?, М. Гладуэл. МИФ', '', 'Малькольм Гладуэл', 'МИФ', 3300, 0, 19, 5, '', 0, 0),
(5000247, '1', 1, 'Гений переговоров,Н. Джерард. Попурри', '', 'Ниренберг Джерард', 'ПОпурри', 2000, 0, 19, 5, '', 0, 0),
(5000248, '978-5-91657-822-5', 1, 'Гибкое сознание, К. Дуэк. МИФ', '', 'Кэрол Дуэк', 'МИФ', 2800, 0, 19, 5, '', 0, 0),
(5000249, ' 978-5-699-62252-8', 1, 'Господь Бог всегда путешествует инкогнито, Л. Гунель. Эксмо', '', 'Лоран Гунель', 'Эксмо', 1700, 0, 19, 5, '', 0, 0),
(5000250, '985-15-1018-0', 1, 'Государь. Никколо Макиавелли, Т.Филлипс. Попурри', '', 'Тим Филлипс', 'Попурри', 700, 337, 19, 5, '', 0, 0),
(5000251, '978-985-15-1481-2', 1, 'Дао Уоррена Баффета, М. Баффет. Попурри', '', 'Мэри Баффет', 'ПОпурри', 1700, 0, 19, 5, '', 0, 0),
(5000252, '978-985-15-1956-5', 1, 'Дар Мидаса, Р. Кийосаки. Попурри', '', 'Роберт Кийосаки', 'ПОпурри', 2500, 0, 19, 5, '', 0, 0),
(5000253, '978-601-06-1656-1', 1, 'Делай бизнес на миллион, А. Мэрко. Домика', '', 'Андрей Мэрко', 'Домика', 2200, 0, 19, 5, '', 0, 0),
(5000254, '978-5-91657-452-4', 1, 'Дело вашей жизни, П. Хокен. МИФ', '', 'Поль Хокен', 'МИФ', 3800, 0, 19, 5, '', 0, 0),
(5000255, '978-985-15-1410-2', 1, 'Деньги идут женщинам на пользу, Б. Шефер; К. Ферстль. Попурри', '', 'Бодо Шефер,Карола Ферстль', 'ПОпурри', 1900, 950, 19, 5, '', 0, 0),
(5000256, '978-985-15-1632-8', 1, 'Деньги, успех и вы, Дж. Кехо. Попурри', '', 'Джон Кехо', 'ПОпурри', 1200, 0, 19, 5, '', 0, 0),
(5000257, ' 978-5-00057-413-3', 1, 'Депрессия отменяется, Р. О'' Коннор. МИФ', '', 'Ричард О"Коннор', 'МИФ', 2800, 0, 19, 5, '', 0, 0),
(5000258, '978-5-91657-524-8', 1, 'Дерзкая простота мысли, М.Саатчи. МИФ', '', 'не написано', 'МИФ', 4600, 0, 19, 5, '', 0, 0),
(5000259, '978-985-15-2070-7', 1, 'Добейся успеха с помощью позитивного мировосприятия, Н. Хилл. Попурри', '', 'Наполеон Хилл', 'ПОпурри', 2700, 0, 19, 5, '', 0, 0),
(5000260, ' 978-985-15-0608-4', 1, 'Добивайся успеха и богатей, используя силу убеждения, Н. Хилл. Попурри', '', 'Наполеон Хилл', 'ПОпурри', 600, 0, 19, 5, '', 0, 0),
(5000261, '978-5-00057-574-1', 1, 'Договорись с собой… и другими достойными оппонентами, У. Юри. МИФ', '', 'Уильям Юри', 'МИФ', 3900, 2560, 19, 5, '', 0, 0),
(5000262, ' 978-5-91657-836-2', 1, 'Доставляя счастье.  От нуля до миллиарда история создания выдающейся комании из первых рук, Т. Шей. МИФ', '', 'Тони Шей', 'МИФ', 7800, 2560, 19, 5, '', 0, 0),
(5000263, ' 978-985-15-2065-3', 1, 'Достижение максимума: 12 принципов, Б.Трейси. Попурри                                                                                                    ', '', '                                                                                                               ', 'ПОпурри', 1800, 808, 19, 5, '', 0, 0),
(5000264, ' 978-5-91657-652-8', 1, 'Друкер на каждый день, П. Друкер. МИФ', '', 'Питер Друкер', 'МИФ', 4000, 2309, 19, 5, '', 0, 0),
(5000265, ' 978-985-15-1000-5', 1, 'Думай и Богатей, Н. Хилл. Попурри', '', 'Наполеон Хилл', 'Попурри', 700, 340, 19, 5, '', 0, 0),
(5000266, ' 978-985-15-1972-5', 1, 'Думай и богатей. Главные идеи философии успеха, Н. Хилл. Попурри', '', 'Наполеон Хилл', 'ПОпурри', 1900, 0, 19, 5, '', 0, 0),
(5000267, ' 978-985-15-1799-8', 1, 'Думай и богатей. Издание XXI века, Н. Хилл. Попурри', '', 'Наполеон Хилл', 'ПОпурри', 2800, 0, 19, 5, '', 0, 0),
(5000268, '978-985-15-2141-4', 1, 'Думай и богатей. Мировой бестселлер, Н. Хилл. Попурри', '', 'Наполеон Хилл', 'ПОпурри', 900, 0, 19, 5, '', 0, 0),
(5000269, '#VALUE!', 1, 'Думай и богатей: Добивайся успеха и богатей используя силу убеждений, Н. Хилл. Попурри', '', 'Наполеон Хилл', 'ПОпурри', 3000, 0, 19, 5, '', 0, 0),
(5000270, '985-15-0615-2', 1, 'Думайте эффективно. Новая обл, Т. Бьюзен. Попурри', '', 'Тони Бьюзен ', 'ПОпурри', 500, 0, 19, 5, '', 0, 0),
(5000271, ' 978-5-00057-328-0', 1, 'Еда и мозг, Д. Перлмуттер. МИФ', '', 'Дэвид Перлмуттер', 'МИФ', 5100, 2519, 19, 5, '', 0, 0),
(5000272, '978-5-9614-4831-3', 1, 'Ежедневник Архангельского, Г. Архангельский. Альпина', '', 'Глеб Архангельский', 'Альпина', 1500, 0, 19, 5, '', 0, 0),
(5000273, '978-5-91657-562-0', 1, 'Ежедневник счастливой мамы, З. Ивантер. МИФ', '', 'Зарина Ивантер', 'МИФ', 3600, 0, 19, 5, '', 0, 0),
(5000274, '978-5-000-57-697-7', 1, 'Еженедельник Номера 1. Путь к цели,И. Манн. МИФ', '', 'Игорь Манн', 'МИФ', 5130, 2493, 19, 5, '', 0, 0),
(5000275, '985-483-104-3', 1, 'Если жизнь игра, то это ее правила, Ш. Картер-Скотт. Попурри', '', 'Картер-Скотт Шери', 'ПОпурри', 400, 0, 19, 5, '', 0, 0),
(5000276, '978-985-15-0368-7', 1, 'Если хочешь стать богатым и счастливым, не ходи в школу, Р. Кийосаки. Попурри', '', 'Роберт Кийосаки', 'ПОпурри', 1500, 726, 19, 5, '', 0, 0),
(5000277, '978-5-386-00684-6', 1, 'Еще больше секретов счастливых детей, С. Биддалф. . Рипол классик', '', 'Стив Биддалф', 'Рипол Классик', 1400, 0, 19, 5, '', 0, 0);
INSERT INTO `goods` (`good_id`, `code`, `valid`, `name`, `description`, `author`, `publisher`, `price`, `net_price`, `cat_id`, `comp_id`, `pic_url`, `bonus`, `discount`) VALUES
(5000278, '978-5-91657-783-9', 1, 'Железный человек есть в каждом. От кресла бизнес-класса до Ironman , Дж. Кэллос. МИФ', '', 'Джон Кэллос', 'МИФ', 2200, 0, 19, 5, '', 0, 0),
(5000279, '978-5-9614-4338-7', 1, 'Жесткий менеджмент. Заставьте людей работать на результат, Д. Кеннеди. Альпина', '', 'Ден Кеннеди', 'Альпина', 3000, 0, 19, 5, '', 0, 0),
(5000280, '978-5-9614-5086-6', 1, 'Жесткий тайм менеджмент. Возьмите свою жизнь под контроль, Д. Кеннеди. Альпина', '', 'Ден Кеннеди', 'Альпина', 4200, 0, 19, 5, '', 0, 0),
(5000281, '985-438-424-1', 1, 'Живи по-своему, У. Дайер. Попурри', '', 'Уэйн Дайер', 'ПОпурри', 300, 0, 19, 5, '', 0, 0),
(5000282, '978-5-00057-649-6', 1, 'Живи с чувством. Как поставить цели к которым лежит душа, Д. Лапорт. МИФ', '', 'Даниэлла Лапорт', 'МИФ', 4300, 0, 19, 5, '', 0, 0),
(5000283, '985-438-930-8', 1, 'Живите всегда полноценной жизнью, П. Норман. Попурри', '', 'Пил Норман', 'ПОпурри', 400, 0, 19, 5, '', 0, 0),
(5000284, ' 978-5-91657-548-4', 1, 'Жизнь без границ (Триатлон), К. Веллингтон; М. Айлвин. МИФ', '', 'Крисси Веллингтон и Майкл Айлвин', 'МИФ', 4000, 0, 19, 5, '', 0, 0),
(5000285, '978-5-699-58380-5', 1, 'Жизнь без границ, Н. Вуйчич. Эксмо', '', 'Ник Вуйчич', 'Эксмо', 2750, 1306, 19, 5, '', 0, 0),
(5000286, '978-5-91657-806-5', 1, 'Жизнь на полной мощности, Дж. Лоэр; Т. Шварц. МИФ', '', 'Джим Лоэр и Тони Шварц', 'МИФ', 4000, 1505, 19, 5, '', 0, 0),
(5000287, '985-438-750-X', 1, 'Жизнь сначала, Ч. Ричардсон. Попурри', '', 'Черил Ричардсон', 'ПОпурри', 300, 113, 19, 5, '', 0, 0),
(5000288, '978-5-699-60900-0', 1, 'Жить по принципу 80/20, Р. Кох. Эксмо', '', 'Ричард Кох', 'Эксмо', 2200, 0, 19, 5, '', 0, 0),
(5000289, '978-985-15-0352-6', 1, 'За пределами игр и сценариев, Э. Берн. Попурри', '', 'Эрик Берн', 'ПОпурри', 1300, 612, 19, 5, '', 0, 0),
(5000290, ' 978-985-15-0263-5', 1, 'За рулем своей карьеры, Дж. Гордон. Попурри', '', 'Джон Гордон', 'ПОпурри', 1300, 435, 19, 5, '', 0, 0),
(5000291, '978-5-699-71824-5', 1, 'Загадки женского мозга, Д. Амен. Эксмо', '', 'Даниэль Амен', 'Эксмо', 3000, 1467, 19, 5, '', 0, 0),
(5000292, ' 978-985-15-1784-4', 1, 'Заговор богатых, Р. Кийосаки. Попурри', '', 'Роберт Кийосаки', 'ПОпурри', 2400, 0, 19, 5, '', 0, 0),
(5000293, '978-985-15-1850-6', 1, 'Задачи на тренировку бизнес-интеллекта, А. Ванганди. Попурри', '', 'Артур Ванганди', 'ПОпурри', 1900, 643, 19, 5, '', 0, 0),
(5000294, '978-985-483-463-8', 1, 'Закон Мерфи, А. Блох. Попурри', '', 'Артур Блох', 'ПОпурри', 200, 0, 19, 5, '', 0, 0),
(5000295, '978-985-15-0982-5', 1, 'Закон притяжения денег, Б. Проктор; М. Блад. Эксмо', '', '', 'Эксмо', 800, 0, 19, 5, '', 0, 0),
(5000296, '978- 985-483-531-6', 1, 'Закон успеха, Н. Хилл. Попурри', '', 'Наполеон Хилл', 'ПОпурри', 3000, 0, 19, 5, '', 0, 0),
(5000297, ' 978-985-15-1367-9', 1, 'Законы лидерства, Дж. Максвелл. Попурри', '', 'Джон Максвелл', 'ПОпурри', 1000, 0, 19, 5, '', 0, 0),
(5000298, '978-985-15-2112-4', 1, 'Законы победителей, Б. Шефер. Попурри', '', 'Бодо Шефер', 'ПОпурри', 2000, 778, 19, 5, '', 0, 0),
(5000299, '978-5-699-80641-6', 1, 'Записки на салфетках, Г. Каллахан. Эксмо', '', 'Г. Каллахан', 'Эксмо', 2410, 1218, 19, 5, '', 0, 0),
(5000300, ' 978-985-15-2107-0', 1, 'Зарабатывайте столько, сколько вы стоите, Б. Трейси. Попурри', '', 'Брайн Трейси', 'ПОпурри', 1800, 740, 19, 5, '', 0, 0),
(5000301, '978-5-91657-982-6', 1, 'Захотела и смогла. 31 удивительная история о женщинах, которые доказали, что никогда не поздно исполнить свою самую невероятную мечту, В. Яковлев. МИФ', '', 'Владимир Яковлев', 'МИФ', 5000, 0, 19, 5, '', 0, 0),
(5000302, ' 978-5-00057-501-7', 1, 'Здоровые привычки, Л. Ионова. МИФ', '', 'Лидия Ионова', 'МИФ', 3200, 0, 19, 5, '', 0, 0),
(5000303, '978-985-15-0306-9', 1, 'Здоровые, богатые и счастливые, У. Нэнс. Попурри', '', 'Уэйн Нэнс', 'Попурри', 1300, 0, 19, 5, '', 0, 0),
(5000304, '', 1, 'Здоровье начинается с правильной еды, Д. Хартвиг; М. Хартвиг. МИФ', '', 'Д. Хартвиг; М. Хартвиг', 'МИФ', 3600, 0, 19, 5, '', 0, 0),
(5000305, '978-985-15-1271-9', 1, 'Золотое наследие, Н. Хилл. Попурри', '', 'Наполеон Хилл', 'ПОпурри', 1400, 473, 19, 5, '', 0, 0),
(5000306, '978-985-15-0529-2', 1, 'Золотое правило успеха, Н. Хилл. Попурри', '', 'Наполеон Хилл', 'ПОпурри', 1300, 0, 19, 5, '', 0, 0),
(5000307, '978-985-15-0929-0', 1, 'Золотые уроки лидерства, Дж. Максвелл. Попурри', '', 'Джон Максвелл', 'ПОпурри', 700, 274, 19, 5, '', 0, 0),
(5000308, '978-985-15-0933-7', 1, 'Золотые уроки: карьерный рост, Дж. Максвелл. Попурри', '', 'Джон Максвелл', 'ПОпурри', 1100, 371, 19, 5, '', 0, 0),
(5000309, '978-985-15-0278-9', 1, 'Зубочистка для мозгов, М.Нуар. Попурри', '', 'Мишель Нуар', 'ПОпурри', 800, 0, 19, 5, '', 0, 0),
(5000310, '978-5-91657-283-4', 1, 'И ботаники делают  бизнес, Е. Чичваркин. МИФ', '', 'Евгений Чичваркин', 'МИФ', 2700, 1361, 19, 5, '', 0, 0),
(5000311, '978-5-906084-03-3', 1, 'Идеально как создать и переделать свой сайт, А. Уолтер. Сила Ума паблишер', '', 'Аарон Уолтер', 'Не написано', 4400, 2200, 19, 5, '', 0, 0),
(5000312, '978-5-699-66795-6', 1, 'Идеальные родители за 60 минут. Экспресс -курс от мировых экспертов по воспитанию', '', 'А. Фабер, Э. Мазлиш', 'Эксмо', 1900, 924, 19, 5, '', 0, 0),
(5000313, '978-5-91657-726-6', 1, 'Идеальный питч, О. Клафф. МИФ', '', 'Орен Клафф', 'МИФ', 3600, 0, 19, 5, '', 0, 0),
(5000314, '978-5-9614-4974-7', 1, 'Идеальный руководитель: Почему им нельзя стать и что из этого следует, И. Адизес. Альпина', '', 'И. Адизес', 'Альпина', 4850, 2421, 19, 5, '', 0, 0),
(5000315, '978-985-15-2096-7', 1, 'Иди к золоту, Дж. Максвелл. Попурри', '', 'Джон Максвелл', 'ПОпурри', 1100, 449, 19, 5, '', 0, 0),
(5000316, ' 978-5-91657-404-3', 1, 'Избавь свою жизнь от хлама, Э.  Меллен. Альпина', '', 'Эндрю Меллен', 'Альпина', 3200, 1796, 19, 5, '', 0, 0),
(5000317, '978-985-15-1953-4', 1, 'Измени мышление - и ты изменишь свою жизнь, Б. Трейси. Попурри', '', 'Брайн Трейси', 'ПОпурри', 2200, 0, 19, 5, '', 0, 0),
(5000318, '978-5-699-61600-8', 1, 'Измени свой мозг изменится и возраст, Д. Амен. Эксмо', '', 'Дэниел Амен', 'Эксмо', 2310, 1136, 19, 5, '', 0, 0),
(5000319, '978-5-699-48442-3', 1, 'Измени свой мозг- изменится и тело, Д. Амен. Эксмо', '', 'Дэниел Амен', 'Эксмо', 1428, 0, 19, 5, '', 0, 0),
(5000320, '978-5-699-38213-2', 1, 'Измени свой мозг, изменится и жизнь, Д. Амен. Эксмо', '', 'Дэниел Амен', 'Эксмо', 1900, 0, 19, 5, '', 0, 0),
(5000321, '978-5-91657-389-3', 1, 'ИКЕА собери свою мечту, А. Дальвиг. МИФ', '', 'Андерс Дальвиг', 'МИФ', 3300, 0, 19, 5, '', 0, 0),
(5000322, ' 978-985-15-1777-6', 1, 'Инвестиции в недвижимость, Р. Кийосаки. Попурри', '', 'Роберт Кийосаки', 'ПОпурри', 3600, 0, 19, 5, '', 0, 0),
(5000323, '978-985-15-1646-5', 1, 'Инвестиционный портфель Уоррена Баффета, М. Баффет. Попурри', '', 'Мэри Баффет', 'ПОпурри', 900, 437, 19, 5, '', 0, 0),
(5000324, '978-5-91657-496-8', 1, 'Интроверты. Как использовать особенности своего характера, С. Кейн. МИФ', '', 'Сьюзан Кейн', 'МИФ', 4900, 1946, 19, 5, '', 0, 0),
(5000325, '978-5-17-0-86856-8', 1, 'Интуиция дурака, М. Норбеков. АСТ', '', 'М. Норбеков', 'АСТ', 2000, 977, 19, 5, '', 0, 0),
(5000326, '978-985-15-0045-7', 1, 'Интуиция может всё, Л. Робинсон. Попурри', '', 'Линн Робинсон', 'ПОпурри', 1000, 0, 19, 5, '', 0, 0),
(5000327, ' 978-5-91657-753-2', 1, 'Искусство влияния. Убеждение без манипуляций, М. Гоулстон; Дж. Уллмен. МИФ', '', 'Марк Гоулстон и Джон Уллмен', 'МИФ', 4200, 2072, 19, 5, '', 0, 0),
(5000328, ' 978-5-91657-580-4', 1, 'Искусство говорить и слушать, М. Адлер. МИФ', '', 'Мортимер Адлер', 'МИФ', 6000, 0, 19, 5, '', 0, 0),
(5000329, '978-5-9614-4609-8', 1, 'Искусство жить просто, Д. Лоро. Альпина', '', 'Доминик Лоро', 'Альпина', 3000, 2087, 19, 5, '', 0, 0),
(5000330, '978-5-961-4-5412-3', 1, 'Искусство жить просто. Как избавиться от лишнего и обогатить свою жизнь, Д. Лоро. Альпина', '', 'Д.Лоро', 'Альпина', 4200, 0, 19, 5, '', 0, 0),
(5000331, '978-5-9614-5530-4', 1, 'Искусство жить просто: Как избавиться от лишнего и обогатить свою жизнь (Покетбук), Д. Лоро. Альпина', '', 'Д.Лоро', 'Альпина', 3210, 1442, 19, 5, '', 0, 0),
(5000332, '978-985-15-2031-8', 1, 'Искусство заключения сделок, Б. Трейси. Попурри', '', 'Брайн Трейси', 'ПОпурри', 2100, 711, 19, 5, '', 0, 0),
(5000333, '978-985-15-0494-3', 1, 'Искусство мыслить масштабно, Д. Шварц. Попурри', '', 'Дэвид Шварц', 'ПОпурри', 1900, 0, 19, 5, '', 0, 0),
(5000334, '978-5-91657-792-1', 1, 'Искусство объяснять, Л. ЛеФевер. МИФ', '', 'Ли ЛеФевер', 'МИФ', 5620, 2809, 19, 5, '', 0, 0),
(5000335, ' 978-5-699-76008-4', 1, 'Искусство побеждать. В переводе и с комментариями Б. Виногродского, Сунь-Цзы. Эксмо', '', 'Сунь-Цзы', 'Эксмо', 9200, 0, 19, 5, '', 0, 0),
(5000336, '978-5-00057-212-2', 1, 'Искусство учиться. Как стать лучшим в любом деле, Дж. Вайкин. МИФ', '', 'Джошуа Вайкин', 'МИФ', 2800, 0, 19, 5, '', 0, 0),
(5000337, '978-5-9614-0175-8', 1, 'Истинный профессионализм,М. Дэвид. Альпина', '', 'Майстер Дэвид', 'Альпина', 2800, 0, 19, 5, '', 0, 0),
(5000338, '978-985-15-0505-6', 1, 'Истории успеха учеников Богатого Папы, Р. Кийосаки. Попурри', '', 'Роберт Кийосаки', 'ПОпурри', 1400, 0, 19, 5, '', 0, 0),
(5000339, '978-5-91671-247-6', 1, 'История на миллион долларов.Мастер класс для сценаристов, писателей и не только, Р. Макки. Альпина', '', 'Роберт Макки', 'Альпина', 3120, 0, 19, 5, '', 0, 0),
(5000340, '978-5-00057-462-1', 1, 'Источник энергии. Как включить скрытые резервы организма и сохранять бодрость весь день, Д. Брауни. МИФ', '', 'Даниэлла Брауни', 'МИФ', 4800, 2202, 19, 5, '', 0, 0),
(5000341, ' 978-5-91657-569-9', 1, 'К выступлению готов, Р. Гандапас. МИФ', '', 'Радислав Гандапас', 'МИФ', 3800, 1950, 19, 5, '', 0, 0),
(5000342, '', 1, 'К черту всё ! - 2 Берись и делай! (3-е изд.), Р. Брэнсон. МИФ', '', 'Р. Брэнсон', 'МИФ', 2100, 0, 19, 5, '', 0, 0),
(5000343, '978-5-00057-461-4', 1, 'К черту всё! Берись и делай, Р. Брэнсон. МИФ', '', 'Ричард Брэнсон', 'МИФ', 4000, 2317, 19, 5, '', 0, 0),
(5000344, '978-5-000-57-971-8', 1, 'К черту всё! Берись и делай. МИФ', '', 'Ричард Брэнсон', 'МИФ', 4700, 0, 19, 5, '', 0, 0),
(5000345, '978-985-15-0630-5', 1, 'Каждый человек способен творить чудеса, Н. Хилл. Попурри', '', 'Наполеон Хилл', 'ПОпурри', 600, 202, 19, 5, '', 0, 0),
(5000346, ': 978-5-91657-832-4', 1, 'Как гибнут великие, Дж. Коллинз. МИФ', '', 'Джим Коллинз', 'МИФ', 3800, 0, 19, 5, '', 0, 0),
(5000347, '978-5-699-41096-5', 1, 'Как говорить с детьми, чтобы они учились, А. Фабер; Э. Мазлиш. Эксмо', '', 'Фабер Мазлиш', 'Эксмо', 2000, 1040, 19, 5, '', 0, 0),
(5000348, '978-5-699-43316-2', 1, 'Как говорить, чтобы дети слушали и как слушать чтобы дети говорили, А. Фабер; Э. Мазлиш. Эксмо', '', 'Адель Фабер и Элейн Мазлиш', 'Эксмо', 2000, 0, 19, 5, '', 0, 0),
(5000349, '978-5-699-35167-1', 1, 'Как говорить, чтобы дети слушали и как слушать, чтобы дети говорили 2015 А. Фабер; Э. Мазлиш. Эксмо', '', 'Адель Фабер и Элейн Мазлиш', 'Эксмо', 1700, 0, 19, 5, '', 0, 0),
(5000350, '', 1, 'Как говорить, чтобы подростки слушали, и как слушать, чтобы подростки говорили, А. Фабер; Э. Мазлиш. Эксмо', '', '', 'Эксмо', 1980, 1007, 19, 5, '', 0, 0),
(5000351, ' 978-985-15-2072-1', 1, 'Как делать деньги, Дж. Витале. Попурри', '', 'Джо Витале', 'Попурри', 1500, 0, 19, 5, '', 0, 0),
(5000352, '978-5-699-66608-9', 1, 'Как дети добиваются успеха, П. Таф. Эксмо', '', 'Пол Таф', 'Эксмо', 2600, 0, 19, 5, '', 0, 0),
(5000353, '978-5-443-8-0389-0', 1, 'Как изменить мир к лучшему, Эйнштейн А. Эксмо', '', 'А. Эйнштейн', 'Эксмо', 3800, 1531, 19, 5, '', 0, 0),
(5000354, ' 978-5-91657-889-8', 1, 'Как люди думают, Д. Чернышев. МИФ', '', 'Дмитрий Чернышев', 'МИФ', 3500, 0, 19, 5, '', 0, 0),
(5000355, '978-985-483-953-0', 1, 'Как мыслят преуспевающие люди, или мыслите, чтобы измениться, Дж. Максвелл. Попурри', '', 'Джон Максвелл', 'ПОпурри', 1400, 0, 19, 5, '', 0, 0),
(5000356, '978-985-15-2033-2', 1, 'Как найти выход из любой конфликтной ситуации, Д. Карнеги. Попурри', '', 'Дейл Карнеги', 'ПОпурри', 1000, 0, 19, 5, '', 0, 0),
(5000357, '978-985-15-0626-8', 1, 'Как научиться быть счастливым, Т. Бен-Шахар. Попурри', '', 'Тал Бен-Шахар', 'Попурри', 1200, 0, 19, 5, '', 0, 0),
(5000358, '978-5-699-56803-1', 1, 'Как общаться с ребенком, чтобы он рос счастливым, Г. ТимошенкоЭксмо', '', 'Галина Тимошенко', 'Эксмо', 1000, 0, 19, 5, '', 0, 0),
(5000359, ' 978-985-15-1426-3', 1, 'Как открывать любую дверь, работая головой, Х. Маккей. Попурри', '', 'Харви Маккей', 'ПОпурри', 2200, 724, 19, 5, '', 0, 0),
(5000360, '', 1, 'Как оценить и продать свой бизнес, Э. Хеслоп. Альпина', '', 'Э. Хеслоп', 'Альпина', 1100, 0, 19, 5, '', 0, 0),
(5000361, ' 978-985-15-1961-9', 1, 'Как плавать среди акул, Х. Маккей. Попурри', '', 'Харви Маккей', 'ПОпурри', 1600, 741, 19, 5, '', 0, 0),
(5000362, '978-5-00057-625-0', 1, 'Как победить страх. 12 демонов на пути к свободе, счастью и творчеству, О. Соломатина. МИФ', '', 'Ольга Соломатина', 'МИФ', 4200, 2184, 19, 5, '', 0, 0),
(5000363, ' 978-985-483-974-5', 1, 'Как поднять себе зарплату, Н. Хилл. Попурри', '', 'Наполеон Хилл', 'ПОпурри', 600, 220, 19, 5, '', 0, 0),
(5000364, ' 978-985-15-0363-2', 1, 'Как превратить неудачи в ступени к успеху, Дж. Максвелл. Попурри', '', 'Джон Максвелл', 'ПОпурри', 1200, 485, 19, 5, '', 0, 0),
(5000365, '', 1, 'Как преодолеть нет, У. Юри. МИФ', '', '', 'МИФ', 3400, 0, 19, 5, '', 0, 0),
(5000366, '978-985-483-573-1', 1, 'Как преуспеть в бизнесе, нарушая все правила, Д. Кеннеди. Попурри', '', 'Дэн Кеннеди', 'ПОпурри', 1500, 679, 19, 5, '', 0, 0),
(5000367, '', 1, 'Как привести дела в порядок, Д. Аллен. МИФ', '', '', 'МИФ', 3400, 0, 19, 5, '', 0, 0),
(5000368, '978-985-15-2034-9', 1, 'Как прожить яркую жизнь, Д. Карнеги. Попурри', '', 'Дейл Карнеги', 'ПОпурри', 1200, 0, 19, 5, '', 0, 0),
(5000369, ' 978-985-483-901-1', 1, 'Как разбогатеть с нуля, Б. Трейси. Попурри', '', 'Брайн Трейси', 'ПОпурри', 1600, 564, 19, 5, '', 0, 0),
(5000370, '', 1, 'Как разбогатеть с нуля, Б. Трейси. Попурри', '', '', 'Попурри', 1600, 564, 19, 5, '', 0, 0),
(5000371, '978-5-386-02483-3', 1, 'Как развить мозг ребенка, С. Биддалф. Рипол классик', '', 'Стив Биддалф', 'Рипол классик', 1600, 0, 19, 5, '', 0, 0),
(5000372, ': 978-5-00057-500-0', 1, 'Как разговаривать с кем угодно. Уверенное общение в любой ситуации, М. Роудз. МИФ', '', 'Марк Роудз', 'МИФ', 4940, 2393, 19, 5, '', 0, 0),
(5000373, '978-985-15-0492-9', 1, 'Как создать тёплые отношения с детьми, Л. Пэм. Попурри', '', 'Лео Пэм', 'ПОпурри', 500, 100, 19, 5, '', 0, 0),
(5000374, '', 1, 'Как создать тёплые отношения с детьми, П. Лео. Попурри', '', '', 'Попурри', 500, 0, 19, 5, '', 0, 0),
(5000375, ' 978-985-15-1404-1', 1, 'Как стать богатым за 1 год, Н. Хилл. Попурри', '', 'Наполеон Хилл', 'ПОпурри', 1000, 132, 19, 5, '', 0, 0),
(5000376, '978-985-15-2444-6', 1, 'Как стать мастером общения и публичных выступлений, Д. Карнеги. Попурри', '', 'Дейл Карнеги', 'ПОпурри', 1700, 0, 19, 5, '', 0, 0),
(5000377, '978-985--15-1926-8', 1, 'Как стать счастливым, Д. Карнеги. Попурри', '', 'Дэйл Карнеги', 'ПОпурри', 1200, 0, 19, 5, '', 0, 0),
(5000378, ' 978-5-699-72943-2', 1, 'Как стать счастливым, Ив-А. Тальманн. Эксмо', '', 'Ив-Александр Тальманн', 'Эксмо', 1200, 413, 19, 5, '', 0, 0),
(5000379, '978-985-15-2120-9', 1, 'Как стать эффективным лидером, Д. Карнеги. Попурри', '', 'Дейл Карнеги', 'ПОпурри', 1100, 0, 19, 5, '', 0, 0),
(5000380, '978-5-9614-1986-3', 1, 'Как усилить свою силу? Коучинг. М. Мелия. Альпина', '', 'Марина Мелия', 'Альпина', 5400, 2692, 19, 5, '', 0, 0),
(5000381, '978-5-00057-433-1', 1, 'Как устроена экономика, Ха Джун Чанг. МИФ', '', 'Ха Джун Чанг', 'МИФ', 3400, 0, 19, 5, '', 0, 0),
(5000382, '978-5-91657-490-6', 1, 'Как я стал боссом. История случайной карьеры в международной корпорации, Д. Новак. МИФ', '', 'Дэвид Новак', 'МИФ', 3500, 0, 19, 5, '', 0, 0),
(5000383, '#VALUE!', 1, 'Календарь. Мечта и крылья, С. Буксиков', '', 'Серик Буксиков', 'Прочее', 6000, 0, 19, 5, '', 0, 0),
(5000384, ' 978-5-91657-492-0', 1, 'Камасутра для оратора, Р. Гандапас. МИФ', '', 'Радислав Гандапас', 'МИФ', 5130, 2555, 19, 5, '', 0, 0),
(5000385, ' 978-985-15-0998-6', 1, 'Капитал Карла Маркса, С. Шипсайд. Попурри', '', 'Карла Маркса', 'Попурри', 700, 0, 19, 5, '', 0, 0),
(5000386, '', 1, 'Карл Маркс. Капитал. 10 книг изменивших мир,  Ф. Вин. АСТ', '', '', 'АСТ', 1125, 0, 19, 5, '', 0, 0),
(5000387, '985-15-0619-0', 1, 'Карта вашей жизни, Б. Мейн; С. Мейн. Попурри', '', 'Брайн и Санджита Мейн', 'Попурри', 1000, 472, 19, 5, '', 0, 0),
(5000388, '978-985-15-1270-2', 1, 'Квадрант денежного потока, Р. Кийосаки. Попурри', '', 'Роберт Кийосаки', 'ПОпурри', 2100, 0, 19, 5, '', 0, 0),
(5000389, ' 978-985-15-2252-7', 1, 'Квантовый воин: сознание будущего, Дж. Кехо. Попурри', '', 'Джон Кехо', 'ПОпурри', 2100, 825, 19, 5, '', 0, 0),
(5000390, '978-985-483-136-1', 1, 'Киты: выше и лучше, или уроки мотивации, вдохновения и определения целей, К. Бланшар. Попурри', '', 'Кеннет Бланшар', 'ПОпурри', 700, 0, 19, 5, '', 0, 0),
(5000391, '#VALUE!', 1, 'Клиентогенерация, Б. Кэрролл.Сила ума- паблишер', '', 'Не написано', 'Не написано', 6200, 0, 19, 5, '', 0, 0),
(5000392, '978-5-91657-181-3', 1, 'Клиенты на всю жизнь, К. Сьюэлл. МИФ', '', 'Карл Сьюэлл', 'МИФ', 4820, 2356, 19, 5, '', 0, 0),
(5000393, '978-5-17-0-93030-2', 1, 'Ключ к сверхвозможностям! 100+1 идея для раскрытия вашего потенциала от монаха, который продал свой "феррари", Р. Шарма. АСТ', '', 'Р.Шарма', 'АСТ', 1800, 893, 19, 5, '', 0, 0),
(5000394, ' 978-985-15-0705-0', 1, 'Ключи к богатству, Н. Хилл. Попурри', '', 'Наполеон Хилл', 'ПОпурри', 1300, 606, 19, 5, '', 0, 0),
(5000395, '978-985-15-1732-5', 1, 'Ключи к успеху, Дж. Рон. Попурри', '', 'Джим Рон', 'ПОпурри', 900, 450, 19, 5, '', 0, 0),
(5000396, '978-985-15-1126-2', 1, 'Книга о власти над собой, Э. Роббинс. Попурри', '', 'Энтони Роббинс', 'ПОпурри', 3300, 1650, 19, 5, '', 0, 0),
(5000397, ' 978-985-15-0350-2', 1, 'Книга счастья, Х. Саммерс; Э. Уотсон. Попурри', '', 'Хизер Саммерс и Энн Уотсон', 'ПОпурри', 1200, 0, 19, 5, '', 0, 0),
(5000398, ' 978-985-15-0403-5', 1, 'Книга удачи, Х. Саммерс; Э. Уотсон. Попурри', '', 'Хизер Саммерс и Энн Уотсон', 'ПОпурри', 900, 348, 19, 5, '', 0, 0),
(5000399, '978-5-17-086560-4', 1, 'Книга Успеха, Р. Шарма. АСТ', '', 'Робин Шарма', 'АСТ', 1300, 0, 19, 5, '', 0, 0),
(5000400, '978-5-17-066976-9', 1, 'Код таланта, Д. Койл. АСТ', '', 'Дэниел Койл', 'АСТ', 1100, 0, 19, 5, '', 0, 0),
(5000401, '#VALUE!', 1, 'Кожаные блокноты', '', '', 'Прочее', 16000, 0, 19, 5, '', 0, 0),
(5000402, '', 1, 'Кожаный блокнот', '', '', 'Прочее', 16000, 0, 19, 5, '', 0, 0),
(5000403, '978-966-426-083-8', 1, 'Команда 101, Дж. Максвелл. Попурри', '', 'Джон Максвелл', 'ПОпурри', 700, 275, 19, 5, '', 0, 0),
(5000404, '978-5-91949-002-9', 1, 'Комаровский (Дневничок), Е. Комаровский. Эксмо', '', 'Е.О.Комаровский', 'Эксмо', 2200, 1178, 19, 5, '', 0, 0),
(5000405, '978-5-904684-01-3', 1, 'Комаровский (Здоровье ребенка и здравый смысл его родственников), Е.Комаровский. Эксмо', '', 'Е.О.Комаровский ', 'Эксмо', 5100, 2370, 19, 5, '', 0, 0),
(5000406, '978-5-85597-111-8', 1, 'Комаровский (Книга от кашля), Е. Комаровский. Эксмо', '', 'Е.О.Комаровский', 'Эксмо', 1550, 509, 19, 5, '', 0, 0),
(5000407, '978-5-85597-113-2', 1, 'Комаровский (Книга от насморка), Е. Комаровский. Эксмо', '', 'Е.О.Комаровский', 'Эксмо', 1700, 792, 19, 5, '', 0, 0),
(5000408, '978-5-85597-113-2', 1, 'Комаровский (Книга от температуры), Е. Комаровский. Эксмо', '', 'Е.О.Комаровский', 'Эксмо', 1700, 850, 19, 5, '', 0, 0),
(5000409, '978-5-91949-006-7', 1, 'Комаровский (Лекарства), Е.Комаровский. Эксмо', '', 'Е.О.Комаровский', 'Эксмо', 4700, 2275, 19, 5, '', 0, 0),
(5000410, '978-5-91949-006-7', 1, 'Комаровский (Лекарственные средства в педиатрии), Е. Комаровский. Эксмо', '', 'Е.О.Комаровский', 'Эксмо', 2900, 1615, 19, 5, '', 0, 0),
(5000411, '978-5-904684-03-7', 1, 'Комаровский (ОРЗ), Е. Комаровский. Эксмо', '', 'Е.О.Комаровский', 'Эксмо', 4500, 2406, 19, 5, '', 0, 0),
(5000412, ' 978-5-85597-123-1', 1, 'Комаровский (Справочник здравомыслящих родителей), Е. Комаровский. Эксмо', '', 'Е.О.Комаровский', 'Эксмо', 2600, 1387, 19, 5, '', 0, 0),
(5000413, ' 978-5-98697-123-0', 1, 'Комаровский(начало жизни), Е. Комаровский. Эксмо', '', 'Е.О.Комаровский', 'Эксмо', 3700, 1142, 19, 5, '', 0, 0),
(5000414, '978-5-91657-986-4', 1, 'Комплект "Ключевые навыки". МИФ', '', 'МИФ', 'МИФ', 6500, 3814, 19, 5, '', 0, 0),
(5000415, '978-5-91657-991-8', 1, 'Комплект "Лучшая практика по стратегии". МИФ', '', 'МИФ', 'МИФ', 6500, 3814, 19, 5, '', 0, 0),
(5000416, ' 978-5-91657-112-7', 1, 'Конец маркетинга, каким мы его знаем, С. Займан. МИФ', '', 'Серхио Займан', 'МИФ', 2900, 1780, 19, 5, '', 0, 0),
(5000417, '#VALUE!', 1, 'Контент', '', '', 'Прочее', 7400, 0, 19, 5, '', 0, 0),
(5000418, '978-5-91657-862-1', 1, 'Контент, маркетинг и рок-н-ролл, Д. Каплунов. МИФ', '', 'Денис Каплунов ', 'МИФ', 3100, 1686, 19, 5, '', 0, 0),
(5000419, '978-5-91657-620-7', 1, 'Контент-маркетинг. Новые методы привлечения клиентов в эпоху Интернета, М. Стелзнер. МИФ', '', 'Майкл Стелзнер', 'МИФ', 3200, 1962, 19, 5, '', 0, 0),
(5000420, ' 978-5-00057-243-6', 1, 'Короче, Дж.Маккормак. МИФ', '', 'Джозеф Маккормак', 'МИФ', 4800, 2394, 19, 5, '', 0, 0),
(5000421, '', 1, 'Корпоративный менеджмент, И. Мазур. Омега-Л', '', '', 'Прочее', 3800, 0, 19, 5, '', 0, 0),
(5000422, '978-5-9614-1380-9', 1, 'Корпоративный тайм-менеджмент (большая), Г. Архангельский. Альпина', '', 'Глеб Архангельский', 'Альпина', 3800, 1908, 19, 5, '', 0, 0),
(5000423, '#VALUE!', 1, 'Корпоративный тайм-менеджмент, Г.Архангельский. Альпина', '', 'Глеб Архангельский', 'Альпина', 1800, 0, 19, 5, '', 0, 0),
(5000424, ' 978-985-15-0938-2', 1, 'Креативный капитализм, М. Кинсли. Попурри', '', 'Майкл Кинсли', 'ПОпурри', 2000, 750, 19, 5, '', 0, 0),
(5000425, '978-5-00057-463-8', 1, 'Кризис - это возможность, С. Стейнберг. МИФ', '', 'Скотт Стейнберг', 'МИФ', 3200, 1565, 19, 5, '', 0, 0),
(5000426, '978-985-15-1959-6', 1, 'Критическая цепь, Э. Голдратт. ТОС Центр', '', 'Элияху Голдратт', 'ТОС Центр', 3000, 462, 19, 5, '', 0, 0),
(5000427, ' 978-5-9614-0602-3', 1, 'Критический момент! 21 способ победить кризис, Б. Трейси. Альпина', '', 'Брайн Трейси', 'Альпина', 1600, 756, 19, 5, '', 0, 0),
(5000428, '#VALUE!', 1, 'Кроличья Нора (мг), У.Арнтц; Б. Чейс; М. Висенте. Эксмо', '', 'Уильям Арнтц,Бетси Чейс,Марк Висенте', 'Эксмо', 750, 0, 19, 5, '', 0, 0),
(5000429, '978-5-699-44767-1', 1, 'Кроличья Нора (тв), У. Арнтц; Б. Чейс; М. Висенте. Эксмо', '', 'Уильям Арнтц,Бетси Чейс,Марк Висенте', 'Эксмо', 2500, 0, 19, 5, '', 0, 0),
(5000430, '978-5-699-84519-4', 1, 'Круг женской силы. Энергии стихий и тайны обольщения, Ренар Л. Эксмо', '', 'Ренар Л.', 'Эксмо', 2680, 1338, 19, 5, '', 0, 0),
(5000431, '978-5-17-0-83484-6', 1, 'Кто заплачет,когда ты умрешь? (подарочная), Р. Шарма. АСТ', '', 'Робин Шарма', 'АСТ', 1700, 851, 19, 5, '', 0, 0),
(5000432, '978-5-17-083485-3', 1, 'Кто заплачет,когда ты умрешь? Уроки жизни от монаха, который продал свой "феррари", Р. Шарма. АСТ', '', 'Робин Шарма', 'АСТ', 1100, 0, 19, 5, '', 0, 0),
(5000433, '978-5-17-083484-6', 1, 'Кто заплачет,когда ты умрешь?, Р. Шарма. АСТ', '', 'Робин Шарма', 'АСТ', 1700, 0, 19, 5, '', 0, 0),
(5000434, '978-985-15-0959-7', 1, 'Курс на успех, Дж. Максвелл. Попурри', '', 'Джон Максвелл', 'ПОпурри', 900, 307, 19, 5, '', 0, 0),
(5000435, '978-985-483-135-3', 1, 'Латайте бреши!, К. Бланшар. Попурри', '', 'Кеннет Бланшар', 'ПОпурри', 700, 350, 19, 5, '', 0, 0),
(5000436, ' 978-985-15-1175-0', 1, 'Лёгкая учёба, Р. Линксман. Попурри', '', 'Рики Линксман', 'ПОпурри', 600, 0, 19, 5, '', 0, 0),
(5000437, ' 978-5-91657-573-6', 1, 'Легкий способ перестать откладывать дела на потом, Н. Фьоре. МИФ', '', 'Нейл Фьоре', 'МИФ', 3600, 2010, 19, 5, '', 0, 0),
(5000438, '', 1, 'Лидер без титула (подарочная), Р. Шарма. АСТ', '', 'Робин Шарма', 'АСТ', 3100, 0, 19, 5, '', 0, 0),
(5000439, '978-5-17-085541-4', 1, 'Лидер без титула, Р. Шарма. АСТ', '', 'Робин Шарма', 'АСТ', 1130, 0, 19, 5, '', 0, 0),
(5000440, ' 978-5-91657-424-1', 1, 'Лидер есть в каждом, С. Годин. Альпина', '', 'Сет Годин ', 'Альпина', 2800, 0, 19, 5, '', 0, 0),
(5000441, '978-985-483-717-3', 1, 'Лидерство 101, Дж. Максвелл. Попурри', '', 'Джон Максвелл', 'ПОпурри', 800, 275, 19, 5, '', 0, 0),
(5000442, '978-985-483-782-3', 1, 'Лидерство, Дж. Максвелл. Попурри', '', 'Джон Максвелл', 'ПОпурри', 3900, 1261, 19, 5, '', 0, 0),
(5000443, '978-5-00057-534-5', 1, 'Личное развитие, Т. Бен-Шахар. МИФ', '', 'Бен-Шахар Т.', 'МИФ', 3200, 0, 19, 5, '', 0, 0),
(5000444, '978-985-15-0537-7', 1, 'Личность лидера (тв), Б. Трейси. Попурри', '', 'Брайн Трейси', 'ПОпурри', 2100, 0, 19, 5, '', 0, 0),
(5000445, '978-985-483-142-6', 1, 'Ловись рыбка!, С. Лундин. Попурри', '', 'Стивен Лундин', 'ПОпурри', 800, 400, 19, 5, '', 0, 0),
(5000446, '978-0-385-51905-2', 1, 'Лучший из лучших, М. Сэнборн. Попурри', '', 'Марк Сэнборн', 'ПОпурри', 1300, 425, 19, 5, '', 0, 0),
(5000447, '978-5-699-79400-3', 1, 'Любовь без границ. Путь к потрясающе счастливой любви, Н.Вуйчич. Эксмо', '', 'Ник Вуйчич', 'Эксмо', 2680, 1266, 19, 5, '', 0, 0),
(5000448, ' 978-985-15-1804-9', 1, 'Магическая лестница к успеху, Н. Хилл. Попурри', '', 'Наполеон Хилл', 'ПОпурри', 1100, 368, 19, 5, '', 0, 0),
(5000449, '', 1, 'Магия PIXAR, Д. Прайс. МИФ', '', '', 'МИФ', 3400, 0, 19, 5, '', 0, 0),
(5000450, '978-985-15-0839-2', 1, 'Магнит для счастья, или как притягивать в свою жизнь чудеса, У. Шэрон . Попурри', '', 'Уоррен Шэрон ', 'ПОпурри', 2400, 0, 19, 5, '', 0, 0),
(5000451, '978-5-00057-424-9', 1, 'Майндсайт. Новая наука личной трансформации, Д. Сигел. МИФ', '', 'Дэниель Сигел', 'МИФ', 4000, 2037, 19, 5, '', 0, 0),
(5000452, '978-5-91657-429-6', 1, 'Манифест лидера, Г. Хэмел. МИФ', '', 'Гэри Хэмел', 'МИФ', 4500, 2432, 19, 5, '', 0, 0),
(5000453, ' 978-5-91657-473-9', 1, 'Маркетинг 3.0. От продуктов к потребителям и далее – к человеческой душе, Ф. Котлер. Альпина', '', 'Филип Котлер', 'Альпина', 2900, 1733, 19, 5, '', 0, 0),
(5000454, '978-5-00057-469-0', 1, 'Маркетинг без бюджета, И. Манн. МИФ', '', 'Игорь Манн', 'МИФ', 7700, 3932, 19, 5, '', 0, 0),
(5000455, '978-5-00057-464-5', 1, 'Маркетинг без диплома, Дж. Янч. МИФ', '', 'Джон Янч', 'МИФ', 3000, 0, 19, 5, '', 0, 0),
(5000456, ' 978-5-91657-869-0', 1, 'Маркетинг в социальных сетях, Д. Халилов. МИФ', '', 'Дамир Халилов ', 'МИФ', 4200, 2092, 19, 5, '', 0, 0),
(5000457, '978-5-91657-199-8', 1, 'Маркетинг за МКАДом, или Исповедь маркетолога, С. Разуваев. МИФ', '', 'Сергей Разуваев', 'МИФ', 2800, 1677, 19, 5, '', 0, 0),
(5000458, ' 978-5-91657-718-1', 1, 'Маркетинг на 100%, И. Манн. МИФ', '', 'Игорь Манн', 'МИФ', 3500, 2272, 19, 5, '', 0, 0),
(5000459, ' 978-5-91657-692-4', 1, 'Маркетинговая машина, И. Манн; А. Турусина. МИФ', '', 'Игорь Манн и Анна Турусина', 'МИФ', 3400, 1962, 19, 5, '', 0, 0),
(5000460, '978-5-386-08733-3', 1, 'Мастер игры (Стратегия успеха красная мг), Р. Грин. Рипол', '', 'Р. Грин', 'Рипол Классик', 6065, 0, 19, 5, '', 0, 0),
(5000461, '978-985-152-403-3', 1, 'Мега-жизнь, Р. Шарма. Попурри', '', 'Робин Шарма', 'ПОпурри', 1200, 0, 19, 5, '', 0, 0),
(5000462, '978-985-15-0669-5', 1, 'Мега-мозг, Ч. Филлипс. Эксмо', '', 'Чарльз Филлипс', 'Эксмо', 2200, 0, 19, 5, '', 0, 0),
(5000463, ' 978-5-699-70407-1', 1, 'Менеджер 80/20, Р.  Кох. Эксмо', '', 'Ричард Кох', 'Эксмо', 3000, 2184, 19, 5, '', 0, 0),
(5000464, '', 1, 'Менеджмент. Вызовы 21 века. Классика менеджмента, П. Друкер. МИФ', '', '', 'МИФ', 3900, 0, 19, 5, '', 0, 0),
(5000465, ' 978-5-91657-322-0', 1, 'Ментальные ловушки, М. Гоулстон. МИФ', '', 'Марк Гоулстон', 'МИФ', 4000, 1977, 19, 5, '', 0, 0),
(5000466, '', 1, 'Метод тыквы, М. Микаловиц. МИФ', '', '', 'МИФ', 3600, 0, 19, 5, '', 0, 0),
(5000467, '', 1, 'Мечтай,создавай,изменяй!, С. Лейси. МИФ', '', '', 'МИФ', 3400, 0, 19, 5, '', 0, 0),
(5000468, ' 978-5-91657-361-9', 1, 'Миллиардер из Кремниевой долины, П. Аллен. Альпина', '', 'Пол Аллен', 'Альпина', 4000, 2089, 19, 5, '', 0, 0),
(5000469, ' 978-5-91657-602-3', 1, 'Миллионер без диплома, М. Эллсберг. МИФ', '', 'Майкл Эллсберг', 'МИФ', 3600, 0, 19, 5, '', 0, 0),
(5000470, '978-985-15-1864-3', 1, 'Миссия: Успех, О.Мандино. Попурри', '', 'Ог Мандино', 'ПОпурри', 1200, 0, 19, 5, '', 0, 0),
(5000471, '978-5-91657-874-4', 1, 'Мифы экономики, С. Гуриев. МИФ', '', 'Сергей Гуриев', 'МИФ', 3000, 1530, 19, 5, '', 0, 0),
(5000472, '978-5-699-57296-0', 1, 'Мозг и душа, Д. Дж. Амен. Эксмо', '', 'Дэниэл Амен', 'Эксмо', 2000, 0, 19, 5, '', 0, 0),
(5000473, '978-5-699-49283-1', 1, 'Мозг на 100%. Интеллект.Память.Креатив.Интуиция.Интенсив-тренинг по развитию суперспособностей, Лем П. Эксмо', '', 'Лем П., Кинякина О.Н.', 'Эксмо', 3800, 0, 19, 5, '', 0, 0),
(5000474, ' 978-5-699-55365-5', 1, 'Мозг против лишнего веса, Д. Дж.Амен. Эксмо', '', 'Дэниэл Амен', 'Эксмо', 2410, 0, 19, 5, '', 0, 0),
(5000475, '978-5-9614-4744-6', 1, 'Мозг. Инструкция по применению, Д. Рок. Альпина', '', 'Дэвид Рок', 'Альпина', 4990, 0, 19, 5, '', 0, 0),
(5000476, '978-5-699-59754-3', 1, 'Мозг: от хорошего к превосходному, Д. Дж. Амен, Эксмо', '', 'Дэниэл Амен', 'Эксмо', 2000, 0, 19, 5, '', 0, 0),
(5000477, '', 1, 'Мой первый бизнес, Дж. Каан. МИФ', '', '', 'МИФ', 3800, 0, 19, 5, '', 0, 0),
(5000478, '978-5-00057-135-4', 1, 'Мой ребенок - интроверт. Как выявить скрытые таланты и подготовить к жизни в обществе, М. Лэйни. МИФ', '', 'М. Лэйни', 'МИФ', 4450, 1677, 19, 5, '', 0, 0),
(5000479, '978-985-15-1495-9', 1, 'Момент лидерства, М. Юсим. Попурри', '', 'Майкл Юсим', 'ПОпурри', 1500, 496, 19, 5, '', 0, 0),
(5000480, '978-5-17-082787-9', 1, 'Монах,который продал свой Феррари (подарочная), Р. Шарма. АСТ', '', 'Робин Шарма', 'АСТ', 2010, 912, 19, 5, '', 0, 0),
(5000481, '978-5-17-0-88062-1', 1, 'Монах,который продал свой Феррари 2, Р. Шарма. АСТ', '', 'Р.Шарма', 'АСТ', 3400, 0, 19, 5, '', 0, 0),
(5000482, '978-5-17-082788-6', 1, 'Монах,который продал свой Феррари, Р. Шарма. АСТ', '', 'Робин Шарма', 'АСТ', 1100, 0, 19, 5, '', 0, 0),
(5000483, '978-5-17-0-88062-1', 1, 'Монах,который продал свой Феррари, Р. Шарма. АСТ', '', 'Р.Шарма', 'АСТ', 3000, 0, 19, 5, '', 0, 0),
(5000484, '', 1, 'Мотивация в стиле экшн, К. Клаус. Альпина', '', '', 'Альпина', 1500, 0, 19, 5, '', 0, 0),
(5000485, ' 978-985-15-1339-6', 1, 'Мотивация решает всё, Дж. Максвелл. Попурри', '', 'Джон Максвелл', 'ПОпурри', 1100, 0, 19, 5, '', 0, 0),
(5000486, '978-985-15-2024-0', 1, 'Моя жизнь, мои достижения, Г. Форд. Попурри', '', 'Генри Форд', 'ПОпурри', 1200, 0, 19, 5, '', 0, 0),
(5000487, '978-5-699-86257-3', 1, 'Мудрость женщины, Л. Хей. Эксмо', '', 'Луиза Хей', 'Эксмо', 1250, 0, 19, 5, '', 0, 0),
(5000488, '', 1, 'Муза и чудовище. Как организовать творческий труд, Я. Франк. МИФ', '', '', 'МИФ', 4000, 0, 19, 5, '', 0, 0),
(5000489, '978-5-91657-612-2', 1, 'Муза и чудовище: как организовать творческий труд, Ф. Яна. МИФ', '', 'Франк Яна', 'МИФ', 4000, 1599, 19, 5, '', 0, 0),
(5000490, '978-5-91657-796-9', 1, 'Мысли по-крупному  и  не тормози, Д. Трамп. МИФ', '', 'Дональд Трамп', 'МИФ', 3100, 1154, 19, 5, '', 0, 0),
(5000491, '985-483-445-X', 1, 'Мыслить как гений, Т. Сайлер. Попурри', '', 'Тодд Сайлер', 'ПОпурри', 1400, 0, 19, 5, '', 0, 0),
(5000492, '978-985-15-1860-5', 1, 'Мышление наоборот, У. Дониус. Попурри', '', 'Уильям Дониус', 'ПОпурри', 900, 0, 19, 5, '', 0, 0),
(5000493, ' 978-0-7852-1403-8', 1, 'На одном таланте далеко не уедешь, или Как себя раскрутить, Дж. Максвелл. Попурри', '', 'Джон Максвелл', 'Попурри', 1900, 0, 19, 5, '', 0, 0),
(5000494, ' 978-5-91657-371-8', 1, 'Найди свой путь к богатству, Н. Хилл. Альпина', '', 'Наполеон Хилл', 'Альпина', 3100, 0, 19, 5, '', 0, 0),
(5000495, ' 978-985-15-1047-0', 1, 'Налаженные связи, Т. Сингер. Попурри', '', 'Том Сингер', 'ПОпурри', 1100, 366, 19, 5, '', 0, 0),
(5000496, ' 978-985-15-0668-8', 1, 'Наставничество 101, Дж. Максвелл. Попурри', '', 'Джон Максвелл', 'ПОпурри', 900, 450, 19, 5, '', 0, 0),
(5000497, '#VALUE!', 1, 'Научи свой мозг работать, М. Макдональд. Эксмо', '', 'Мэтью Макдональд', 'Эксмо', 1700, 0, 19, 5, '', 0, 0),
(5000498, '978-985-15-0626-8', 1, 'Научиться быть счасливым, Т. Бен-Шахар. Попурри', '', 'Тал Бен-Шахар', 'ПОпурри', 1200, 0, 19, 5, '', 0, 0),
(5000499, '978-985-15-2039-4', 1, 'Начинаю новую жизнь!, Р. Холден. Попурри', '', 'Роберт Холден', 'ПОпурри', 1300, 434, 19, 5, '', 0, 0),
(5000500, '978-985-483-892-2', 1, 'Не в деньгах счастье, Г. Двоскин; Л. Левенсон. Попурри', '', 'Гейл Двоскин,Лестер Левенсон', 'ПОпурри', 1600, 540, 19, 5, '', 0, 0),
(5000501, '978-5-00057-617-5', 1, 'Не работайте с мудаками. И что делать, если они вокуруг вас, Р. Саттон. МИФ', '', 'Роберт Саттон', 'МИФ', 4700, 1623, 19, 5, '', 0, 0),
(5000502, '', 1, 'Не стать заложником: Сохранить самообладание и убедить оппонента (1-изд),  Дж. Колризер. МИФ; Юнайтед паблишер', '', '', 'Юнайтед паблишер', 2900, 0, 19, 5, '', 0, 0),
(5000503, '', 1, 'Не стать заложником: Сохранить самообладание и убедить оппонента (2-изд),  Дж. Колризер. МИФ; Юнайтед паблишер', '', '', 'Юнайтед паблишер', 2900, 0, 19, 5, '', 0, 0),
(5000504, '978-5-000-57-332-7', 1, 'Нейромаркетинг в действии. Как проникнуть в сознание покупателя,  Д. Льюис. МИФ', '', '  Д. Льюис', 'МИФ', 5900, 2298, 19, 5, '', 0, 0),
(5000505, '978-985-15-1805-6', 1, 'Нейромаркетинг. Как влиять на подсознание потребителя, Р. Дули. Попурри', '', 'Роджер Дули', 'ПОпурри', 2000, 671, 19, 5, '', 0, 0),
(5000506, '978-5-91949-001-2', 1, 'Неотложная помощь всегда под рукой, Е. Комаровский. Эксмо', '', 'Е.О.Комаровский ', 'Эксмо', 3600, 2223, 19, 5, '', 0, 0),
(5000507, '978-500057-030-2', 1, 'Несмотря ни на что, М. Макгиннесс. МИФ', '', 'Марк Макгиннесс', 'МИФ', 4100, 2088, 19, 5, '', 0, 0),
(5000508, '978-985-15-2216-9', 1, 'Нет оправданий!, Б. Трейси. Попурри', '', 'Брайн Трейси', 'ПОпурри', 2000, 0, 19, 5, '', 0, 0),
(5000509, '978-985-483-207-4', 1, 'Нет такого понятия как деловая этика, Дж. Максвелл. Попурри', '', 'Джон Максвелл', 'ПОпурри', 700, 238, 19, 5, '', 0, 0),
(5000510, '', 1, 'Нетворкинг для интровентов, Д. Зак. МИФ', '', '', 'МИФ', 2700, 0, 19, 5, '', 0, 0),
(5000511, '978-500057-030-2', 1, 'Неудержимые, Б. Шлей. МИФ', '', 'Билл Шлей', 'МИФ', 2500, 0, 19, 5, '', 0, 0),
(5000512, '978-5-690-63132-2', 1, 'Неудержимый. Невероятная сила вера в действии, Н.Вуйчич. Эксмо', '', 'Ник Вуйчич', 'Эксмо', 2680, 1264, 19, 5, '', 0, 0),
(5000513, '978-5-91657-681-8', 1, 'Никогда не ешьте в одиночку и другие правила нетворкинга, К. Феррацци. МИФ', '', 'Кейт Феррацци', 'МИФ', 3800, 1910, 19, 5, '', 0, 0),
(5000514, ' 978-985-483-771-8', 1, 'Никогда не ешьте в одиночку и другие секреты успеха, К. Феррацци. Попурри', '', 'Кейт Феррацци', 'ПОпурри', 1600, 0, 19, 5, '', 0, 0),
(5000515, '978-985-483-727-0', 1, 'Никогда не поздно, Г. Эбби. Попурри', '', '', 'ПОпурри', 800, 282, 19, 5, '', 0, 0),
(5000516, '', 1, 'Никогда не сдавайся! Как самые большие трудности обернулись для меня успехом, Д. Трамп. Юнайтед Пресс', '', '', 'Юнайтед Пресс', 2600, 0, 19, 5, '', 0, 0),
(5000517, '', 1, 'Ничего лишнего. Философия ведения бизнеса от СЕО Gillette, Дж. Кейлтс. МИФ', '', '', 'МИФ', 2100, 0, 19, 5, '', 0, 0),
(5000518, '978-985-15-0026-6', 1, 'Новая баффетология, М. Баффет. Попурри', '', 'Мэри Баффет', 'ПОпурри', 2000, 687, 19, 5, '', 0, 0),
(5000519, '978-985-15-2174-2', 1, 'Новый менеджер по продажам, Б. Трейси; Ф. Шеелен. Попурри', '', 'Брайан Трейси', 'ПОпурри', 2200, 1099, 19, 5, '', 0, 0),
(5000520, ' 978-5-699-11872-4', 1, 'Новый язык телодвижений,  А.Пиз. Эксмо', '', 'Аллан Пиз', 'Эксмо', 2680, 0, 19, 5, '', 0, 0),
(5000521, '978-5-699-68603-2', 1, 'Новый язык телодвижений,  А.Пиз. Эксмо (зеленая обложка)', '', 'А. Пиз', 'Эксмо', 4300, 0, 19, 5, '', 0, 0),
(5000522, '978-5-00057-084-5', 1, 'Номер 1, И. Манн. МИФ', '', 'Игорь Манн', 'МИФ', 5200, 0, 19, 5, '', 0, 0),
(5000523, '978-5-00057-499-7', 1, 'О чем мечтать. Как понять, чего хочешь на самом деле, и как этого добиться, Б. Шер. МИФ', '', 'Барбара Шер', 'МИФ', 4600, 2261, 19, 5, '', 0, 0),
(5000524, '', 1, 'Обнаженный бизнес, Р. Брэнсон. Эксмо', '', '', 'Эксмо', 3400, 0, 19, 5, '', 0, 0),
(5000525, '', 1, 'Обнимите своих клиентов, Дж.Митчелл. МИФ', '', '', 'МИФ', 3400, 0, 19, 5, '', 0, 0);
INSERT INTO `goods` (`good_id`, `code`, `valid`, `name`, `description`, `author`, `publisher`, `price`, `net_price`, `cat_id`, `comp_id`, `pic_url`, `bonus`, `discount`) VALUES
(5000526, '978-5-00057-018-0', 1, 'Обнимите своих сотрудников, Дж. Митчелл. МИФ', '', 'Джек Митчелл', 'МИФ', 3400, 0, 19, 5, '', 0, 0),
(5000527, '', 1, 'Образование против таланта, К. Робинсон. МИФ', '', '', 'МИФ', 2900, 0, 19, 5, '', 0, 0),
(5000528, '', 1, 'Образы организации, Г. Морган. МИФ', '', '', 'МИФ', 5800, 0, 19, 5, '', 0, 0),
(5000529, ' 978-985-483-973-8', 1, 'Обретение могущества и славы, Дж. Кехо. Попурри', '', 'Джон Кехо', 'ПОпурри', 1000, 410, 19, 5, '', 0, 0),
(5000530, '978-985-483-299-6', 1, 'Обученный миллионером, С. Скотт. Попурри', '', 'Стивен Скотт', 'ПОпурри', 1000, 0, 19, 5, '', 0, 0),
(5000531, '978-5-17-069682-6', 1, 'Общаться с подростком. Как ?, Ю. Лемеш. АСТ', '', 'Юлия Лемеш', 'АСТрель СПб', 800, 398, 19, 5, '', 0, 0),
(5000532, '978-5-17-083831-8', 1, 'Общаться с ребёнком. Как ? (+CD ), Ю.Гиппенрейтер. АСТ', '', 'Ю.Б.Гиппенрейтер', 'АСТ', 2900, 1416, 19, 5, '', 0, 0),
(5000533, '978-5-17-082967-5', 1, 'Общаться с ребёнком. Как ?, Ю. Гиппенрейтер. АСТ', '', 'Ю.Б.Гиппенрейтер', 'АСТ', 2500, 920, 19, 5, '', 0, 0),
(5000534, '978-5-17-0-84921-5', 1, 'Общаться с ребёнком. Как ?, Ю. Гиппенрейтер. АСТ', '', 'Ю.Б.Гиппенрейтер', 'АСТ', 1810, 920, 19, 5, '', 0, 0),
(5000535, ' 978-985-15-1050-0', 1, 'Обыграть по честному: Бизнес в стиле Fair Play, К. Бланшар. Попурри', '', 'Кеннет Бланшар', 'ПОпурри', 600, 213, 19, 5, '', 0, 0),
(5000536, '', 1, 'Одержимость, или Переворот в сфере коммуникаций GE, Б. Лейн. МИФ', '', '', 'МИФ', 2500, 0, 19, 5, '', 0, 0),
(5000537, '', 1, 'Одураченные случайностью. О скрытой роли шанса в бизнесе и в жизни, Н. Талеб. МИФ', '', '', 'МИФ', 4500, 0, 19, 5, '', 0, 0),
(5000538, '', 1, 'Оздоровления бизнеса.  Harvard Business Review, переводчик И. Ларионова. Юнайтед Пресс', '', '', 'Юнайтед Пресс', 1800, 0, 19, 5, '', 0, 0),
(5000539, '978-5-9614-4786-6', 1, 'Опережающее мышление. Как увидеть новый тренд раньше других, Дж. Баркер. Альпина', '', 'Джоэл Баркер', 'Альпина', 2400, 1225, 19, 5, '', 0, 0),
(5000540, '978-985-483-888-9', 1, 'Опыт голого лидера, Д. Тэйлор. Попурри', '', 'Дэвид Тэйлор', 'ПОпурри', 1700, 600, 19, 5, '', 0, 0),
(5000541, '978-5-17-0-84137-0', 1, 'Опыт дурака 2-Ключи к самому себе, М. Норбеков. АСТ ', '', 'М. Норбеков', 'АСТ', 2000, 977, 19, 5, '', 0, 0),
(5000542, '978-5-17-0-87421-7', 1, 'Опыт дурака 3-Как жить и добро наживать: самостоятельное изготовление семейного счастья в домашних условиях, М. Норбеков. АСТ ', '', 'М. Норбеков', 'АСТ', 2000, 984, 19, 5, '', 0, 0),
(5000543, '978-5-17-041264-8', 1, 'Опыт дурака, или Где зимует миллион решений, М. Норбеков. АСТ', '', 'М. Норбеков', 'АСТ', 2440, 1217, 19, 5, '', 0, 0),
(5000544, '978-985-438-677-0', 1, 'Осмельтесь преуспеть, Дж. Кэнфилд. Попурри', '', 'Кэнфилд Дж.', 'ПОпурри', 900, 0, 19, 5, '', 0, 0),
(5000545, ' 978-5-91657-340-4', 1, 'Оставь свой след. Как построить компанию, которая меняет мир к лучшему, Б. Майкоски. МИФ', '', 'Блейк Майкоски', 'МИФ', 4000, 2406, 19, 5, '', 0, 0),
(5000546, '', 1, 'Оставьте брезгливость - съешьте лягушку (диск), Б.Трейси', '', 'аудио-консалт', 'ПОпурри', 2050, 0, 19, 5, '', 0, 0),
(5000547, '978-500057-060-9', 1, 'От 800 метров до марафона, Дж.Дэниелс. МИФ', '', 'Джек Дэниелс', 'МИФ', 4200, 0, 19, 5, '', 0, 0),
(5000548, ' 978-985-15-1558-1', 1, 'От неудачника до успешного бизнесмена, Ф. Беттджер. Попурри', '', 'Фрэнк Беттджер', 'ПОпурри', 800, 370, 19, 5, '', 0, 0),
(5000549, '978-5-00057-571-0', 1, 'От срочного к важному. Система для тех, кто устал бежать на месте, С. Макклетчи. МИФ', '', 'Стив Макклетчи', 'МИФ', 4500, 2210, 19, 5, '', 0, 0),
(5000550, '978-5-91657-583-5', 1, 'От хорошего к великому, Дж. Коллинз. МИФ', '', 'Джим Коллинз', 'МИФ', 7660, 0, 19, 5, '', 0, 0),
(5000551, '', 1, 'Отдел продаж под ключ, С. Капустин; Д. Крутов. МИФ', '', '', 'МИФ', 3300, 0, 19, 5, '', 0, 0),
(5000552, '', 1, 'Отзывчивый Веб-Дизайн, И. Маркотт. МИФ', '', '', 'МИФ', 4400, 0, 19, 5, '', 0, 0),
(5000553, '978-5-17-0-84917-6', 1, 'Открой свою судьбу с монахом, который продал свой "феррари", Р. Шарма. АСТ', '', 'Р.Шарма', 'АСТ', 1800, 737, 19, 5, '', 0, 0),
(5000554, '975-985-483-065-9', 1, 'Откройте в себе гения, М. Гелб. Попурри', '', 'Майкл Гелб', 'ПОпурри', 1300, 0, 19, 5, '', 0, 0),
(5000555, '978-985-15-0596-4', 1, 'Откуда берутся идеи, Дж. Фостер. Попурри', '', 'Джек Фостер', 'ПОпурри', 1500, 0, 19, 5, '', 0, 0),
(5000556, '978-985-15-0093-8', 1, 'Отношение 101, Дж. Максвелл. Попурри', '', 'Джон Максвелл', 'ПОпурри', 1000, 270, 19, 5, '', 0, 0),
(5000557, '', 1, 'Отношение определяет результат, Д. Сайдман. МИФ', '', 'Д. Сайдман', 'МИФ', 4500, 0, 19, 5, '', 0, 0),
(5000558, '978-5-00057-416-4', 1, 'Память изменяет.  Задачи и головоломки для развития интеллекта и памяти, А. Наварро, МИФ', '', 'Анхель Наварро', 'МИФ', 5120, 0, 19, 5, '', 0, 0),
(5000559, '', 1, 'Парадигмы мышления, Дж. Баркер. Альпина', '', '', 'Альпина', 1200, 0, 19, 5, '', 0, 0),
(5000560, ' 978-5-91657-754-9', 1, 'Парадокс перфекциониста, Т. Бен-Шахар. МИФ', '', 'Тал Бен-Шахар', 'МИФ', 4100, 0, 19, 5, '', 0, 0),
(5000561, '978-985-15-1520-8', 1, 'Парите вместе с орлами, Б. Ньюмен. Попурри', '', 'Билл Ньюмен', 'ПОпурри', 900, 762, 19, 5, '', 0, 0),
(5000562, ' 978-5-91657-530-9', 1, 'Партизанские маркетинговые исследования, Р. Каден. МИФ', '', 'Роберт Каден', 'МИФ', 3700, 1855, 19, 5, '', 0, 0),
(5000563, ' 978-5-91657-628-3', 1, 'Партизанский маркетинг. Простые способы получения больших прибылей при малых затратах, Дж.Конрад Левинсон. МИФ', '', 'Джей Конрад Левинсон', 'МИФ', 4600, 0, 19, 5, '', 0, 0),
(5000564, ' 978-5-91657-651-1', 1, 'Первые 90 дней, М. Уоткинс. МИФ', '', 'Майкл Уоткинс', 'МИФ', 3000, 0, 19, 5, '', 0, 0),
(5000565, '978-1-74166-720-2', 1, 'Переворот в сознании равно переворот в бизнесе, П.Шихан. Попурри', '', 'Питер Шихан', 'ПОпурри', 1200, 627, 19, 5, '', 0, 0),
(5000566, '', 1, 'Переговоры без поражения. Гарвардский метод. Р. Фишер; У. Юри; Б. Паттон. МИФ', '', '', 'МИФ', 3300, 0, 19, 5, '', 0, 0),
(5000567, '', 1, 'Передовые подходы к стратегии бизнеса. Harvard Business Review, переводчик И. Минервин. Юнайтед Пресс', '', '', 'Юнайтед Пресс', 1800, 0, 19, 5, '', 0, 0),
(5000568, '', 1, 'Перезагрузка, Дж. Лоэр. МИФ', '', '', 'МИФ', 2450, 0, 19, 5, '', 0, 0),
(5000569, '', 1, 'Письма Баффета: полный путеводитель, Л. Риттенхаус. МИФ', '', '', 'МИФ', 3200, 0, 19, 5, '', 0, 0),
(5000570, '978-5-699-86599-4', 1, 'Пищеводитель. Мясников А.Л., Эксмо', '', 'Мясников А. Л.', 'Эксмо', 3250, 1625, 19, 5, '', 0, 0),
(5000571, '978-985-438-085-3', 1, 'План достижения успеха, Н. Хилл. Попурри', '', 'Наполеон Хилл', 'ПОпурри', 1100, 439, 19, 5, '', 0, 0),
(5000572, '978-5-699-41441-3', 1, 'Пластичность мозга. Н. Дойдж. Эксмо', '', 'Норман Дойдж', 'Эксмо', 1450, 856, 19, 5, '', 0, 0),
(5000573, '978-5-00057-473-7', 1, 'По рекомендации, Дж. Янч. МИФ', '', 'Джон Янч', 'МИФ', 3200, 1583, 19, 5, '', 0, 0),
(5000574, '', 1, 'По рекомендации. Бизнес, который продвигает себя сам, Дж. Янч. МИФ', '', '', 'МИФ', 3200, 0, 19, 5, '', 0, 0),
(5000575, ' 978-985-15-0201-7', 1, 'Победа, Б. Трейси. Попурри', '', 'Брайн Трейси', 'Попурри', 2000, 687, 19, 5, '', 0, 0),
(5000576, '#VALUE!', 1, 'Подарочный сертификат Ummastore.kz', '', 'Ummastore.kz', 'Ummastore.kz', 10000, 0, 19, 5, '', 0, 0),
(5000577, '978-5-91657-962-8', 1, 'Поднимая планку, Дж. Вумек. МИФ', '', 'Джеймс Вумек', 'МИФ', 3000, 1509, 19, 5, '', 0, 0),
(5000578, '978-985-15-2265-7', 1, 'Подсознание может всё (зел.тв.), Дж. Кехо. Попурри', '', 'Джон Кехо', 'ПОпурри', 1700, 0, 19, 5, '', 0, 0),
(5000579, '978-985-15-2263-3', 1, 'Подсознание может все (кр.тв.), Дж. Кехо. Попурри', '', 'Джон Кехо', 'ПОпурри', 1700, 0, 19, 5, '', 0, 0),
(5000580, '978-985-15-2262-6', 1, 'Подсознание может все (фио. мг.), Дж. Кехо. Попурри', '', 'Джон Кехо', 'ПОпурри', 1400, 580, 19, 5, '', 0, 0),
(5000581, '978-985-15-2252-3', 1, 'Подсознание может все (фио. тв.), Дж. Кехо. Попурри', '', 'Джон Кехо', 'ПОпурри', 1700, 0, 19, 5, '', 0, 0),
(5000582, '978-5-9614-0963-5', 1, 'Позитивные стратегии для работы и жизни, Т. Рат; Д. Клифтон. Альпина', '', 'Том Рат,Дональд Клифтон', 'Альпина', 1200, 663, 19, 5, '', 0, 0),
(5000583, '978-985-483-718-1', 1, 'Позиция 101, Дж. Максвелл. Попурри', '', 'Джон Максвелл', 'ПОпурри', 800, 274, 19, 5, '', 0, 0),
(5000584, '978-5-91657-321-3', 1, 'Полное погружение. Как плавать лучше, быстрее и легче. Т. Лафлин. МИФ', '', 'Терри  Лафлин', 'МИФ', 4400, 2433, 19, 5, '', 0, 0),
(5000585, '978 985 15 2173 5', 1, 'Полное руководство для менеджера по продажам, Б. Трейси; Ф. Шеелен. Попурри', '', '', 'ПОпурри', 1400, 657, 19, 5, '', 0, 0),
(5000586, '', 1, 'Полный порядок. Понедельный план борьбы с хаосом на работе, дома и в голове, Р. Лидс. Юнайтед Пресс', '', '', 'Юнайтед Пресс', 2700, 0, 19, 5, '', 0, 0),
(5000587, '', 1, 'Помогите им вырасти или смотрите, как они уходят. Развитие сотрудников на практике. Б. Кей; Дж. Джулиони. МИФ', '', '', 'МИФ', 3500, 0, 19, 5, '', 0, 0),
(5000588, '978-5-17-0-85815-6', 1, 'После трех не поздно!, Белехов Ю.Н. АСТ', '', 'Белехов Ю. Н.', 'АСТ', 1700, 836, 19, 5, '', 0, 0),
(5000589, '', 1, 'Построение цепочки создания  стоимости. Harvard Business Review, К. Болдуин; К. Кларк; Юнайтед Пресс', '', '', 'Юнайтед Пресс', 1800, 0, 19, 5, '', 0, 0),
(5000590, '978 985 15 2173 5', 1, 'Постройте свое будущее, Б. Трейси. Попурри', '', 'Брайн Трейси', 'ПОпурри', 1500, 682, 19, 5, '', 0, 0),
(5000591, '978-5-91671-364-0', 1, 'Поток : психология оптимального переживания, М. Чиксентмихайи. Альпина', '', 'Михай Чиксентмихайи', 'АЛьпина', 4200, 2087, 19, 5, '', 0, 0),
(5000592, '', 1, 'Почему мы хотим, чтобы вы были богаты (диск), Д.Трамп;Р.Кийосаки', '', 'аудио-консалт', 'ПОпурри', 1950, 0, 19, 5, '', 0, 0),
(5000593, '978-985-15-1441-6', 1, 'Почему мы хотим, чтобы вы были богатыми, Р. Кийосаки. Попурри', '', 'Роберт Кийосаки', 'Попурри', 1700, 594, 19, 5, '', 0, 0),
(5000594, '978-5-91657-531-6', 1, 'Правила Zappos, Дж.Мичелли. МИФ', '', 'Джозеф Мичелли', 'МИФ', 3400, 1855, 19, 5, '', 0, 0),
(5000595, '', 1, 'Правила Джобса. Универсальные принципы успеха от основателя Apple, К. Галло. МИФ', '', '', 'МИФ', 3400, 0, 19, 5, '', 0, 0),
(5000596, '', 1, 'Правила долголетия. 9 уроков о том, как жить долго и не болеть, Т. Бюттнер. МИФ', '', '', 'МИФ', 3900, 0, 19, 5, '', 0, 0),
(5000597, '', 1, 'Правила прибыльных стартапов (белая обложка), В. Харниш. МИФ', '', '', 'МИФ', 3400, 0, 19, 5, '', 0, 0),
(5000598, '', 1, 'Правила прибыльных стартапов (черная обложка), В. Харниш. МИФ', '', '', 'МИФ', 3400, 0, 19, 5, '', 0, 0),
(5000599, '978-5-91657-794-5', 1, 'Правила эффективного лидерства, С. Кови. Эксмо', '', 'Стивен Кови', 'Эксмо', 3900, 0, 19, 5, '', 0, 0),
(5000600, ' 978-985-15-1494-2', 1, 'Практическая баффетология, М. Баффет. Попурри', '', 'Мэри Баффет', 'ПОпурри', 1200, 442, 19, 5, '', 0, 0),
(5000601, '978-985-15-2217-6', 1, 'Практический маркетинг, Б. Шефер. Попурри', '', 'Бодо Шефер', 'Бодо Шефер', 1200, 0, 19, 5, '', 0, 0),
(5000602, '', 1, 'Преврати себя в бренд!, Т. Питерс. МИФ', '', '', 'МИФ', 3500, 0, 19, 5, '', 0, 0),
(5000603, '', 1, 'Представьте себе! Превосходство в бизнесе в эпоху разрушений (диск), Т. Питерс', '', 'аудио-консалт', 'МИФ', 5000, 0, 19, 5, '', 0, 0),
(5000604, '978-5-91171-002-6', 1, 'Представьте себе! Превосходство в бизнесе в эпоху разрушений, Т. Питерс. Попурри', '', 'Том Питерс', 'BestBusinessBooks', 6700, 0, 19, 5, '', 0, 0),
(5000605, '', 1, 'Привлечение инвестиций в стартап, Б. Фэлд. МИФ', '', '', 'МИФ', 3400, 0, 19, 5, '', 0, 0),
(5000606, '', 1, 'Приводим жизнь в порядок, Д. Аллен. МИФ', '', '', 'МИФ', 3300, 0, 19, 5, '', 0, 0),
(5000607, '978-985-438-585-X', 1, 'Принцип - центричное руководство, С. Кови. Попурри', '', 'Стивен Кови', 'ПОпурри', 800, 305, 19, 5, '', 0, 0),
(5000608, '978-5-699-51703-9', 1, 'Принцип 80/20, Р. Кох. Попурри', '', 'Ричард Кох', 'Попурри', 2000, 0, 19, 5, '', 0, 0),
(5000609, '978-5-699-78515-5', 1, 'Принцип 80/20. Как достичь большего, с наименьшими усилиями, Р. Кох. Эксмо', '', 'Ричард Кох', 'Эксмо', 4200, 0, 19, 5, '', 0, 0),
(5000610, '', 1, 'Пришел, увидел, убедил. Как успешно продавать свои бизнес-идеи, С. Палмер. МИФ', '', '', 'МИФ', 3400, 0, 19, 5, '', 0, 0),
(5000611, '', 1, 'Проблеск гениальности. Правдивые истории изобретений, Дж. Сибрук. Юнайтед Пресс', '', '', 'Юнайтед Пресс', 2600, 0, 19, 5, '', 0, 0),
(5000612, '', 1, 'Пробуй - получится! Когда в последний раз вы делали что-то впервые?, С. Годин. Альпина', '', '', 'Альпина', 1900, 0, 19, 5, '', 0, 0),
(5000613, '978-5-91657-468-5', 1, 'Продай свою идею! Как выгодно преподнести свои идеи боссу, клиентам и другим людям, С. Харрисон. Альпина', '', 'Сэм Харрисон', 'Альпина', 4000, 0, 19, 5, '', 0, 0),
(5000614, '978-5-17-053537-8', 1, 'Продолжаем общаться с ребенком Так (Голубая обложка), Ю. Гиппенрейтер. АСТ', '', 'Ю.Б.Гиппенрейтер', 'АСТ', 1200, 0, 19, 5, '', 0, 0),
(5000615, '978-5-17-084299-5', 1, 'Продолжаем общаться с ребенком Так,  Ю.Б.Гиппенрейтер. АСТ', '', 'Ю.Б.Гиппенрейтер', 'АСТ', 1500, 658, 19, 5, '', 0, 0),
(5000616, '978-5-91657-192-9', 1, 'Проектирование прибыльных веб-сайтов, Л. Лавдэй. МИФ', '', 'Лэнс Лавдэй', 'МИФ', 5000, 2822, 19, 5, '', 0, 0),
(5000617, '978-5-91657-945-1', 1, 'Прокачай себя, Дж. Норкросс; К. Лобер. МИФ', '', 'ДЖОН НОРКРОСС, КРИСТИН ЛОБЕР, ДЖОНАТОН НОРКРОСС.', 'МИФ', 4200, 2356, 19, 5, '', 0, 0),
(5000618, '', 1, 'Прокачай себя, Дж. Норкросс; К. Лобер. МИФ', '', 'К. Лобер', 'МИФ', 2300, 2356, 19, 5, '', 0, 0),
(5000619, '978-985-15-1890-2', 1, 'Простое лидерство, Б. Шефер. Попурри', '', 'Бодо Шефер', 'ПОпурри', 1700, 0, 19, 5, '', 0, 0),
(5000620, '', 1, 'Прыгни выше головы! 20 привычек, от которых нужно отказаться, чтобы покорить вершину успеха, М. Голдсмит. Олимп-Бизнес', '', '', 'Олимп-Бизнес', 4100, 0, 19, 5, '', 0, 0),
(5000621, '978-5-496-01033-7', 1, 'Психология влияния. 5-е изд., Р. Чалдини. Питер ИД', '', 'Р. Чалдини', 'Питер ИД', 4720, 2356, 19, 5, '', 0, 0),
(5000622, '978-5-17-053015-1', 1, 'Психология внимания, Ю. Гиппенрейтер. АСТ', '', 'Ю.Б.Гиппенрейтер', 'АСТ', 3000, 1500, 19, 5, '', 0, 0),
(5000623, '978-5-00057-478-2', 1, 'Психология вредных привычек, Р. О'' Коннор. МИФ', '', 'Ричард О"Коннор', 'МИФ', 5130, 2584, 19, 5, '', 0, 0),
(5000624, '978-5-17-0-89002-6', 1, 'Психология дурака, М. Норбеков. АСТ ', '', 'М. Норбеков', 'АСТ', 2000, 0, 19, 5, '', 0, 0),
(5000625, '978-5-91657-974-1', 1, 'Психология мотивации, Х. Грант Хэлворсон,Т. Хиггинс. МИФ', '', 'Хайди Грант Хэлворсон,Тори Хиггинс', 'МИФ', 3500, 2406, 19, 5, '', 0, 0),
(5000626, '978-985-15-2221-3', 1, 'Психология продаж, Б. Трейси. Попурри', '', 'Брайн Трейси', 'ПОпурри', 1800, 0, 19, 5, '', 0, 0),
(5000627, '978-5-496-01579-0', 1, 'Психология убеждения. Важные мелочи, гарантирующие успех (обл.),Р. Чалдини. Питер ИД', '', 'Р. Чалдини', 'Питер ИД', 2720, 1357, 19, 5, '', 0, 0),
(5000628, '978-5-00057-590-1', 1, 'Психология. Люди, концепции, эксперименты, П. Клейнман.  МИФ', '', 'Пол Клейнман', 'МИФ', 5340, 2555, 19, 5, '', 0, 0),
(5000629, '978-985-483-783-1', 1, 'Путеводная карта успеха, Дж. Максвелл. Попурри', '', 'Джон Максвелл', 'Попурри', 1100, 0, 19, 5, '', 0, 0),
(5000630, '', 1, 'Путь истинного лидера, Далай-лама IV; Л. Ван де Майзенберг. МИФ', '', '', 'МИФ', 3400, 0, 19, 5, '', 0, 0),
(5000631, '978-985-15-0639-8', 1, 'Путь к лидерству - путь к золоту, Дж. Максвелл. Попурри', '', 'Джон Максвелл', 'Попурри', 1200, 0, 19, 5, '', 0, 0),
(5000632, '978-5-91657-605-4', 1, 'Путь к процветанию, М. Селигман. МИФ', '', 'Мартин Селигман', 'МИФ', 3700, 1871, 19, 5, '', 0, 0),
(5000633, '978-985-438-928-6', 1, 'Путь к уверенной жизни, П. Норман. Попурри', '', 'Пил Норман', 'ПОпурри', 300, 0, 19, 5, '', 0, 0),
(5000634, '978-985-15-2026-4', 1, 'Путь к финансовой свободе, Б. Шефер. Попурри', '', 'Бодо Шефер', 'Попурри', 1900, 0, 19, 5, '', 0, 0),
(5000635, '978-985-483-502-2', 1, 'Путь кайзен, Р. Маурер. Попурри', '', 'Роберт Маурер', 'ПОпурри', 600, 0, 19, 5, '', 0, 0),
(5000636, '', 1, 'Путь торговли.Т.Ямагучи, Альпина', '', '', 'Путь торговли', 4500, 0, 19, 5, '', 0, 0),
(5000637, '978-5-91657-763-1', 1, 'Путь хеджера, Б. Биггс. МИФ', '', 'Бартон Биггс', 'МИФ', 5300, 2438, 19, 5, '', 0, 0),
(5000638, '978-985-15-1091-3', 1, 'Работа- как жизнь, Дж. Максвелл. Попурри', '', 'Джон Максвелл', 'ПОпурри', 1100, 571, 19, 5, '', 0, 0),
(5000639, '978-5-91657-528-6', 1, 'Работай меньше, успевай больше. Программа персональной эффективности, К. Глисон. МИФ', '', 'Керри Глисон', 'МИФ', 4840, 2438, 19, 5, '', 0, 0),
(5000640, '978-985-483-403-4', 1, 'Разбуди в себе гения, П. Портер. Попурри', '', 'Патрик Портер', 'Попурри', 900, 0, 19, 5, '', 0, 0),
(5000641, '978-985-15-2218-3', 1, 'Разбуди в себе исполина,  Э.Роббинс. Попурри', '', 'Роббинс Энтони ', 'Попурри', 2200, 0, 19, 5, '', 0, 0),
(5000642, '978-5-17-0-94781-2', 1, 'Развивай свой мозг! Уроки гениев. Леонардо да Винчи, Платон, Станиславский, Пикассо, А.Могучий', '', 'Антон Могучий', 'АСТ', 1250, 629, 19, 5, '', 0, 0),
(5000643, '978-5-00057-287-0', 1, 'Развитие мозга. Как читать быстрее, запоминать лучше и добиваться больших целей, Р. Сайп. МИФ', '', 'Роджер Сайп', 'МИФ', 4500, 0, 19, 5, '', 0, 0),
(5000644, '978-5-00057-449-2', 1, 'Развитие силы воли. Уроки от автора знаменитого маршмеллоу-теста, У. Мишел. МИФ', '', 'Уолтер Мишел', 'МИФ', 3800, 0, 19, 5, '', 0, 0),
(5000645, '#VALUE!', 1, 'Раздельное питание,  Л. Дюбель. МИФ', '', 'Ли Дюбель', 'МИФ', 1200, 0, 19, 5, '', 0, 0),
(5000646, '978-5-00057-351-8', 1, 'Размышления о личном развитии, И. Калдерон Адизес. МИФ', '', 'Ицхак Калдерон Адизес', 'МИФ', 2600, 0, 19, 5, '', 0, 0),
(5000647, '978-5-000-57-680-9', 1, 'Размышления о политике, И. Адизес. МИФ', '', 'И. Адизес', 'МИФ', 4600, 2299, 19, 5, '', 0, 0),
(5000648, '978-5-00057-403-4', 1, 'Разрыв шаблона, Т. Силиг. МИФ', '', 'Тина Силиг', 'МИФ', 2500, 1224, 19, 5, '', 0, 0),
(5000649, '978-985-15-1767-7', 1, 'Разумное доверие, С. Кови. Попурри', '', 'Стивен Кови', 'ПОпурри', 1800, 898, 19, 5, '', 0, 0),
(5000650, '978-985-438-427-6', 1, 'Раскрой свой природный тлант, Ш. Пол. Попурри', '', 'Шил Пол', 'ПОпурри', 200, 0, 19, 5, '', 0, 0),
(5000651, '', 1, 'Результативный тайм-менеджмент: эффективная методика управления собственным временем (2-е изд.), Б. Трейси. Smart Book', '', '', 'Прочее', 450, 0, 19, 5, '', 0, 0),
(5000652, '', 1, 'Рисовый штурм и еще 21 способов мыслить нестандартно, М. Микалко. МИФ', '', '', 'МИФ', 5300, 2609, 19, 5, '', 0, 0),
(5000653, '978-5-17-062395-2', 1, 'Родителям: как быть ребенком, Ю. Гиппенрейтер. АСТ', '', 'Ю.Б.Гиппенрейтер', 'АСТ', 1800, 0, 19, 5, '', 0, 0),
(5000654, '', 1, 'Рожденная женщиной. Покатилова Н.А., АСТ', '', 'Покатилова Н. А.', 'АСТ', 2065, 1032, 19, 5, '', 0, 0),
(5000655, '978-5-91657-584-2', 1, 'Сам себе MBA, Дж. Кауфман. МИФ', '', 'Джош Кауфман', 'МИФ', 5120, 0, 19, 5, '', 0, 0),
(5000656, '978-5-17-083876-9', 1, 'Самая важная книга для родителей, Ю. Гиппенрейтер. АСТ', '', 'Ю.Б.Гиппенрейтер', 'АСТ', 3770, 0, 19, 5, '', 0, 0),
(5000657, '978-985-15-0457-8', 1, 'Самурай без меча, К. Масао. Попурри', '', 'Китами Масао', 'ПОпурри', 1100, 0, 19, 5, '', 0, 0),
(5000658, '978-985-15-2413-2', 1, 'Самый богатый человек в вавилоне, Дж. Клейсон. Попурри', '', 'Джордж Клейсон', 'ПОпурри', 900, 0, 19, 5, '', 0, 0),
(5000659, ' 978-5-91657-627-6', 1, 'Сарафанный маркетинг, Э. Серновиц. МИФ', '', 'Энди Серновиц', 'МИФ', 3500, 0, 19, 5, '', 0, 0),
(5000660, ' 978-5-699-59971-4', 1, 'Свободные родители, свободные дети, Ф. Мазлиш. Эксмо', '', 'Фабер Мазлиш', 'Эксмо', 1980, 962, 19, 5, '', 0, 0),
(5000661, '978-5-91657-484-5', 1, 'Связи решают все! Правила позитивного нетворкинга, Д. Резак. Альпина', '', 'Дарси Резак', 'Альпина', 4100, 2050, 19, 5, '', 0, 0),
(5000662, '', 1, 'Святой, Серфингист и Директор: удивительная история о том, как можно жить по велению сердца, Р. Шарма. София', '', '', 'АСТ', 850, 0, 19, 5, '', 0, 0),
(5000663, '978-5-91657-660-3', 1, 'Сделай себя сам, Т. Силиг. МИФ', '', 'Тина Силиг', 'МИФ', 3400, 1700, 19, 5, '', 0, 0),
(5000664, '978-5-91657-928-4', 1, 'Сделайте ваших детей успешными. Дж. Роджерс. МИФ', '', 'Джим Роджерс', 'МИФ', 4300, 2141, 19, 5, '', 0, 0),
(5000665, ' 978-5-386-01023-2', 1, 'Секрет, С. Биддалф. Эксмо', '', 'Стив Биддалф', 'Эксмо', 1400, 0, 19, 5, '', 0, 0),
(5000666, ' 978-5-91657-649-8', 1, 'Секреты великих ораторов, Дж. Хьюмс. МИФ', '', 'Джеймс Хьюмс', 'МИФ', 4800, 0, 19, 5, '', 0, 0),
(5000667, ' 978-5-902862-85-7', 1, 'Секреты величия: по материалам Fortune Magazine. (ред. Fortune Magazine, Самуненкова Р.В), Е. Коган. МИФ', '', 'Евгений Коган', 'МИФ', 2600, 1500, 19, 5, '', 0, 0),
(5000668, '978-985-15-0023-5', 1, 'Секреты процветающей компании или увольте кого- нибудь прямо сейчас, Б. Притчет. Попурри', '', 'Боб Притчет', 'Попурри', 1600, 543, 19, 5, '', 0, 0),
(5000669, '#VALUE!', 1, 'Секреты счастливых родителей, С.Биддалф. Рипол классик', '', 'Стив Биддалф', 'Рипол Классик', 1400, 0, 19, 5, '', 0, 0),
(5000670, '978-985-15-1645-8', 1, 'Секреты управления от Уорена Баффета, М. Баффет. Попурри', '', 'Мэри Баффет', 'ПОпурри', 1200, 0, 19, 5, '', 0, 0),
(5000671, ' 978-985-15-1098-2', 1, 'Секреты успеха и счастья, О. Мандино. Попурри', '', 'Ог Мандино', 'ПОпурри', 900, 321, 19, 5, '', 0, 0),
(5000672, '978-5-961-4-5516-8', 1, 'Семь навыков высокоэффективных людей, (переплет) С.Кови. АСТ', '', 'С.Кови', 'Альпина', 4900, 0, 19, 5, '', 0, 0),
(5000673, '978-5-961-4-5515-1', 1, 'Семь навыков высокоэффективных людей. Мощные инструменты развития личности (Обложка с клапанами, Юбилейное издание)', '', 'Стивен Кови', 'Альпина', 4500, 0, 19, 5, '', 0, 0),
(5000674, '978-5-961-4-4585-5', 1, 'Семь навыков высокоэффективных людей. Мощные инструменты развития личности (суперобложка), С.Кови. АСТ', '', 'С.Кови', 'Альпина', 5600, 0, 19, 5, '', 0, 0),
(5000675, '', 1, 'Сердце компании, П. Ленсиони. МИФ', '', '', 'МИФ', 3900, 0, 19, 5, '', 0, 0),
(5000676, '978-5-00057-409-6', 1, 'Сердце перемен, Ч. Хиз; Д. Хиз. МИФ', '', 'Чип Хиз и Дэн Хиз', 'МИФ', 3000, 1571, 19, 5, '', 0, 0),
(5000677, '978-985-483-572-3', 1, 'Сердцу не место в пятках, Б. Мандель. Попурри', '', 'Боб Мандель', 'Попурри', 1100, 0, 19, 5, '', 0, 0),
(5000678, '978-985-438-603-1', 1, 'Сила внутри нас!, К. Бристол. Попурри', '', 'Клод Бристол', 'ПОпурри', 200, 0, 19, 5, '', 0, 0),
(5000679, '', 1, 'Сила Воли (Большая),  К. Макгонигал. МИФ', '', 'К. Макгоникал', 'МИФ', 7990, 0, 19, 5, '', 0, 0),
(5000680, ' 978-5-000-57-783-7', 1, 'Сила воли, К. Макгонигал. МИФ', '', 'Келли Макгонигал', 'МИФ', 5170, 2465, 19, 5, '', 0, 0),
(5000681, '978-5-17-0-91186-8', 1, 'Сила духа, М. Норбеков. АСТ ', '', 'М. Норбеков', 'АСТ', 2000, 977, 19, 5, '', 0, 0),
(5000682, '', 1, 'Сила обаяния: Как завоевывать сердца и добиваться успеха, Б. Трейси. Альпина', '', 'Брайан Трейси', 'Альпина', 2000, 0, 19, 5, '', 0, 0),
(5000683, '978-985-15-1660-1', 1, 'Сила позитивного мышления, П. Норман. Попурри', '', 'Пил Норман', 'Попурри', 1500, 0, 19, 5, '', 0, 0),
(5000684, '', 1, 'Сила простоты, Дж. Траут. МИФ', '', 'Дж.Траут', 'МИФ', 3400, 0, 19, 5, '', 0, 0),
(5000685, '978-985-15-2502-3', 1, 'Сила разума для детей, Дж. Кехо. Попурри', '', 'Джон Кехо', 'ПОпурри', 1000, 0, 19, 5, '', 0, 0),
(5000686, '978-985-15-1846-9', 1, 'Сила сознания,  Н. Годдард. Попурри', '', 'Невилл Годдард', 'ПОпурри', 750, 350, 19, 5, '', 0, 0),
(5000687, '978-985-15-1846-9', 1, 'Сила уверенности в себе, Б. Трейси. Попурри', '', 'Брайн Трейси', 'Попурри', 1500, 0, 19, 5, '', 0, 0),
(5000688, '978-5-17-087995-3', 1, 'Сингапурское чудо: Ли Куан Ю, АСТ', '', 'Ли Куан Ю', 'АСТ', 2900, 1416, 19, 5, '', 0, 0),
(5000689, '978-5-00057-467-6', 1, 'Скетчбук, который научит Вас рисовать, Р. Ланда. МИФ', '', 'Робин Ланда', 'МИФ', 5400, 0, 19, 5, '', 0, 0),
(5000690, '978-5-00057-229-0', 1, 'Скорочтение на практике, П. Палагин. МИФ', '', 'Павел Палагин', 'МИФ', 2500, 0, 19, 5, '', 0, 0),
(5000691, '978-5-00057-822-3', 1, 'Скорочтение. Как запоминать больше, читая в 8 раз быстрее, П. Камп. МИФ', '', 'Питер Камп', 'МИФ', 5340, 0, 19, 5, '', 0, 0),
(5000692, '978-985-15-1711-0', 1, 'Скрипучее колесо, Г. Винч. Попурри', '', 'Гай Винч', 'ПОпурри', 1700, 642, 19, 5, '', 0, 0),
(5000693, '978-985-15-1711-0', 1, 'Скрытые возможности разума, Г. Лорейн. Попурри', '', 'Гарри Лорейн', 'ПОпурри', 900, 0, 19, 5, '', 0, 0),
(5000694, ' 978-985-15-1824-7', 1, 'Слова, способные изменить сознание, Н. Эндрю. Попурри', '', 'Ньюберг Эндрю', 'ПОпурри', 2100, 0, 19, 5, '', 0, 0),
(5000695, '', 1, 'Сломай систему. Лекарство от управленческой изжоги. Р. Таунсед. Альпина', '', 'Р.Таунсед', 'Альпина', 1800, 0, 19, 5, '', 0, 0),
(5000696, '978-985-15-1230-6', 1, 'Собери команду лидеров, Дж. Максвелл. Попурри', '', 'Джон Максвелл', 'Попурри', 1000, 0, 19, 5, '', 0, 0),
(5000697, '', 1, 'Совершенное здоровье. Избранное. + DVD: Гимнастика для позвоночника по системе П. Брэгга, П. Брэгг. Вектор', '', '', 'Вектор', 2250, 0, 19, 5, '', 0, 0),
(5000698, '', 1, 'Совет на миллион. Измени мир и заработай состояние, Б. Бэрчард. МИФ', '', 'Б.', 'МИФ', 2700, 0, 19, 5, '', 0, 0),
(5000699, '', 1, 'Сотвори и продай, С. Воинская. МИФ', '', '', 'МИФ', 3400, 0, 19, 5, '', 0, 0),
(5000700, '978-985-15-0689-3', 1, 'Софт для карьериста, П. Клаус. МИФ', '', 'Пегги Клаус', 'МИФ', 700, 0, 19, 5, '', 0, 0),
(5000701, '978-5-459-00829-6', 1, 'Социальная сеть. Феномен Facebook, Я. Штайншаден. Питер ИД', '', 'Я. Штайншаден', 'Питер ИД', 1270, 633, 19, 5, '', 0, 0),
(5000702, ' 978-5-4295-0031-7', 1, 'Спешите жить медленно, Д. Браунинг. Юнайтед Пресс', '', 'Доминик Браунинг', 'Юнайтед Пресс', 3400, 1196, 19, 5, '', 0, 0),
(5000703, '', 1, 'СПИН-продажи. Практическое руководство,  Н. Рекхэм. МИФ', '', '', 'МИФ', 3400, 0, 19, 5, '', 0, 0),
(5000704, '978-5-91657-316-9', 1, 'Стартап без бюджета, М. Микаловиц. МИФ', '', 'Майк Микаловиц', 'МИФ', 4000, 1845, 19, 5, '', 0, 0),
(5000705, '978-985-15-1875-9', 1, 'Стать успешным никогда не поздно, Т. Батлер-Боудон. Попурри', '', 'Том Батлер-Боудон', 'ПОпурри', 1100, 497, 19, 5, '', 0, 0),
(5000706, '978-5-699-53452-4', 1, 'Стив Джобс и я,  Стив Возняк. Эксмо', '', 'Стив Возняк', 'Эксмо', 4010, 0, 19, 5, '', 0, 0),
(5000707, '978-5-17-0-88636-4', 1, 'Стив Джобс, Секачева К.Д. АСТ', '', 'Секачева К.Д', 'АСТ', 1200, 596, 19, 5, '', 0, 0),
(5000708, '978-5-17-0-77871-3', 1, 'Стив Джобс, У. Айзексон. АСТ больш', '', 'Уолтер Айзексон', 'АСТ', 4600, 2277, 19, 5, '', 0, 0),
(5000709, '978-5-17-0-94173-5', 1, 'Стив Джобс, У. Айзексон. АСТ', '', 'Уолтер Айзексон', 'АСТ', 2270, 2277, 19, 5, '', 0, 0),
(5000710, ' 978-5-91657-630-6', 1, 'Стив Джобс:уроки лидерства, Дж. Эллиот. МИФ', '', 'Джей Эллиот', 'МИФ', 3300, 1611, 19, 5, '', 0, 0),
(5000711, '978-5-91657-507-1', 1, 'Сторителлинг, А. Симмонс. МИФ', '', 'Аннет Симмонс', 'МИФ', 4100, 2049, 19, 5, '', 0, 0),
(5000712, '', 1, 'Страдания от бессмысленности жизни. Актуальная психотерапия, В. Франкль. Сибирское университетское издательство', '', 'В. Франкль', 'Сибирское университетское издательство', 1040, 0, 19, 5, '', 0, 0),
(5000713, '978-5-9614-4760-6', 1, 'Стратегия жизни, К.Кристенсен. Альпина', '', 'Клейтон КРИСТЕНСЕН', 'Альпина', 3500, 1198, 19, 5, '', 0, 0),
(5000714, '978-5-9614-4565-7', 1, 'Стратегия счатья: Как определить цель в жизни и сать лучше, Дж. Лоэр. Альпина', '', 'Джим Лоэр', 'АЛьпина', 4200, 1596, 19, 5, '', 0, 0),
(5000715, '978-985-15-0281-9', 1, 'Сунь-Цзы. Искусство побеждать. Дж. Майкельсон. Попурри', '', 'Джеральд Майкельсон', 'ПОпурри', 1600, 0, 19, 5, '', 0, 0),
(5000716, '978-985-15-2095-0', 1, 'Суперинтеллект, Т. Бьюзен. Попурри', '', 'Тони Бьюзен', 'ПОпурри', 3500, 0, 19, 5, '', 0, 0),
(5000717, '978-5-699-61606-0', 1, 'Суперпамять, М. Хеннер. Эксмо', '', 'Мэрилу Хеннер', 'Эксмо', 2500, 0, 19, 5, '', 0, 0),
(5000718, '978-985-15-2476-7', 1, 'Суперпамять, Т.  Бьюзен. Попурри', '', 'Тони Бьюзен', 'ПОпурри', 500, 0, 19, 5, '', 0, 0),
(5000719, '978- 985-483-544-8', 1, 'Счастье, Я. Монич. Попурри', '', 'Я. Монич', 'ПОпурри', 400, 0, 19, 5, '', 0, 0),
(5000720, '', 1, 'Съешьте лягушку! 21 способ научиться успевать (2-е изд.), Б. Трейси. Альпина', '', 'Брайан Трейси', 'Альпина', 1300, 0, 19, 5, '', 0, 0),
(5000721, '978-5-91657-543-9', 1, 'Тайм-драйв, Г. Архангельский. Альпина', '', 'Глеб Архангельский', 'Альпина', 3000, 0, 19, 5, '', 0, 0),
(5000722, '978-5-9614-4580-0', 1, 'Тайм-менеджмент полный курс, Г. Архангельский. Альпина', '', 'Глеб Архангельский', 'Альпина', 2800, 0, 19, 5, '', 0, 0),
(5000723, '4607146630601', 1, 'Тайм-менеджмент. Тренажер, Г. Архангельский. Альпина', '', 'Глеб Архангельский', 'Альпина', 4800, 2390, 19, 5, '', 0, 0),
(5000724, '', 1, 'Тайны мозга вашего ребенка, С. Амодт; С. Вонг. Эксмо', '', 'С. Амодт; С. Вонг', 'Эксмо', 1400, 0, 19, 5, '', 0, 0),
(5000725, '', 1, 'Тайны мозга взрослого человека. Удивительные таланты и способности человека, который достиг середины, Б. Страук. Карьера Пресс', '', 'Б.Страук', 'Карьера Пресс', 3510, 0, 19, 5, '', 0, 0),
(5000726, '978-5-699-80544-0', 1, 'Тайны нашего мозга, или почему умные люди делают глупости (мг), С. Амодт. Эксмо', '', 'Амодт Сандра', 'Эксмо', 1000, 512, 19, 5, '', 0, 0),
(5000727, ' 978-5-699-36552-4', 1, 'Тайны нашего мозга, или почему умные люди делают глупости (тв), С. Амодт. Эксмо', '', 'Амодт Сандра', 'Эксмо', 1400, 0, 19, 5, '', 0, 0),
(5000728, '978-5-91657-420-3', 1, 'Талант ни при чем!, Дж.Колвин. МИФ', '', 'Джефф Колвин', 'МИФ', 3600, 0, 19, 5, '', 0, 0),
(5000729, '', 1, 'Теодор Рузвельт. Законы лидерства, А.Аксельрод. Эксмо', '', 'А.Аксельрод', 'Эксмо', 5100, 0, 19, 5, '', 0, 0),
(5000730, '', 1, 'Теория Игр, Искусство стратегического мышления в бизнесе и жизни,  Авинаш Диксит и Барри Нейлбафф. МИФ', '', ' Авинаш Диксит и Барри Нейлбафф', 'МИФ', 5100, 0, 19, 5, '', 0, 0),
(5000731, '978-985-15-1591-8', 1, 'Точка фокуса, Б.Трейси. Аудиоконсалт', '', 'Брайн Трейси', 'Аудиоконсалт', 1700, 0, 19, 5, '', 0, 0),
(5000732, ' 978-5-906084-04-0', 1, 'Точки контакта онлайн (белая), И.Манн; Н. Поминова. Сила Ума паблишер', '', 'Не написано', 'Сила Ума паблишер', 3300, 0, 19, 5, '', 0, 0),
(5000733, '', 1, 'Точки контакта. Рабочая тетрадь для улучшения маркетинга и увеличения доходов вашей компании (оранжевая), И. Манн; Д. Турусин. МИФ', '', 'Игорь Манн', 'МИФ', 3900, 0, 19, 5, '', 0, 0),
(5000734, ' 978-985-15-1119-4', 1, 'Точно в цель!, Б. Гленн. Попурри', '', 'Бленд Гленн', 'ПОпурри', 500, 0, 19, 5, '', 0, 0),
(5000735, '978-5-91657-050-2', 1, 'У всех спад,у вас-подъем, Дж. Колвин. МИФ', '', 'Джефф Колвин', 'МИФ', 2400, 2320, 19, 5, '', 0, 0),
(5000736, '978-5-000-57-448-5', 1, 'Уверенность в себе. Книга для работы над собой, Э. Мьюир. МИФ', '', 'Э. Мьюир', 'МИФ', 5100, 2416, 19, 5, '', 0, 0),
(5000737, '978-985-438-871-9', 1, 'Удивительные результаты позитивного мышления, П. Норман. Попурри', '', 'Пил Норман', 'ПОпурри', 300, 0, 19, 5, '', 0, 0),
(5000738, '978-985-15-1942-8', 1, 'Умные родители - гениальный ребёнок, Т. Бьюзен. Попурри', '', 'Тони Бьюзен', 'ПОпурри', 1900, 0, 19, 5, '', 0, 0),
(5000739, '5-315-00026-5', 1, 'Уникальность теперь… или никогда, Й. Кунде. Стокгольмская школа экономики в Санкт-Петербурге', '', 'Йеспер Кунде', 'Школа экономики в Санкт-Перербурге', 5100, 3096, 19, 5, '', 0, 0),
(5000740, '978-5-00057-588-8', 1, 'Уоррен Баффет. Как 5 долларов превратить в 50 миллиардов, Р. Хагстром. МИФ', '', 'Роберт Хагстром', 'МИФ', 4700, 2346, 19, 5, '', 0, 0),
(5000741, '978-1-4165-7318-0', 1, 'Уоррен Баффет. Как найти идеальную для инвестора компанию, М. Баффет. Попурри', '', 'Мэри Баффет', 'ПОпурри', 1000, 415, 19, 5, '', 0, 0),
(5000742, '978-5-00057-441-6', 1, 'Управление жизненным циклом корпораций, И. К. Адизес. МИФ', '', 'Ицхак Калдерон Адизес', 'МИФ', 4400, 0, 19, 5, '', 0, 0),
(5000743, '', 1, 'Управление заводом в стиле кайдзен. Как снизить затраты и повысить прибыль, А. Гринин. Альпина', '', 'А.Гринин', 'Альпина', 2000, 0, 19, 5, '', 0, 0),
(5000744, '', 1, 'Управление изменениями.  Harvard Business Review, А. Лисицына. Юнайтед Пресс', '', 'А.Лисицына', 'Юнайтед Пресс', 1100, 0, 19, 5, '', 0, 0),
(5000745, '978-5-91657-279-7', 1, 'Управление стартапами. Как руководить компанией на разных этапах, К. Кэтлин. МИФ', '', 'Кэтрин Кэтлин', 'МИФ', 3900, 0, 19, 5, '', 0, 0),
(5000746, '', 1, 'Упрости себе жизнь, Э. Доланд. МИФ', '', 'Э. Доналд', 'МИФ', 3300, 0, 19, 5, '', 0, 0),
(5000747, '978-5-91657-762-4', 1, 'Уроки выдающихся лидеров, Б. Джордж; П.Симс. МИФ', '', 'Билл Джордж и Питер Симс', 'МИФ', 4400, 2168, 19, 5, '', 0, 0),
(5000748, '978-985-15-2086-8', 1, 'Уроки Икара, С. Годин. Попурри', '', 'Сет Годин', 'ПОпурри', 1300, 626, 19, 5, '', 0, 0),
(5000749, '978-5-17-084600-9', 1, 'Уроки семейной мудрости (подарочная), Р. Шарма. АСТ', '', 'Робин Шарма', 'АСТ', 1710, 0, 19, 5, '', 0, 0),
(5000750, '978-5-17-084601-6', 1, 'Уроки семейной мудрости, Р. Шарма. АСТ', '', 'Робин Шарма', 'АСТ', 1100, 0, 19, 5, '', 0, 0),
(5000751, '978-985-15-0696-1', 1, 'Усовершенствуйте свою память,Т. Бьюзен. Попурри', '', 'Тони Бьюзен', 'Попурри', 700, 0, 19, 5, '', 0, 0),
(5000752, '978-985-15-0667-1', 1, 'Успех 101, Дж. Максвелл. Попурри', '', 'Джон Максвелл', 'ПОпурри', 800, 320, 19, 5, '', 0, 0),
(5000753, '', 1, 'Успех по принципу 80/20. Как построить карьеру и бизнес, используя ваши лучшие 20%, Р. Кох. Эксмо', '', 'Р.Кох', 'Эксмо', 3300, 0, 19, 5, '', 0, 0),
(5000754, '978-5-17-0-80511-2', 1, 'Успешный мужчина-дело рук женщины. Твой путь к женскому счастью и благополучию, Покатилова Н.А. АСТ', '', 'Покатилова Н. А.', 'АСТ', 1890, 944, 19, 5, '', 0, 0),
(5000755, '978-5-91657-368-8', 1, 'Утраченные секреты процветания, Н. Хилл. Альпина', '', 'Наполеон Хилл', 'Альпина', 2800, 1378, 19, 5, '', 0, 0),
(5000756, '', 1, 'Уходим в отрыв, К. Герольд. МИФ', '', 'К.Герольд', 'МИФ', 3400, 0, 19, 5, '', 0, 0),
(5000757, '978-985-15-0946-7', 1, 'Учебник креативного мышления, Т. Скотт. Попурри', '', 'Торп Скотт', 'ПОпурри', 600, 0, 19, 5, '', 0, 0),
(5000758, '978-5-699-77720-4', 1, 'Феномен ZARA, К. О''Ши. Эксмо', '', 'К. О'' Ши ', 'Эксмо', 4280, 2121, 19, 5, '', 0, 0),
(5000759, ' 978-5-00057-404-1', 1, 'Фидбэк.Получите обратную связь, И. Манн; Е. Золина. МИФ', '', 'Игорь Манн.Елена Золина', 'МИФ', 2800, 1363, 19, 5, '', 0, 0),
(5000760, ' 978-5-91657-116-5', 1, 'Фиолетовая Корова, С. Годин. МИФ', '', 'Сет Годин', 'МИФ', 2900, 0, 19, 5, '', 0, 0),
(5000761, '', 1, 'Формула времени. Тайм-менеджмент на Outlook 2007-2010, Г. Архангельский. МИФ', '', '', 'МИФ', 2900, 0, 19, 5, '', 0, 0),
(5000762, '', 1, 'Фрикономика, С. Левитт. МИФ', '', '', 'МИФ', 3400, 0, 19, 5, '', 0, 0),
(5000763, '978-5-91657-760-0', 1, 'Харизма лидера (аудио), Р. Гандапас. МИФ', '', 'Радислав Гандапас', 'МИФ', 3600, 1889, 19, 5, '', 0, 0),
(5000764, ' 978-5-91657-683-2', 1, 'Харизма лидера, Р. Гандапас. МИФ', '', 'Радислав Гандапас', 'МИФ', 6720, 3360, 19, 5, '', 0, 0),
(5000765, ' 978-985-15-1559-8', 1, 'Хватит думать! Действуй!, Э. Роберт. Попурри', '', 'Энтони Роберт', 'ПОпурри', 1000, 349, 19, 5, '', 0, 0),
(5000766, '978-5-9614-4867-2', 1, 'Хватит мечтать, займись делом!, К. Ньюпорте. Альпина', '', 'Кэроль Ньюпорте', 'АЛьпина', 3900, 1490, 19, 5, '', 0, 0),
(5000767, '', 1, 'Хороший год. Еженедельник маркетёра, И. Манн. МИФ', '', '', 'МИФ', 2700, 0, 19, 5, '', 0, 0),
(5000768, '978-5-9614-1841-5', 1, 'Хулиганы в бизнесе. История успеха Business FM, Ю. Воскресенский. Альпина', '', 'Юрий Воскресенский', 'Альпина', 3400, 0, 19, 5, '', 0, 0),
(5000769, '978-500057-062-3', 1, 'Царь горы,  Б. Мерримен; Э. Мерримен. МИФ', '', 'По Бронсон и Эшли Мерримен', 'МИФ', 3800, 1260, 19, 5, '', 0, 0),
(5000770, '978-985-15-1952-6', 1, 'Цель: процесс непрерывного улучшения, Э. Голдратт. Попурри', '', 'Элияху Голдратт', 'ПОпурри', 4300, 0, 19, 5, '', 0, 0),
(5000771, '978-985-15-1952-7', 1, 'Цель: специальное издание, Э. Голдратт. Попурри', '', 'Элия Голдратт', 'Попурри', 3500, 1536, 19, 5, '', 0, 0),
(5000772, '978-5-91657-242-1', 1, 'Цельная жизнь для студентов, Л.Хьюитт; Л. Д'' Абади; Э.Хьюитт. МИФ', '', 'Лес Хьюитт,Люк д"Абади и Эндрю Хьюитт', 'МИФ', 3400, 0, 19, 5, '', 0, 0);
INSERT INTO `goods` (`good_id`, `code`, `valid`, `name`, `description`, `author`, `publisher`, `price`, `net_price`, `cat_id`, `comp_id`, `pic_url`, `bonus`, `discount`) VALUES
(5000773, '978-5-000-57-650-6', 1, 'Цельная жизнь. Ключевые навыки для достижения ваших целей, Дж. Кэнфилд; М. Виктор Хансен; Л. Хьюитт. МИФ', '', 'Джек Кэнфилд,Марк Виктор Хансен и Лес Хьюитт', 'МИФ', 4500, 2210, 19, 5, '', 0, 0),
(5000774, '978-985-15-338-0', 1, 'Что делать, если вам нужно принять важное решение. Попурри', '', 'Не написано', 'ПОпурри', 500, 244, 19, 5, '', 0, 0),
(5000775, '978-985-15-0337-3', 1, 'Что делать, если вы стали боссом. Попурри', '', 'Не написано', 'ПОпурри', 500, 245, 19, 5, '', 0, 0),
(5000776, '978- 985-483-748-3', 1, 'Что знают счастливые люди, Д. Бейкер . Попурри', '', 'Дэн Бейкер ', 'ПОпурри', 600, 0, 19, 5, '', 0, 0),
(5000777, ' 978-5-00057-417-1', 1, 'Что тебя останавливает?, С. Хэдфилд. МИФ', '', 'Сью Хэдфилд', 'МИФ', 2200, 1237, 19, 5, '', 0, 0),
(5000778, '978-5-00057-534-5', 1, 'Что ты выберешь ?, Т. Бен-Шахар. МИФ', '', 'Тал Бен-Шахар', 'МИФ', 4600, 2000, 19, 5, '', 0, 0),
(5000779, '978-5-00057-806-3', 1, 'Что ты выберешь? Решения, от которых зависит твоя жизнь, Т. Бен-Шахар. МИФ', '', 'Т. Бен-Шахар', 'МИФ', 5200, 0, 19, 5, '', 0, 0),
(5000780, '978-5-91657-497-5', 1, 'Школа продаж, А. Деревицкий. МИФ', '', 'Александр Деревицкий', 'МИФ', 3600, 0, 19, 5, '', 0, 0),
(5000781, '978-5-00057-384-6', 1, 'Эмоциональный интеллект ребенка, Дж. Готтман. МИФ', '', 'Джон Готтман', 'МИФ', 4800, 2408, 19, 5, '', 0, 0),
(5000782, '978-5-91657-551-4', 1, 'Энергия жизни, Б. Берчард. Эксмо', '', 'Брендон Берчард', 'Эксмо', 2200, 1249, 19, 5, '', 0, 0),
(5000783, '978-985-15-1594-9', 1, 'Энергия намерения, У. Дайер. Попурри', '', 'Уэйн Дайер', 'Попурри', 1500, 0, 19, 5, '', 0, 0),
(5000784, ' 978-5-00057-347-1', 1, 'Эссенциализм, Г. МакКеон. МИФ', '', 'Грег МакКеон', 'МИФ', 4800, 2395, 19, 5, '', 0, 0),
(5000785, '978-5-9614-4712-5', 1, 'Эти важные мелочи. 163 способа добиться совершенства, Т. Питерс. Альпина', '', 'Том Питерс', 'Альпина', 3500, 1974, 19, 5, '', 0, 0),
(5000786, '978-5-961-4-5358-4', 1, 'Эффективное производство в России?Да!, С.Колесников. Альпина', '', 'С.Колесников', 'Альпина', 3900, 1907, 19, 5, '', 0, 0),
(5000787, '985-438-820-4', 1, 'Эффективные методы продажи по Брайану Трейси, Б. Трейси. Попурри', '', 'Брайн Трейси', 'ПОпурри', 400, 0, 19, 5, '', 0, 0),
(5000788, ' 978-500057-061-6', 1, 'Эффективный руководитель, П. Друкер. МИФ', '', 'Питер Друкер', 'МИФ', 4400, 0, 19, 5, '', 0, 0),
(5000789, '978-985-15-1431-7', 1, 'Я - победитель!, Дж. Максвелл. Попурри', '', 'Джон Максвелл', 'ПОпурри', 1200, 391, 19, 5, '', 0, 0),
(5000790, '978-5-91657-334-3', 1, 'Я слышу вас насквозь. Эффективная техника переговоров, М. Гоулстон. МИФ', '', 'Марк Гоулстон', 'МИФ', 5100, 0, 19, 5, '', 0, 0),
(5000791, '978-5-91657-309-1', 1, 'Я так и знал! Теория ограничений для розничной торговли, Э. Голдратт. МИФ', '', 'Элияху Голдратт', 'МИФ', 4000, 0, 19, 5, '', 0, 0),
(5000792, '', 1, 'Язык телодвижений, О. Дайняк, Эксмо', '', 'Ольга Дайняк', 'Эксмо', 1750, 0, 19, 5, '', 0, 0),
(5000793, '978-5-17-0-92124-9', 1, 'Я-Лучший! 101 совет по достижению успеха от монаха, который продал свой феррари, Р. Шарма. АСТ', '', 'Р.Шарма', 'АСТ', 1800, 893, 19, 5, '', 0, 0),
(5000794, '978-5-386-07125-7', 1, 'Мастер игры, Р. Грин. (красная тв)Рипол', '', 'Роберт Грин ', 'Рипол Классик', 8600, 2530, 19, 5, '', 0, 0),
(5000795, '978-5-9614-5400-0', 1, 'Жесткий менеджмент. Заставьте людей работать на результат (новая), Д. Кеннеди. Альпина', '', 'Кеннеди', 'Альпина', 5000, 1725, 19, 5, '', 0, 0),
(5000796, '978-5-9614-5590-8', 1, 'Искусство жить просто, Как избавиться от лишнего и обогатить свою жизнь,  Д. Лоро. Альпина', '', 'Лоро', 'Альпина', 5000, 0, 19, 5, '', 0, 0),
(5000797, '978-5-91671-549-1', 1, 'Мозг Леонардо: Постигая гений Да Винчи, Л. Шлейн. Альпина', '', 'Л. Шлейн', 'Альпина', 4700, 0, 19, 5, '', 0, 0),
(5000798, '978-5-699-60490-6', 1, 'Зарядите свой мозг.  Д. Перлмуттер, Эксмо ', '', 'Д. Перлмуттер', 'Эксмо', 2550, 1218, 19, 5, '', 0, 0),
(5000799, '', 1, 'Куриный бульон для души: 101 лучшая история. Дж. Кэнфилд. Эксмо', '', 'Дж. Кэнфилд', 'Эксмо', 1700, 0, 19, 5, '', 0, 0),
(5000800, '978-5-00057-655-7', 1, 'Бенджамин Франклин. Биография. У. Айзексон, МИФ', '', 'У. Айзексон', 'МИФ', 9300, 0, 19, 5, '', 0, 0),
(5000801, '978-5-00057-906-0', 1, 'Никогда не ешьте в одиночку и другие правила нетворкинга, К. Феррацци. МИФ', '', 'К. Феррацци', 'МИФ', 5400, 1910, 19, 5, '', 0, 0),
(5000802, '978-5-00057-912-1', 1, 'Номер 1,  И. Манн. МИФ', '', 'И. Манн', 'МИФ', 5400, 2559, 19, 5, '', 0, 0),
(5000803, '978-5-00100-084-6', 1, 'Развитие мозга. Как читать быстрее, запоминать лучше и добиваться больших целей,1 Р. Сайп. МИФ', '', 'Р. Сайп', 'МИФ', 5400, 2210, 19, 5, '', 0, 0),
(5000804, '978-5-0005138-5', 1, 'Утерянное искусство красноречия', '', 'Р. Доуиз', 'МИФ', 9400, 4682, 19, 5, '', 0, 0),
(5000805, '', 1, '365 дней с Любимым Пророком', '', 'Прочее', 'Прочее', 9500, 0, 20, 5, '', 0, 0),
(5000806, '', 1, 'AdPerceptio (4 диска), Д. Мырзакожа', '', 'Дияс Мырзакожа', 'Дияс Мырзакожа', 500, 375, 20, 5, '', 0, 0),
(5000807, '', 1, 'Enjoy Your Life, Д. Мырзакожа', '', 'Дияс Мырзакожа', 'Дияс Мырзакожа', 1500, 750, 20, 5, '', 0, 0),
(5000808, '', 1, 'Fardh kifaya (диск), Д. Мырзакожа', '', 'Дияс Мырзакожа', 'Дияс Мырзакожа', 500, 250, 20, 5, '', 0, 0),
(5000809, '', 1, 'Ummastore (блокноты)', '', 'Прочее', 'Прочее', 200, 100, 20, 5, '', 0, 0),
(5000810, '', 1, 'А мой муж просто молодец', '', 'Прочее', 'Прочее', 600, 293, 20, 5, '', 0, 0),
(5000811, '', 1, 'Возрождение религ наук «й том', '', 'Прочее', 'Прочее', 4750, 0, 20, 5, '', 0, 0),
(5000812, '', 1, 'Возрождение религ наук 1й том', '', 'Прочее', 'Прочее', 4750, 0, 20, 5, '', 0, 0),
(5000813, '', 1, 'Достоинства намаза', '', 'Прочее', 'Прочее', 840, 0, 20, 5, '', 0, 0),
(5000814, '', 1, 'Духи "Alfia"', '', 'Дияс Мырзакожа', 'Дияс Мырзакожа', 2000, 0, 20, 5, '', 0, 0),
(5000815, '', 1, 'Духи "Banu"', '', 'Дияс Мырзакожа', 'Дияс Мырзакожа', 2000, 0, 20, 5, '', 0, 0),
(5000816, '', 1, 'Духи "Daria"', '', 'Дияс Мырзакожа', 'Дияс Мырзакожа', 1000, 500, 20, 5, '', 0, 0),
(5000817, '', 1, 'Духи "Gulnar"', '', 'Дияс Мырзакожа', 'Дияс Мырзакожа', 2000, 0, 20, 5, '', 0, 0),
(5000818, '', 1, 'Духи "Maryam"', '', 'Дияс Мырзакожа', 'Дияс Мырзакожа', 2000, 0, 20, 5, '', 0, 0),
(5000819, '', 1, 'Духи "Nuraini"', '', 'Дияс Мырзакожа', 'Дияс Мырзакожа', 2000, 0, 20, 5, '', 0, 0),
(5000820, '', 1, 'Жизнь Пророка (c.а.с.)', '', 'Прочее', 'Прочее ', 600, 300, 20, 5, '', 0, 0),
(5000821, '', 1, 'Заманауи зерттеу эдiстерi, Д. Мырзакожа', '', 'Дияс Мырзакожа', 'Дияс Мырзакожа', 1000, 500, 20, 5, '', 0, 0),
(5000822, '', 1, 'История о Пророках Ибн Касир', '', 'Прочее', 'Прочее', 5200, 0, 20, 5, '', 0, 0),
(5000823, '', 1, 'История о Пророке', '', 'Прочее', 'Прочее', 5100, 2700, 20, 5, '', 0, 0),
(5000824, '', 1, 'Калейдоскоп сердца, Д. Мырзакожа', '', 'Дияс Мырзакожа', 'Дияс Мырзакожа', 1000, 500, 20, 5, '', 0, 0),
(5000825, '', 1, 'Картина "Верующие, работающие над собой ..."Уммастор', '', 'Прочее', 'Прочее', 7700, 3850, 20, 5, '', 0, 0),
(5000826, '', 1, 'Картина "Вы находитесь здесь ..."Уммастор', '', 'Прочее', 'Прочее', 7700, 3850, 20, 5, '', 0, 0),
(5000827, '', 1, 'Картина "Лучшее, что родитель …."Уммастор', '', 'Прочее', 'Прочее', 7700, 3850, 20, 5, '', 0, 0),
(5000828, '', 1, 'Картина "Люди, Вы обязаны иметь цель ..."Уммастор', '', 'Прочее', 'Прочее', 7700, 3850, 20, 5, '', 0, 0),
(5000829, '', 1, 'Картина "Не стоит завидовать …"Уммастор', '', 'Прочее', 'Прочее', 7700, 3850, 20, 5, '', 0, 0),
(5000830, '', 1, 'Картина "Никогда и ни при каких ..."Уммастор', '', 'Прочее', 'Прочее', 7700, 3850, 20, 5, '', 0, 0),
(5000831, '', 1, 'Картина "Пойми, ощути ..."Уммастор', '', 'Прочее', 'Прочее', 7700, 3850, 20, 5, '', 0, 0),
(5000832, '', 1, 'Картина "Поистине Всевышний ..."Уммастор', '', 'Прочее', 'Прочее', 7700, 0, 20, 5, '', 0, 0),
(5000833, '', 1, 'Картина "Разве ты не видишь ..."Уммастор', '', 'Прочее', 'Прочее', 7700, 3850, 20, 5, '', 0, 0),
(5000834, '', 1, 'Картина "Стань лушим в навыках ..."Уммастор', '', 'Прочее', 'Прочее', 7700, 3850, 20, 5, '', 0, 0),
(5000835, '', 1, 'Картина "Твоим детям нужно твоё ..."Уммастор', '', 'Прочее', 'Прочее', 7700, 3850, 20, 5, '', 0, 0),
(5000836, '', 1, 'Картина "Чемпионами становятся …."Уммастор', '', 'Прочее', 'Прочее', 7700, 3850, 20, 5, '', 0, 0),
(5000837, '', 1, 'Коран', '', 'Прочее', 'Прочее', 5000, 0, 20, 5, '', 0, 0),
(5000838, '', 1, 'Коран 20×28', '', 'Прочее', 'Прочее', 7000, 0, 20, 5, '', 0, 0),
(5000839, '', 1, 'Коран араб большой формат', '', 'Прочее', 'Прочее', 9000, 0, 20, 5, '', 0, 0),
(5000840, '', 1, 'Коран арабский из пяти частей', '', 'Прочее', 'Прочее', 3500, 0, 20, 5, '', 0, 0),
(5000841, '', 1, 'Коран радуга', '', 'Прочее', 'Прочее', 11700, 1350, 20, 5, '', 0, 0),
(5000842, '', 1, 'Коран с обложкой, Ш. Аляутдинов. Диля', '', 'Прочее', 'Прочее', 50000, 0, 20, 5, '', 0, 0),
(5000843, '', 1, 'Коран Таджвид', '', 'Прочее', 'Прочее', 5000, 0, 20, 5, '', 0, 0),
(5000844, '', 1, 'Коран Турция', '', 'Прочее', 'Прочее', 7000, 0, 20, 5, '', 0, 0),
(5000845, '', 1, 'Кудси Хадисы', '', 'Прочее', 'Прочее', 2700, 1350, 20, 5, '', 0, 0),
(5000846, '', 1, 'Малайзия Доктор Махазир, Д. Мырзакожа ( красная на русском языке)', '', 'Дияс Мырзакожа', 'Дияс Мырзакожа', 1000, 500, 20, 5, '', 0, 0),
(5000847, '', 1, 'Малайзия Доктор Махазир, Д. Мырзакожа ( синяя на казахском языке)', '', 'Дияс Мырзакожа', 'Дияс Мырзакожа', 1000, 500, 20, 5, '', 0, 0),
(5000848, '', 1, 'Масло Черного Тмина', '', 'Прочее', 'Прочее', 3300, 0, 20, 5, '', 0, 0),
(5000849, '', 1, 'Мисвак паста', '', 'Прочее', 'Прочее', 650, 0, 20, 5, '', 0, 0),
(5000850, '', 1, 'Миск', '', 'Дияс Мырзакожа', 'Дияс Мырзакожа', 9500, 0, 20, 5, '', 0, 0),
(5000851, '', 1, 'Миск черный кристалл', '', 'Дияс Мырзакожа', 'Дияс Мырзакожа', 14500, 0, 20, 5, '', 0, 0),
(5000852, '', 1, 'Мұңайма, Д.Мырзакожа', '', 'Дияс Мырзакожа', 'Дияс Мырзакожа', 1500, 750, 20, 5, '', 0, 0),
(5000853, '', 1, 'Мыло', '', 'Дияс Мырзакожа', 'Дияс Мырзакожа', 900, 450, 20, 5, '', 0, 0),
(5000854, '', 1, 'Наставление верующим', '', 'Прочее', 'Прочее', 6000, 3000, 20, 5, '', 0, 0),
(5000855, '', 1, 'Наставление верующим (черный)', '', 'Прочее', 'Прочее', 2600, 0, 20, 5, '', 0, 0),
(5000856, '', 1, 'Наставление правителям', '', 'Прочее', 'Прочее', 2600, 1300, 20, 5, '', 0, 0),
(5000857, '', 1, 'Не грусти. Аль-Карни', '', 'Прочее', 'Прочее', 3600, 1800, 20, 5, '', 0, 0),
(5000858, '', 1, 'Омега-3, Рыбий жир', '', 'Прочее', 'Прочее', 2050, 0, 20, 5, '', 0, 0),
(5000859, '', 1, 'Омега-3, Рыбий жир (60 капсул)', '', 'Прочее', 'Прочее', 0, 0, 20, 5, '', 0, 0),
(5000860, '', 1, 'Основа супружеской жизни', '', 'Прочее', 'Прочее', 600, 300, 20, 5, '', 0, 0),
(5000861, '', 1, 'Персональный и стратегический менеджмент (химия биология и психология счастья), Д. Мырзакожа', '', 'Дияс Мырзакожа', 'Дияс Мырзакожа', 1500, 750, 20, 5, '', 0, 0),
(5000862, '', 1, 'Праведные халифы 2', '', 'Прочее', 'Прочее', 5300, 0, 20, 5, '', 0, 0),
(5000863, '', 1, 'Праведные халифы 3', '', 'Прочее', 'Прочее', 5300, 0, 20, 5, '', 0, 0),
(5000864, '', 1, 'Праведные халифы 4', '', 'Прочее', 'Прочее', 5800, 0, 20, 5, '', 0, 0),
(5000865, '', 1, 'Рыбий жир', '', 'Прочее', 'Прочее', 2700, 0, 20, 5, '', 0, 0),
(5000866, '', 1, 'Сады праведных ', '', 'Прочее', 'Прочее', 3800, 0, 20, 5, '', 0, 0),
(5000867, '', 1, 'Священный Коран Д. Мырзакожа', '', 'Дияс Мырзакожа', 'Дияс Мырзакожа', 19500, 9750, 20, 5, '', 0, 0),
(5000868, '', 1, 'Смелость терпения, Д. Мырзакожа', '', 'Дияс Мырзакожа', 'Дияс Мырзакожа', 1500, 750, 20, 5, '', 0, 0),
(5000869, '', 1, 'Современные методы исследования, Д. Мырзакожа', '', 'Дияс Мырзакожа', 'Дияс Мырзакожа', 1000, 0, 20, 5, '', 0, 0),
(5000870, '', 1, 'Юрта-Конструктор, NOMAD Уммастор', '', 'Прочее', 'Прочее', 6500, 3250, 20, 5, '', 0, 0),
(5000871, '', 1, 'Тәжуид ережелеріне сай Құран оқуды үйрететін жаңа муаллим сәни', '', 'Прочее', 'Прочее', 2200, 1100, 20, 5, '', 0, 0),
(5000872, '', 1, 'История пророков для юных читателей ', '', 'Прочее', 'Прочее', 4600, 0, 20, 5, '', 0, 0),
(5000873, '', 1, 'Мой первый Коран', '', 'Прочее', 'Прочее', 5700, 0, 20, 5, '', 0, 0),
(5000874, '', 1, 'Коранические истории 1т', '', 'Прочее', 'Прочее', 1600, 0, 20, 5, '', 0, 0),
(5000875, '', 1, 'Менің алғашғы сағатым', '', 'Прочее', 'Прочее', 800, 400, 20, 5, '', 0, 0),
(5000876, '', 1, 'Коран с кожаной обложкой', '', 'Прочее', 'Прочее', 3100, 307, 20, 5, '', 0, 0),
(5000877, '', 1, 'Құран арабша транскрипциясы және қазақша аудармасы Сауле кажы', '', 'Прочее', 'Прочее', 9700, 4700, 20, 5, '', 0, 0),
(5000878, '', 1, 'Мсульманка. Особое благословение', '', 'Прочее', 'Прочее', 5000, 2500, 20, 5, '', 0, 0),
(5000879, '', 1, 'Қасиетті Құран қазақша аудармасы Сабит', '', 'Прочее', 'Прочее', 6000, 3000, 20, 5, '', 0, 0),
(5000880, '', 1, 'Пророческие истории. Пророки', '', 'Прочее', 'Прочее', 760, 0, 20, 5, '', 0, 0),
(5000881, '', 1, 'Пророческие истории. Пророк Мухаммад c.а.у.', '', 'Прочее', 'Прочее', 1220, 0, 20, 5, '', 0, 0),
(5000882, '', 1, 'Истории пророков карта', '', 'Прочее', 'Прочее', 3800, 0, 20, 5, '', 0, 0),
(5000883, '', 1, '365 дней с друзьями Пророка', '', 'Прочее', 'Прочее', 9000, 4500, 20, 5, '', 0, 0),
(5000884, '', 1, 'Мои друзья из Корана', '', 'Прочее', 'Прочее', 7700, 3850, 20, 5, '', 0, 0),
(5000885, '', 1, 'Исследование сокровенных тайн сердец', '', 'Прочее', 'Прочее', 2900, 0, 20, 5, '', 0, 0),
(5000886, '', 1, 'Міне сандар', '', 'Прочее', 'Прочее', 1400, 700, 20, 5, '', 0, 0),
(5000887, '', 1, 'Сокровенные тайны сердец Аль-Газали', '', 'Прочее', 'Прочее', 2610, 0, 20, 5, '', 0, 0),
(5000888, '', 1, 'Адамзаттың асыл тәжі, Д. Өмірзақ қызы Ибрагим. Алтын қалам', '', 'Прочее', 'Прочее', 2200, 1050, 20, 5, '', 0, 0),
(5000889, '', 1, 'Духи "Радуга"', '', '', '', 7600, 3800, 20, 5, '', 0, 0),
(5000890, '', 1, 'Кеш қалма', '', 'Прочее', 'Прочее', 2000, 0, 20, 5, '', 0, 0),
(5000891, '', 1, 'Эл.Жайнамаз (красный)', '', 'Эл.жайнамаз', 'Эл.жайнамаз', 7795, 0, 22, 5, '', 0, 0),
(5000892, '', 1, 'Эл.Жайнамаз (синий)', '', 'Эл.жайнамаз', 'Эл.жайнамаз', 7795, 0, 22, 5, '', 0, 0),
(5000893, '', 1, 'Эл.Жайнамаз (зеленый)', '', 'Эл.жайнамаз', 'Эл.жайнамаз', 7795, 0, 22, 5, '', 0, 0),
(5000894, '', 1, 'Эл.Жайнамаз (коричневый)', '', 'Эл.жайнамаз', 'Эл.жайнамаз', 7795, 0, 22, 5, '', 0, 0),
(5000895, '', 1, 'Эл.Жайнамаз (розовый)', '', 'Эл.жайнамаз', 'Эл.жайнамаз', 7795, 0, 22, 5, '', 0, 0),
(5000896, '', 1, '… Болыпты', '', 'Детские книги', 'Аруна', 1480, 820, 21, 5, '', 0, 0),
(5000897, '', 1, '6 сказок для любимых глазок', '', 'Детские книги', 'Аруна', 1125, 625, 21, 5, '', 0, 0),
(5000898, '', 1, 'Funny animals', '', 'Детские книги', 'Аруна', 705, 390, 21, 5, '', 0, 0),
(5000899, '', 1, 'Simple English', '', 'Детские книги', 'Аруна', 650, 360, 21, 5, '', 0, 0),
(5000900, '', 1, 'Айлакер қоян', '', 'Детские книги', 'Аруна', 300, 165, 21, 5, '', 0, 0),
(5000901, '', 1, 'Айнытпай сал', '', 'Детские книги', 'Аруна', 540, 300, 21, 5, '', 0, 0),
(5000902, '', 1, 'Алаяқ түлкінің көмегі (Помощь хитрой лисы. Книга с выдвигающимися и вращающимися элементами)', '', 'Детские книги', 'Аруна', 3240, 1800, 21, 5, '', 0, 0),
(5000903, '', 1, 'Алтын сақа', '', 'Детские книги', 'Аруна', 1665, 925, 21, 5, '', 0, 0),
(5000904, '', 1, 'Ана әлдиі', '', 'Детские книги', 'Аруна', 540, 300, 21, 5, '', 0, 0),
(5000905, '', 1, 'Анель - Лаура', '', 'Детские книги', 'Аруна', 670, 370, 21, 5, '', 0, 0),
(5000906, '', 1, 'Ата мұра', '', 'Детские книги', 'Аруна', 1665, 925, 21, 5, '', 0, 0),
(5000907, '', 1, 'Ата-баба мұрасы', '', 'Детские книги', 'Аруна', 875, 485, 21, 5, '', 0, 0),
(5000908, '', 1, 'Ауыл күні көңілді (Веселый день в ауле)', '', 'Детские книги', 'Аруна', 965, 535, 21, 5, '', 0, 0),
(5000909, '', 1, 'Аюлар қаласы', '', 'Детские книги', 'Аруна', 4230, 2350, 21, 5, '', 0, 0),
(5000910, '', 1, 'Бақа (Лягушка)', '', 'Детские книги', 'Аруна', 435, 240, 21, 5, '', 0, 0),
(5000911, '', 1, 'Бала, бала, баламыз', '', 'Детские книги', 'Аруна', 540, 300, 21, 5, '', 0, 0),
(5000912, '', 1, 'Батыры-богатыри', '', 'Детские книги', 'Аруна', 1665, 925, 21, 5, '', 0, 0),
(5000913, '', 1, 'Бәрін, бәрін білемін', '', 'Детские книги', 'Аруна', 540, 300, 21, 5, '', 0, 0),
(5000914, '', 1, 'Би кеші (Вечер танцев).', '', 'Детские книги', 'Аруна', 335, 185, 21, 5, '', 0, 0),
(5000915, '', 1, 'Болашақ сәнгерлер (Будущие модельеры). ', '', 'Детские книги', 'Аруна', 1075, 595, 21, 5, '', 0, 0),
(5000916, '', 1, 'Бутстың туған күні (День рождения Бутса)', '', 'Детские книги', 'Аруна', 505, 280, 21, 5, '', 0, 0),
(5000917, '', 1, 'Бұлбұл мен тоқылдақ', '', 'Детские книги', 'Аруна', 330, 165, 21, 5, '', 0, 0),
(5000918, '', 1, 'В мире сказок', '', 'Детские книги', 'Аруна', 4230, 2350, 21, 5, '', 0, 0),
(5000919, '', 1, 'Веселая отвечалка', '', 'Детские книги', 'Аруна', 650, 360, 21, 5, '', 0, 0),
(5000920, '', 1, 'Город медвежат', '', 'Детские книги', 'Аруна', 4230, 2350, 21, 5, '', 0, 0),
(5000921, '', 1, 'Дараның жазғы саяхаты. Боямақ (Летнее путешествие Дары. Раскраска)', '', 'Детские книги', 'Аруна', 405, 225, 21, 5, '', 0, 0),
(5000922, '', 1, 'Дараның жолдорбасы (Рюкзак Дары). ', '', 'Детские книги', 'Аруна', 335, 185, 21, 5, '', 0, 0),
(5000923, '', 1, 'Дараның көктемгі саяхаты. Боямақ (Весеннее путешествие Дары. Раскраска)', '', 'Детские книги', 'Аруна', 405, 225, 21, 5, '', 0, 0),
(5000924, '', 1, 'Дараның қысқы саяхаты. Боямақ (Зимнее путешествие Дары. Раскраска)', '', 'Детские книги', 'Аруна', 405, 225, 21, 5, '', 0, 0),
(5000925, '', 1, 'Джунгли', '', 'Детские книги', 'Аруна', 2070, 1150, 21, 5, '', 0, 0),
(5000926, '', 1, 'Диана - Сара', '', 'Детские книги', 'Аруна', 670, 370, 21, 5, '', 0, 0),
(5000927, '', 1, 'Динозаврлар (Динозавры)', '', 'Детские книги', 'Аруна', 965, 535, 21, 5, '', 0, 0),
(5000928, '', 1, 'Ең әдемі ертегілер. Х.К.Андерсон', '', 'Детские книги', 'Аруна', 1615, 895, 21, 5, '', 0, 0),
(5000929, '', 1, 'Ең қымбат нәрсе', '', 'Детские книги', 'Аруна', 1525, 845, 21, 5, '', 0, 0),
(5000930, '', 1, 'Ертегілер әлемінде', '', 'Детские книги', 'Аруна', 4230, 2350, 21, 5, '', 0, 0),
(5000931, '', 1, 'Әріптермен Танысу (Знакомство с буквами)', '', 'Детские книги', 'Аруна', 505, 280, 21, 5, '', 0, 0),
(5000932, '', 1, 'Әуесқой марғау (Любопытный котенок)', '', 'Детские книги', 'Аруна', 2430, 1350, 21, 5, '', 0, 0),
(5000933, '', 1, 'Жазда апамның аулында', '', 'Детские книги', 'Аруна', 245, 135, 21, 5, '', 0, 0),
(5000934, '', 1, 'Жан-жануарлар әлемі (Мир животных)', '', 'Детские книги', 'Аруна', 875, 485, 21, 5, '', 0, 0),
(5000935, '', 1, 'Жануарлар туралы ертегілер', '', 'Детские книги', 'Аруна', 1665, 925, 21, 5, '', 0, 0),
(5000936, '', 1, 'Жануарлардың жұмбақ әлемі» (Загадочный мир животных) ', '', 'Детские книги', 'Аруна', 390, 215, 21, 5, '', 0, 0),
(5000937, '', 1, 'Жануарлар-спортшылар', '', 'Детские книги', 'Аруна', 540, 300, 21, 5, '', 0, 0),
(5000938, '', 1, 'Жер шары (Увеличение)', '', 'Детские книги', 'Аруна', 2070, 1150, 21, 5, '', 0, 0),
(5000939, '', 1, 'Жить поживать - добра наживать', '', 'Детские книги', 'Аруна', 1665, 925, 21, 5, '', 0, 0),
(5000940, '', 1, 'Жыл мезгілдері', '', 'Детские книги', 'Аруна', 540, 300, 21, 5, '', 0, 0),
(5000941, '', 1, 'Знакомство с цифрами', '', 'Детские книги', 'Аруна', 750, 415, 21, 5, '', 0, 0),
(5000942, '', 1, 'Кинотеатр. Әңгімелер жинағы және бейнепроектор (Сборник рассказов и видеопроектор)', '', 'Детские книги', 'Аруна', 4860, 2700, 21, 5, '', 0, 0),
(5000943, '', 1, 'Кішкентай Альфия және оның достары (Маленькая Альфия и ее друзья). ', '', 'Детские книги', 'Аруна', 705, 390, 21, 5, '', 0, 0),
(5000944, '', 1, 'Кішкентай маймыл (Маленькая обезьяна)', '', 'Детские книги', 'Аруна', 2430, 1350, 21, 5, '', 0, 0),
(5000945, '', 1, 'Кішкентай сәнқойлар (Маленькие модницы)', '', 'Детские книги', 'Аруна', 1075, 595, 21, 5, '', 0, 0),
(5000946, '', 1, 'Клеточки и точки', '', 'Детские книги', 'Аруна', 750, 415, 21, 5, '', 0, 0),
(5000947, '', 1, 'Көбейту кестесі (Таблица умножения) ', '', 'Детские книги', 'Аруна', 280, 155, 21, 5, '', 0, 0),
(5000948, '', 1, 'Көлік түрлері ', '', 'Детские книги', 'Аруна', 4230, 2350, 21, 5, '', 0, 0),
(5000949, '', 1, 'Көңілді жауапқұмар', '', 'Детские книги', 'Аруна', 650, 360, 21, 5, '', 0, 0),
(5000950, '', 1, 'Көпшілміз ғой өзіміз, жан-жануар досымыз', '', 'Детские книги', 'Аруна', 540, 300, 21, 5, '', 0, 0),
(5000951, '', 1, 'Көркем түстер', '', 'Детские книги', 'Аруна', 670, 370, 21, 5, '', 0, 0),
(5000952, '', 1, 'Күн, ай және әтеш', '', 'Детские книги', 'Аруна', 330, 165, 21, 5, '', 0, 0),
(5000953, '', 1, 'Қазақ тілі 5+. Самоучитель', '', 'Детские книги', 'Аруна', 1080, 600, 21, 5, '', 0, 0),
(5000954, '', 1, 'Қоян мен кірпі (Заяц и еж)', '', 'Детские книги', 'Аруна', 415, 230, 21, 5, '', 0, 0),
(5000955, '', 1, 'Қызыл қоңыз (Божья коровка)', '', 'Детские книги', 'Аруна', 2430, 1350, 21, 5, '', 0, 0),
(5000956, '', 1, 'Қызыл телпек (Красная шапочка)', '', 'Детские книги', 'Аруна', 2430, 1350, 21, 5, '', 0, 0),
(5000957, '', 1, 'Лилия ханшайым және оның достары (Принцесса Лилия и ее друзья).', '', 'Детские книги', 'Аруна', 705, 390, 21, 5, '', 0, 0),
(5000958, '', 1, 'Лиса, чабан и медведь', '', 'Детские книги', 'Аруна', 330, 165, 21, 5, '', 0, 0),
(5000959, '', 1, 'Лола - Айя', '', 'Детские книги', 'Аруна', 670, 370, 21, 5, '', 0, 0),
(5000960, '', 1, 'Мен бақытты баламын', '', 'Детские книги', 'Аруна', 245, 135, 21, 5, '', 0, 0),
(5000961, '', 1, 'Менің жеке күнделігім (Мой личный дневник)', '', 'Детские книги', 'Аруна', 1165, 645, 21, 5, '', 0, 0),
(5000962, '', 1, 'Менің Отаным (Моя Родина)', '', 'Детские книги', 'Аруна', 875, 485, 21, 5, '', 0, 0),
(5000963, '', 1, 'Морские пираты', '', 'Детские книги', 'Аруна', 4230, 2350, 21, 5, '', 0, 0),
(5000964, '', 1, 'Ойлы ойындар. Книга Активити', '', 'Детские книги', 'Аруна', 405, 225, 21, 5, '', 0, 0),
(5000965, '', 1, 'Отыншының кенже қызы (Младшая дочь дровосека)', '', 'Детские книги', 'Аруна', 415, 230, 21, 5, '', 0, 0),
(5000966, '', 1, 'Перінің сыйы (Подарок феи)', '', 'Детские книги', 'Аруна', 415, 230, 21, 5, '', 0, 0),
(5000967, '', 1, 'Піл (Слон)', '', 'Детские книги', 'Аруна', 435, 240, 21, 5, '', 0, 0),
(5000968, '', 1, 'Пішіндер әлемінде', '', 'Детские книги', 'Аруна', 670, 370, 21, 5, '', 0, 0),
(5000969, '', 1, 'Почемучкины сказки ', '', 'Детские книги', 'Аруна', 1125, 625, 21, 5, '', 0, 0),
(5000970, '', 1, 'Рапунцель', '', 'Детские книги', 'Аруна', 390, 215, 21, 5, '', 0, 0),
(5000971, '', 1, 'Рикки Тикки Тави және басқа ертегілер, Р. Киплинг', '', 'Детские книги', 'Аруна', 1615, 895, 21, 5, '', 0, 0),
(5000972, '', 1, 'Рикки Тикки Тави и другие сказки, Р. Киплинг', '', 'Детские книги', 'Аруна', 1615, 895, 21, 5, '', 0, 0),
(5000973, '', 1, 'Самоучитель English 4+', '', 'Детские книги', 'Аруна', 1075, 595, 21, 5, '', 0, 0),
(5000974, '', 1, 'Самые красивые сказки. Х.К.Андерсон', '', 'Детские книги', 'Аруна', 1615, 895, 21, 5, '', 0, 0),
(5000975, '', 1, 'Сандармен танысайық', '', 'Детские книги', 'Аруна', 750, 415, 21, 5, '', 0, 0),
(5000976, '', 1, 'Сауық кеші. Музыкалық ойнатқыш (Веселая вечеринка. Книга с муз.проигрывателем)', '', 'Детские книги', 'Аруна', 5760, 3200, 21, 5, '', 0, 0),
(5000977, '', 1, 'Сиқырлы сандар', '', 'Детские книги', 'Аруна', 670, 370, 21, 5, '', 0, 0),
(5000978, '', 1, 'Сказка-подсказка', '', 'Детские книги', 'Аруна', 540, 300, 21, 5, '', 0, 0),
(5000979, '', 1, 'Суретті жазу  (цв)', '', 'Детские книги', 'Аруна', 480, 265, 21, 5, '', 0, 0),
(5000980, '', 1, 'Сүйкімді су перісі және оның достары (Красивая русалка и ее друзья). ', '', 'Детские книги', 'Аруна', 705, 390, 21, 5, '', 0, 0),
(5000981, '', 1, 'Сүйкімді сұлулар (Милые красавицы)', '', 'Детские книги', 'Аруна', 1075, 595, 21, 5, '', 0, 0),
(5000982, '', 1, 'Сұлулыққа құштарлық (Поклонницам красоты)', '', 'Детские книги', 'Аруна', 1075, 595, 21, 5, '', 0, 0),
(5000983, '', 1, 'Тапсырмалы боямақ', '', 'Детские книги', 'Аруна', 245, 135, 21, 5, '', 0, 0),
(5000984, '', 1, 'Теңіз асты ғажайыптары (Волшебство подводного мира) ', '', 'Детские книги', 'Аруна', 965, 535, 21, 5, '', 0, 0),
(5000985, '', 1, 'Теңіз әлемі (Океан)', '', 'Детские книги', 'Аруна', 2070, 1150, 21, 5, '', 0, 0),
(5000986, '', 1, 'Теңіз жанурлары (Подводный мир)', '', 'Детские книги', 'Аруна', 460, 255, 21, 5, '', 0, 0),
(5000987, '', 1, 'Теңіз қарақшылары ', '', 'Детские книги', 'Аруна', 4230, 2350, 21, 5, '', 0, 0),
(5000988, '', 1, 'Техникамен таныс (Знакомство с техникой)', '', 'Детские книги', 'Аруна', 425, 235, 21, 5, '', 0, 0),
(5000989, '', 1, 'Торкөздер мен нүктелер', '', 'Детские книги', 'Аруна', 750, 415, 21, 5, '', 0, 0),
(5000990, '', 1, 'Тосын сый', '', 'Детские книги', 'Аруна', 335, 185, 21, 5, '', 0, 0),
(5000991, '', 1, 'Транспорт', '', 'Детские книги', 'Аруна', 4230, 2350, 21, 5, '', 0, 0),
(5000992, '', 1, 'Түс жору (мұсылманша) Сонник', '', 'Детские книги', 'Аруна', 810, 450, 21, 5, '', 0, 0),
(5000993, '', 1, 'Тылсымға толы тіршілік', '', 'Детские книги', 'Аруна', 390, 215, 21, 5, '', 0, 0),
(5000994, '', 1, 'Учимся говорить по-казахски (160 слов и выражений.)', '', 'Детские книги', 'Аруна', 900, 500, 21, 5, '', 0, 0),
(5000995, '', 1, 'Үйретуші құрал English 4+', '', 'Детские книги', 'Аруна', 1075, 595, 21, 5, '', 0, 0),
(5000996, '', 1, 'Үйшік', '', 'Детские книги', 'Аруна', 330, 1250, 21, 5, '', 0, 0),
(5000997, '', 1, 'Үсқынсыз үйрек (Гадкий утенок)', '', 'Детские книги', 'Аруна', 2430, 1350, 21, 5, '', 0, 0),
(5000998, '', 1, 'Үш аю', '', 'Детские книги', 'Аруна', 330, 165, 21, 5, '', 0, 0),
(5000999, '', 1, 'Ұйқыға дайындық', '', 'Детские книги', 'Аруна', 335, 185, 21, 5, '', 0, 0),
(5001000, '', 1, 'Хайуаннаттар бағында (Зоопарк )', '', 'Детские книги', 'Аруна', 460, 255, 21, 5, '', 0, 0),
(5001001, '', 1, 'Халиф қалай ләйлекке айналды (Как Халиф превратился в Аиста)', '', 'Детские книги', 'Аруна', 415, 230, 21, 5, '', 0, 0),
(5001002, '', 1, 'Шынашақ (Мальчик с пальчик)', '', 'Детские книги', 'Аруна', 390, 215, 21, 5, '', 0, 0),
(5001003, '', 1, 'Шыны құтыдағы жын (Джин из стеклянной бутылки)', '', 'Детские книги', 'Аруна', 415, 230, 21, 5, '', 0, 0),
(5001004, '', 0, '', '', '', '', 0, 0, 0, 0, '', 0, 0),
(5001005, '978-5-000-57-080-7', 1, 'Как писать так, чтобы вам доверяли, К. Роуман. МИФ', '', NULL, NULL, 4935, 2468, 19, 5, NULL, 0, 0),
(5001006, '978-5-699-63074-5', 1, 'Правила развития мозга вашего ребенка, Дж. Медина. Эксмо', '', NULL, NULL, 2500, 1249, 19, 5, NULL, 0, 0);

-- --------------------------------------------------------

--
-- Структура таблицы `history`
--
-- Создание: Сен 22 2016 г., 23:16
--

CREATE TABLE IF NOT EXISTS `history` (
  `history_id` int(30) NOT NULL AUTO_INCREMENT,
  `emp_id` int(30) NOT NULL,
  `comp_id` int(11) NOT NULL,
  `history_date` datetime NOT NULL,
  `history_text` text NOT NULL,
  `history_type` varchar(100) NOT NULL,
  PRIMARY KEY (`history_id`)
) ENGINE=InnoDB  DEFAULT CHARSET=utf8 AUTO_INCREMENT=971 ;

--
-- Дамп данных таблицы `history`
--

INSERT INTO `history` (`history_id`, `emp_id`, `comp_id`, `history_date`, `history_text`, `history_type`) VALUES
(1, 1, 5, '2016-09-21 14:51:43', ' Пользователь зашел в веб-сайт ', 'Вход'),
(2, 1, 5, '2016-09-21 14:52:27', ' Пользователь зашел в веб-сайт ', 'Вход'),
(3, 1, 5, '2016-09-21 14:53:55', 'Оприходавано 5 штук товара "Массмедиа (большая), Ш. Аляутдинов. Диля" на склад "Магазин Алматы"', 'Оприходование'),
(4, 1, 5, '2016-09-21 14:56:09', 'Оприходавано 1 штук товара "PRO власть.Мастер игры(белая), Р. Грин. Рипол" на склад "Магазин Алматы"', 'Оприходование'),
(5, 1, 5, '2016-09-21 14:56:39', 'Оприходавано 3 штук товара "Семь навыков высокоэффективных людей. Мощные инструменты развития личности (суперобложка), С.Кови. АСТ" на склад "Магазин Алматы"', 'Оприходование'),
(6, 1, 5, '2016-09-21 14:57:00', 'Оприходавано 2 штук товара "Семь навыков высокоэффективных людей. Мощные инструменты развития личности (Обложка с клапанами, Юбилейное издание)" на склад "Магазин Алматы"', 'Оприходование'),
(7, 1, 5, '2016-09-21 14:57:28', 'Удалена операция типа: ''Оприходование'' сотрудником ''Жиенбаев Саннат Алексеевич''. Информация об удаленной операции: товар ''Семь навыков высокоэффективных людей. Мощные инструменты развития личности (суперобложка), С.Кови. АСТ'', сотрудник ''Жиенбаев Саннат Алексеевич'', магазин ''Магазин Алматы'', количество ''3'', дата ''21/09/2016  14:57:15''.', 'Удаление операции'),
(8, 1, 5, '2016-09-21 14:58:13', 'Оприходавано 3 штук товара "Семь навыков высокоэффективных людей. Мощные инструменты развития личности (суперобложка), С.Кови. АСТ" на склад "Магазин Алматы"', 'Оприходование'),
(9, 1, 5, '2016-09-21 15:01:10', 'Продано 1 штук товара "12 принципов лидерского превосходства, Б. Трейси. Попурри" в магазине "Магазин Алматы"', 'Продажа'),
(10, 1, 5, '2016-09-21 15:02:18', 'Удалена операция типа: ''Продажа'' сотрудником ''Жиенбаев Саннат Алексеевич''. Информация об удаленной операции: товар ''12 принципов лидерского превосходства, Б. Трейси. Попурри'', сотрудник ''Жиенбаев Саннат Алексеевич'', магазин ''Магазин Алматы'', клиент ''[Не известно]'', цена ''1500'', количество ''1'', скидка ''0%'', бонус ''0%'', дата ''21/09/2016  15:02:04''.', 'Удаление операции'),
(11, 1, 5, '2016-09-21 15:06:26', 'Перемещено 1 штук товара "12 принципов лидерского превосходства, Б. Трейси. Попурри" со склада "Магазин Алматы" на склад "Интернет магазин склад\r\n"', 'Перемещение'),
(12, 1, 5, '2016-09-21 15:06:43', 'Продано 1 штук товара "12 принципов лидерского превосходства, Б. Трейси. Попурри" в магазине "Интернет магазин склад\r\n"', 'Продажа'),
(13, 1, 5, '2016-09-21 15:10:00', 'Перемещено 1 штук товара "15 законов роста, Дж. Максвелл. Попурри" со склада "Магазин Алматы" на склад "Интернет магазин склад\r\n"', 'Перемещение'),
(14, 1, 5, '2016-09-21 15:14:08', 'Перемещено 1 штук товара "12 принципов лидерского превосходства, Б. Трейси. Попурри" со склада "Магазин Алматы" на склад "Интернет магазин"', 'Перемещение'),
(15, 1, 5, '2016-09-21 15:15:07', 'Перемещено 1 штук товара "12 принципов лидерского превосходства, Б. Трейси. Попурри" со склада "Интернет магазин" на склад "Интернет магазин склад\r\n"', 'Перемещение'),
(16, 1, 5, '2016-09-21 15:38:49', ' Пользователь зашел в веб-сайт ', 'Вход'),
(17, 7, 5, '2016-09-21 16:07:32', 'Продано 1 штук товара "12 принципов лидерского превосходства, Б. Трейси. Попурри" в магазине "Магазин Алматы"', 'Продажа'),
(18, 7, 5, '2016-09-21 16:16:54', 'Удалена операция типа: ''Продажа'' сотрудником ''Рахымбергенов Аманкос Канатович''. Информация об удаленной операции: товар ''12 принципов лидерского превосходства, Б. Трейси. Попурри'', сотрудник ''Рахымбергенов Аманкос Канатович'', магазин ''Магазин Алматы'', клиент ''[Не известно]'', цена ''1500'', количество ''1'', скидка ''0%'', бонус ''0%'', дата ''21/09/2016  16:07:32''.', 'Удаление операции'),
(19, 1, 5, '2016-09-21 16:20:46', ' Пользователь зашел в веб-сайт ', 'Вход'),
(20, 1, 5, '2016-09-21 16:22:47', 'Удалена операция типа: ''Перемещение'' сотрудником ''Жиенбаев Саннат Алексеевич''. Информация об удаленной операции: товар ''12 принципов лидерского превосходства, Б. Трейси. Попурри'', сотрудник ''Жиенбаев Саннат Алексеевич'', магазин ''Магазин Алматы'', куда(магазин) ''Интернет магазин склад\r\n'', количество ''1'', дата ''21/09/2016  15:06:26''.', 'Удаление операции'),
(21, 1, 5, '2016-09-21 16:23:14', 'Удалена операция типа: ''Продажа'' сотрудником ''Жиенбаев Саннат Алексеевич''. Информация об удаленной операции: товар ''12 принципов лидерского превосходства, Б. Трейси. Попурри'', сотрудник ''Жиенбаев Саннат Алексеевич'', магазин ''Интернет магазин склад\r\n'', клиент ''[Не известно]'', цена ''1500'', количество ''1'', скидка ''0%'', бонус ''0%'', дата ''21/09/2016  15:06:43''.', 'Удаление операции'),
(22, 1, 5, '2016-09-21 16:23:55', 'Удалена операция типа: ''Перемещение'' сотрудником ''Жиенбаев Саннат Алексеевич''. Информация об удаленной операции: товар ''12 принципов лидерского превосходства, Б. Трейси. Попурри'', сотрудник ''Жиенбаев Саннат Алексеевич'', магазин ''Интернет магазин'', куда(магазин) ''Интернет магазин склад\r\n'', количество ''1'', дата ''21/09/2016  15:15:07''.', 'Удаление операции'),
(23, 1, 5, '2016-09-21 16:24:27', 'Удалена операция типа: ''Перемещение'' сотрудником ''Жиенбаев Саннат Алексеевич''. Информация об удаленной операции: товар ''12 принципов лидерского превосходства, Б. Трейси. Попурри'', сотрудник ''Жиенбаев Саннат Алексеевич'', магазин ''Магазин Алматы'', куда(магазин) ''Интернет магазин'', количество ''1'', дата ''21/09/2016  15:14:08''.', 'Удаление операции'),
(24, 1, 5, '2016-09-21 16:24:52', 'Удалена операция типа: ''Перемещение'' сотрудником ''Жиенбаев Саннат Алексеевич''. Информация об удаленной операции: товар ''15 законов роста, Дж. Максвелл. Попурри'', сотрудник ''Жиенбаев Саннат Алексеевич'', магазин ''Магазин Алматы'', куда(магазин) ''Интернет магазин склад\r\n'', количество ''1'', дата ''21/09/2016  15:10:00''.', 'Удаление операции'),
(25, 1, 5, '2016-09-21 16:41:06', 'Перемещено 1 штук товара "12 принципов лидерского превосходства, Б. Трейси. Попурри" со склада "Магазин Алматы" на склад "Интернет магазин"', 'Перемещение'),
(26, 1, 5, '2016-09-21 16:42:20', 'Перемещено 1 штук товара "12 принципов лидерского превосходства, Б. Трейси. Попурри" со склада "Интернет магазин" на склад "Интернет магазин склад\r\n"', 'Перемещение'),
(27, 1, 5, '2016-09-22 09:45:55', ' Пользователь зашел в веб-сайт ', 'Вход'),
(28, 1, 5, '2016-09-22 09:46:03', ' Пользователь зашел в веб-сайт ', 'Вход'),
(29, 1, 5, '2016-09-22 09:46:07', ' Пользователь вышел с веб-сайта ', 'Выход'),
(30, 1, 5, '2016-09-22 09:46:09', ' Пользователь зашел в веб-сайт ', 'Вход'),
(31, 12, 5, '2016-09-22 09:47:15', ' Пользователь зашел в веб-сайт ', 'Вход'),
(32, 12, 5, '2016-09-22 09:49:58', ' Пользователь зашел в веб-сайт ', 'Вход'),
(33, 12, 5, '2016-09-22 09:50:43', 'Перемещено 1 штук товара "12 принципов лидерского превосходства, Б. Трейси. Попурри" со склада "Магазин Алматы" на склад "Интернет магазин"', 'Перемещение'),
(34, 12, 5, '2016-09-22 09:52:33', 'Перемещено 1 штук товара "12 принципов лидерского превосходства, Б. Трейси. Попурри" со склада "Интернет магазин" на склад "Интернет магазин склад\r\n"', 'Перемещение'),
(35, 1, 5, '2016-09-22 10:04:43', ' Пользователь зашел в веб-сайт ', 'Вход'),
(36, 1, 5, '2016-09-22 11:21:54', ' Пользователь зашел в веб-сайт ', 'Вход'),
(37, 1, 5, '2016-09-22 11:23:04', 'Удалена операция типа: ''Перемещение'' сотрудником ''Жиенбаев Саннат Алексеевич''. Информация об удаленной операции: товар ''12 принципов лидерского превосходства, Б. Трейси. Попурри'', сотрудник ''Жадыра Сейткарим '', магазин ''Интернет магазин'', куда(магазин) ''Интернет магазин склад\r\n'', количество ''1'', дата ''22/09/2016  09:52:33''.', 'Удаление операции'),
(38, 1, 5, '2016-09-22 11:23:10', 'Удалена операция типа: ''Перемещение'' сотрудником ''Жиенбаев Саннат Алексеевич''. Информация об удаленной операции: товар ''12 принципов лидерского превосходства, Б. Трейси. Попурри'', сотрудник ''Жадыра Сейткарим '', магазин ''Магазин Алматы'', куда(магазин) ''Интернет магазин'', количество ''1'', дата ''22/09/2016  09:50:43''.', 'Удаление операции'),
(39, 1, 5, '2016-09-22 11:23:57', 'Удалена операция типа: ''Перемещение'' сотрудником ''Жиенбаев Саннат Алексеевич''. Информация об удаленной операции: товар ''12 принципов лидерского превосходства, Б. Трейси. Попурри'', сотрудник ''Жиенбаев Саннат Алексеевич'', магазин ''Магазин Алматы'', куда(магазин) ''Интернет магазин'', количество ''1'', дата ''21/09/2016  16:41:06''.', 'Удаление операции'),
(40, 1, 5, '2016-09-22 11:24:06', 'Удалена операция типа: ''Перемещение'' сотрудником ''Жиенбаев Саннат Алексеевич''. Информация об удаленной операции: товар ''12 принципов лидерского превосходства, Б. Трейси. Попурри'', сотрудник ''Жиенбаев Саннат Алексеевич'', магазин ''Интернет магазин'', куда(магазин) ''Интернет магазин склад\r\n'', количество ''1'', дата ''21/09/2016  16:42:20''.', 'Удаление операции'),
(41, 1, 5, '2016-09-22 11:38:00', 'Произведен приток на кассу "Магазин Алматы" с комментарием "" в размере 79412 тг ', 'Приток на кассу'),
(42, 1, 5, '2016-09-22 11:38:26', 'Продано 1 штук товара "Мастер игры (Стратегия успеха красная мг), Р. Грин. Рипол" в магазине "Магазин Алматы"', 'Продажа'),
(43, 1, 5, '2016-09-22 11:40:14', 'Продано 1 штук товара "Почему мы хотим, чтобы вы были богатыми, Р. Кийосаки. Попурри" в магазине "Магазин Алматы"', 'Продажа'),
(44, 1, 5, '2016-09-22 11:42:19', 'Продано 1 штук товара "Как увидеть Рай, Ш. Аляутдинов. Диля" в магазине "Магазин Алматы"', 'Продажа'),
(45, 1, 5, '2016-09-22 11:45:01', 'Произведен приток на кассу "Магазин Алматы" с комментарием "" в размере 0.8 тг ', 'Приток на кассу'),
(46, 7, 5, '2016-09-22 11:45:52', 'Произведен приток на кассу "Магазин Алматы" с комментарием "" в размере 0.8 тг ', 'Приток на кассу'),
(47, 1, 5, '2016-09-22 11:45:57', 'Произведен отток на кассу "Магазин Алматы" с комментарием "" в размере 60000 тг ', 'Отток на кассу'),
(48, 1, 5, '2016-09-22 11:46:59', 'Удалена операция типа: ''Не известно'' сотрудником ''Жиенбаев Саннат Алексеевич''. Информация об удаленной операции: товар '''', сотрудник ''Жиенбаев Саннат Алексеевич'', магазин ''Магазин Алматы'', дата ''22/09/2016  11:45:01''.', 'Удаление операции'),
(49, 7, 5, '2016-09-22 11:47:06', 'Удалена операция типа: ''Не известно'' сотрудником ''Рахымбергенов Аманкос Канатович''. Информация об удаленной операции: товар '''', сотрудник ''Рахымбергенов Аманкос Канатович'', магазин ''Магазин Алматы'', дата ''22/09/2016  11:45:52''.', 'Удаление операции'),
(50, 7, 5, '2016-09-22 11:47:38', 'Произведен приток на кассу "Магазин Алматы" с комментарием "" в размере 0.5 тг ', 'Приток на кассу'),
(51, 1, 5, '2016-09-22 11:47:38', 'Произведен приток на кассу "Магазин Алматы" с комментарием "" в размере 0.8 тг ', 'Приток на кассу'),
(52, 7, 5, '2016-09-22 11:47:49', 'Удалена операция типа: ''Не известно'' сотрудником ''Рахымбергенов Аманкос Канатович''. Информация об удаленной операции: товар '''', сотрудник ''Рахымбергенов Аманкос Канатович'', магазин ''Магазин Алматы'', дата ''22/09/2016  11:47:38''.', 'Удаление операции'),
(53, 1, 5, '2016-09-22 11:48:47', 'Продано 1 штук товара "Үш аю" в магазине "Магазин Алматы"', 'Продажа'),
(54, 1, 5, '2016-09-22 11:49:03', 'Продано 1 штук товара "Торкөздер мен нүктелер" в магазине "Магазин Алматы"', 'Продажа'),
(55, 1, 5, '2016-09-22 11:50:03', 'Продано 1 штук товара "Св.Коран (Смыслы) (1-настольный), Ш. Аляутдинов. Диля" в магазине "Магазин Алматы"', 'Продажа'),
(56, 1, 5, '2016-09-22 11:50:16', 'Продано 1 штук товара "Св.Коран (Смыслы) (2-настольный), Ш. Аляутдинов. Диля" в магазине "Магазин Алматы"', 'Продажа'),
(57, 1, 5, '2016-09-22 11:50:24', 'Продано 1 штук товара "Св.Коран (Смыслы) (3-настольный), Ш. Аляутдинов. Диля" в магазине "Магазин Алматы"', 'Продажа'),
(58, 1, 5, '2016-09-22 11:50:34', 'Продано 1 штук товара "Св.Коран (Смыслы) (4-настольный), Ш. Аляутдинов. Диля" в магазине "Магазин Алматы"', 'Продажа'),
(59, 1, 5, '2016-09-22 11:51:55', 'Продано 1 штук товара "Невозможное возможно (диск), Ш. Аляутдинов" в магазине "Магазин Алматы"', 'Продажа'),
(60, 1, 5, '2016-09-22 11:52:02', 'Продано 1 штук товара "А вы благодарны? (диск), Ш. Аляутдинов" в магазине "Магазин Алматы"', 'Продажа'),
(61, 1, 5, '2016-09-22 11:52:16', 'Продано 1 штук товара "Жизнь Пророка (c.а.с.)" в магазине "Магазин Алматы"', 'Продажа'),
(62, 1, 5, '2016-09-22 11:54:24', 'Продано 1 штук товара "Хайуаннаттар бағында (Зоопарк )" в магазине "Магазин Алматы"', 'Продажа'),
(63, 1, 5, '2016-09-22 11:54:33', 'Продано 1 штук товара "Funny animals" в магазине "Магазин Алматы"', 'Продажа'),
(64, 1, 5, '2016-09-22 11:54:46', 'Продано 1 штук товара "Теория Игр, Искусство стратегического мышления в бизнесе и жизни,  Авинаш Диксит и Барри Нейлбафф. МИФ" в магазине "Магазин Алматы"', 'Продажа'),
(65, 1, 5, '2016-09-22 11:55:00', 'Продано 1 штук товара "Как люди думают, Д. Чернышев. МИФ" в магазине "Магазин Алматы"', 'Продажа'),
(66, 1, 5, '2016-09-22 11:55:25', 'Продано 1 штук товара "Дети и Ислам, Ш. Аляутдинов. Диля" в магазине "Магазин Алматы"', 'Продажа'),
(67, 1, 5, '2016-09-22 11:55:56', 'Произведен отток на кассу "Магазин Алматы" с комментарием "использован Бонус Хьюстон" в размере 900 тг ', 'Отток на кассу'),
(68, 1, 5, '2016-09-22 11:56:09', 'Продано 1 штук товара "Эмоциональный интеллект ребенка, Дж. Готтман. МИФ" в магазине "Магазин Алматы"', 'Продажа'),
(69, 1, 5, '2016-09-22 11:56:25', 'Продано 1 штук товара "Уроки семейной мудрости (подарочная), Р. Шарма. АСТ" в магазине "Магазин Алматы"', 'Продажа'),
(70, 1, 5, '2016-09-22 11:56:38', 'Продано 1 штук товара "Кеш қалма" в магазине "Магазин Алматы"', 'Продажа'),
(71, 1, 5, '2016-09-22 11:56:48', 'Продано 1 штук товара "Он и она, Ш. Аляутдинов. Диля" в магазине "Магазин Алматы"', 'Продажа'),
(72, 1, 5, '2016-09-22 11:56:58', 'Продано 1 штук товара "Успешный мужчина-дело рук женщины. Твой путь к женскому счастью и благополучию, Покатилова Н.А. АСТ" в магазине "Магазин Алматы"', 'Продажа'),
(73, 1, 5, '2016-09-22 11:57:08', 'Продано 1 штук товара "Достоинства намаза" в магазине "Магазин Алматы"', 'Продажа'),
(74, 1, 5, '2016-09-22 11:57:16', 'Продано 1 штук товара "Жизнь Пророка (c.а.с.)" в магазине "Магазин Алматы"', 'Продажа'),
(75, 1, 5, '2016-09-22 11:57:45', 'Продано 1 штук товара "Мир души (диск), Ш. Аляутдинов" в магазине "Магазин Алматы"', 'Продажа'),
(76, 1, 5, '2016-09-22 12:00:18', 'Продано 1 штук товара "Триллионер слушает, Ш. Аляутдинов. Диля" в магазине "Магазин Алматы"', 'Продажа'),
(77, 1, 5, '2016-09-22 12:01:10', 'Произведен отток на кассу "Магазин Алматы" с комментарием "Триллионер слушает минипос " в размере 3100 тг ', 'Отток на кассу'),
(78, 1, 5, '2016-09-22 12:07:03', 'Произведен приток на кассу "Интернет магазин склад\r\n" с комментарием "от минипоса Триллионер слушает" в размере 3100 тг ', 'Приток на кассу'),
(79, 1, 5, '2016-09-22 12:07:17', 'Продано 1 штук товара "Широта души (диск), Ш. Аляутдинов" в магазине "Магазин Алматы"', 'Продажа'),
(80, 1, 5, '2016-09-22 12:07:40', 'Продано 1 штук товара "Мир души, Ш. Аляутдинов. Диля" в магазине "Магазин Алматы"', 'Продажа'),
(81, 1, 5, '2016-09-22 12:07:50', 'Продано 1 штук товара "Смысл жизни (диск), Ш. Аляутдинов" в магазине "Магазин Алматы"', 'Продажа'),
(82, 1, 5, '2016-09-22 12:15:11', 'Продано 1 штук товара "А вы благодарны? (диск), Ш. Аляутдинов" в магазине "Магазин Алматы"', 'Продажа'),
(83, 1, 5, '2016-09-22 12:15:21', 'Продано 1 штук товара "Не грусти. Аль-Карни" в магазине "Магазин Алматы"', 'Продажа'),
(84, 1, 5, '2016-09-22 12:15:57', 'Продано 1 штук товара "Св.Коран (Смыслы) (Богословский перевод), Ш. Аляутдинов. Диля" в магазине "Магазин Алматы"', 'Продажа'),
(85, 1, 5, '2016-09-22 12:16:17', 'Продано 1 штук товара "Мужчины и Ислам (старый), Ш. Аляутдинов. Диля" в магазине "Магазин Алматы"', 'Продажа'),
(86, 1, 5, '2016-09-22 12:16:30', 'Продано 1 штук товара "Мир души (на каз.) Ш. Аляутдинов. Диля" в магазине "Магазин Алматы"', 'Продажа'),
(87, 1, 5, '2016-09-22 12:17:17', 'Продано 1 штук товара "Триллионер слушает, Ш. Аляутдинов. Диля" в магазине "Магазин Алматы"', 'Продажа'),
(88, 1, 5, '2016-09-22 12:17:33', 'Продано 1 штук товара "Стань самым умным и самым богатым 1, Ш. Аляутдинов. Диля" в магазине "Магазин Алматы"', 'Продажа'),
(89, 1, 5, '2016-09-22 12:17:52', 'Продано 1 штук товара "Мужчины и Ислам (старый), Ш. Аляутдинов. Диля" в магазине "Магазин Алматы"', 'Продажа'),
(90, 1, 5, '2016-09-22 12:18:13', 'Продано 1 штук товара "Женщина и Ислам (борд), Ш. Аляутдинов. Диля" в магазине "Магазин Алматы"', 'Продажа'),
(91, 1, 5, '2016-09-22 12:18:27', 'Продано 1 штук товара "Мир души, Ш. Аляутдинов. Диля" в магазине "Магазин Алматы"', 'Продажа'),
(92, 1, 5, '2016-09-22 12:33:13', ' Пользователь зашел в веб-сайт ', 'Вход'),
(93, 1, 5, '2016-09-22 12:34:29', 'Продано 1 штук товара "Женщина и Ислам (борд), Ш. Аляутдинов. Диля" в магазине "Магазин Алматы"', 'Продажа'),
(94, 1, 5, '2016-09-22 12:36:03', 'Произведен приток на кассу "Магазин Алматы" с комментарием "женщ и ислам, разница" в размере 100 тг ', 'Приток на кассу'),
(95, 1, 5, '2016-09-22 12:36:35', 'Продано 1 штук товара "Дети и Ислам, Ш. Аляутдинов. Диля" в магазине "Магазин Алматы"', 'Продажа'),
(96, 1, 5, '2016-09-22 12:36:54', 'Продано 1 штук товара "Он и она, Ш. Аляутдинов. Диля" в магазине "Магазин Алматы"', 'Продажа'),
(97, 1, 5, '2016-09-22 12:37:52', 'Произведен отток на кассу "Магазин Алматы" с комментарием "Жизнь Пророка с.а.с. в подарок" в размере 600 тг ', 'Отток на кассу'),
(98, 1, 5, '2016-09-22 12:44:49', 'Произведен отток на кассу "Магазин Алматы" с комментарием "" в размере 600 тг ', 'Отток на кассу'),
(99, 1, 5, '2016-09-22 12:47:28', 'Произведен отток на кассу "Магазин Алматы" с комментарием "теория игр разница" в размере 300 тг ', 'Отток на кассу'),
(100, 1, 5, '2016-09-22 12:51:31', 'Произведен отток на кассу "Магазин Алматы" с комментарием "мужчины и ислам(старый) разница" в размере 100 тг ', 'Отток на кассу'),
(101, 1, 5, '2016-09-22 13:17:01', ' Пользователь зашел в веб-сайт ', 'Вход'),
(102, 1, 5, '2016-09-22 13:17:22', 'Произведен отток на кассу "Магазин Алматы" с комментарием "мужчины и ислам(старый) разница" в размере 100 тг ', 'Отток на кассу'),
(103, 1, 5, '2016-09-22 13:19:32', 'Удалена операция типа: ''Не известно'' сотрудником ''Жиенбаев Саннат Алексеевич''. Информация об удаленной операции: товар '''', сотрудник ''Жиенбаев Саннат Алексеевич'', магазин ''Магазин Алматы'', дата ''22/09/2016  12:51:31''.', 'Удаление операции'),
(104, 1, 5, '2016-09-22 13:19:42', 'Удалена операция типа: ''Не известно'' сотрудником ''Жиенбаев Саннат Алексеевич''. Информация об удаленной операции: товар '''', сотрудник ''Жиенбаев Саннат Алексеевич'', магазин ''Магазин Алматы'', дата ''22/09/2016  13:17:22''.', 'Удаление операции'),
(105, 1, 5, '2016-09-22 13:20:33', 'Продано 1 штук товара "Стань самым умным и самым богатым 1, Ш. Аляутдинов. Диля" в магазине "Магазин Алматы"', 'Продажа'),
(106, 1, 5, '2016-09-22 13:21:13', 'Продано 1 штук товара "12 принципов лидерского превосходства, Б. Трейси. Попурри" в магазине "Магазин Алматы"', 'Продажа'),
(107, 1, 5, '2016-09-22 13:21:30', 'Удалена операция типа: ''Продажа'' сотрудником ''Жиенбаев Саннат Алексеевич''. Информация об удаленной операции: товар ''12 принципов лидерского превосходства, Б. Трейси. Попурри'', сотрудник ''Жиенбаев Саннат Алексеевич'', магазин ''Магазин Алматы'', клиент ''[Не известно]'', цена ''1500'', количество ''1'', скидка ''0%'', бонус ''0%'', дата ''22/09/2016  13:21:13''.', 'Удаление операции'),
(108, 1, 5, '2016-09-22 13:21:47', 'Продано 1 штук товара "Мудрость женщины, Л. Хей. Эксмо" в магазине "Магазин Алматы"', 'Продажа'),
(109, 1, 5, '2016-09-22 13:22:41', 'Произведен отток на кассу "Магазин Алматы" с комментарием "Мудрость женщины минипос" в размере 1250 тг ', 'Отток на кассу'),
(110, 1, 5, '2016-09-22 13:22:55', 'Произведен приток на кассу "Интернет магазин склад\r\n" с комментарием "" в размере 1250 тг ', 'Приток на кассу'),
(111, 1, 5, '2016-09-22 13:28:37', 'Продано 1 штук товара "Мир души, Ш. Аляутдинов. Диля" в магазине "Магазин Алматы"', 'Продажа'),
(112, 1, 5, '2016-09-22 13:29:16', 'Произведен приток на кассу "Магазин Алматы" с комментарием "казпочта" в размере 8500 тг ', 'Приток на кассу'),
(113, 1, 5, '2016-09-22 13:29:34', 'Продано 1 штук товара "Ежедневник 90 дней, Ш. Аляутдинов. Диля" в магазине "Магазин Алматы"', 'Продажа'),
(114, 1, 5, '2016-09-22 13:29:57', 'Произведен отток на кассу "Магазин Алматы" с комментарием "" в размере 2000 тг ', 'Отток на кассу'),
(115, 1, 5, '2016-09-22 13:31:49', 'Произведен отток на кассу "Магазин Алматы" с комментарием "казпочта" в размере 6067 тг ', 'Отток на кассу'),
(116, 1, 5, '2016-09-22 13:32:45', 'Продано 1 штук товара "Триллионер слушает, Ш. Аляутдинов. Диля" в магазине "Магазин Алматы"', 'Продажа'),
(117, 1, 5, '2016-09-22 13:32:59', 'Продано 1 штук товара "Триллионер слушает (Супер обл 60х90/16)" в магазине "Магазин Алматы"', 'Продажа'),
(118, 1, 5, '2016-09-22 13:33:07', 'Продано 1 штук товара "Не грусти. Аль-Карни" в магазине "Магазин Алматы"', 'Продажа'),
(119, 1, 5, '2016-09-22 13:33:19', 'Продано 1 штук товара "Успешный мужчина-дело рук женщины. Твой путь к женскому счастью и благополучию, Покатилова Н.А. АСТ" в магазине "Магазин Алматы"', 'Продажа'),
(120, 1, 5, '2016-09-22 13:33:27', 'Продано 1 штук товара "Не грусти. Аль-Карни" в магазине "Магазин Алматы"', 'Продажа'),
(121, 1, 5, '2016-09-22 13:33:41', 'Продано 1 штук товара "Путь к вере и совершенству (мг), Ш. Аляутдинов. Диля" в магазине "Магазин Алматы"', 'Продажа'),
(122, 1, 5, '2016-09-22 13:33:59', 'Продано 1 штук товара "Жизнь, мы и дух истины, Ш. Аляутдинов. Диля" в магазине "Магазин Алматы"', 'Продажа'),
(123, 1, 5, '2016-09-22 13:34:16', 'Продано 1 штук товара "Как увидеть Рай, Ш. Аляутдинов. Диля" в магазине "Магазин Алматы"', 'Продажа'),
(124, 1, 5, '2016-09-22 13:34:32', 'Продано 1 штук товара "Триллионер слушает, Ш. Аляутдинов. Диля" в магазине "Магазин Алматы"', 'Продажа'),
(125, 1, 5, '2016-09-22 13:34:48', 'Продано 1 штук товара "История о Пророках Ибн Касир" в магазине "Магазин Алматы"', 'Продажа'),
(126, 1, 5, '2016-09-22 13:34:59', 'Продано 1 штук товара "Высказывания Пророка (толстая). Ш. Аляутдинов. Диля" в магазине "Магазин Алматы"', 'Продажа'),
(127, 1, 5, '2016-09-22 13:37:23', 'Оприходавано 1 штук товара "Достоинства намаза" на склад "Магазин Алматы"', 'Оприходование'),
(128, 1, 5, '2016-09-22 13:37:32', 'Продано 1 штук товара "Достоинства намаза" в магазине "Магазин Алматы"', 'Продажа'),
(129, 1, 5, '2016-09-22 13:39:08', 'Продано 1 штук товара "Таджвид, Ш. Аляутдинов. Диля" в магазине "Магазин Алматы"', 'Продажа'),
(130, 1, 5, '2016-09-22 13:39:32', 'Произведен отток на кассу "Магазин Алматы" с комментарием "Исмаил" в размере 5000 тг ', 'Отток на кассу'),
(131, 1, 5, '2016-09-22 13:39:48', 'Продано 1 штук товара "Триллионер действует, Ш. Аляутдинов. Диля" в магазине "Магазин Алматы"', 'Продажа'),
(132, 1, 5, '2016-09-22 13:40:45', 'Продано 1 штук товара "Триллионер слушает, Ш. Аляутдинов. Диля" в магазине "Магазин Алматы"', 'Продажа'),
(133, 1, 5, '2016-09-22 13:40:56', 'Продано 1 штук товара "Триллионер думает, Ш. Аляутдинов. Диля" в магазине "Магазин Алматы"', 'Продажа'),
(134, 1, 5, '2016-09-22 13:41:21', 'Произведен отток на кассу "Магазин Алматы" с комментарием "Использован бонусы Касенова Ментай" в размере 530 тг ', 'Отток на кассу'),
(135, 1, 5, '2016-09-22 13:41:41', 'Продано 1 штук товара "Богатый ребенок, умный ребенок (тв) Р. Кийосаки. Попурри" в магазине "Магазин Алматы"', 'Продажа'),
(136, 1, 5, '2016-09-22 13:42:49', 'Оприходавано 1 штук товара "В мире сказок" на склад "Магазин Алматы"', 'Оприходование'),
(137, 1, 5, '2016-09-22 13:42:55', 'Продано 1 штук товара "В мире сказок" в магазине "Магазин Алматы"', 'Продажа'),
(138, 1, 5, '2016-09-22 13:43:15', 'Произведен отток на кассу "Магазин Алматы" с комментарием "" в размере 85000 тг ', 'Отток на кассу'),
(139, 1, 5, '2016-09-22 13:43:33', 'Продано 1 штук товара "Мир души, Ш. Аляутдинов. Диля" в магазине "Магазин Алматы"', 'Продажа'),
(140, 1, 5, '2016-09-22 13:43:44', 'Продано 1 штук товара "Он и она, Ш. Аляутдинов. Диля" в магазине "Магазин Алматы"', 'Продажа'),
(141, 1, 5, '2016-09-22 13:44:34', 'Оприходавано 1 штук товара "Транспорт" на склад "Магазин Алматы"', 'Оприходование'),
(142, 1, 5, '2016-09-22 13:44:59', 'Оприходавано 1 штук товара "Көлік түрлері " на склад "Магазин Алматы"', 'Оприходование'),
(143, 1, 5, '2016-09-22 13:45:10', 'Оприходавано 2 штук товара "Суретті жазу  (цв)" на склад "Магазин Алматы"', 'Оприходование'),
(144, 1, 5, '2016-09-22 13:45:19', 'Оприходавано 1 штук товара "Рапунцель" на склад "Магазин Алматы"', 'Оприходование'),
(145, 1, 5, '2016-09-22 13:45:33', 'Оприходавано 2 штук товара "В мире сказок" на склад "Магазин Алматы"', 'Оприходование'),
(146, 1, 5, '2016-09-22 13:45:49', 'Оприходавано 1 штук товара "Сиқырлы сандар" на склад "Магазин Алматы"', 'Оприходование'),
(147, 1, 5, '2016-09-22 13:46:24', 'Оприходавано 1 штук товара "Сүйкімді сұлулар (Милые красавицы)" на склад "Магазин Алматы"', 'Оприходование'),
(148, 1, 5, '2016-09-22 13:46:34', 'Оприходавано 1 штук товара "Кинотеатр. Әңгімелер жинағы және бейнепроектор (Сборник рассказов и видеопроектор)" на склад "Магазин Алматы"', 'Оприходование'),
(149, 1, 5, '2016-09-22 13:46:44', 'Оприходавано 1 штук товара "Жануарлар туралы ертегілер" на склад "Магазин Алматы"', 'Оприходование'),
(150, 1, 5, '2016-09-22 13:48:52', 'Оприходавано 2 штук товара "Кішкентай сәнқойлар (Маленькие модницы)" на склад "Магазин Алматы"', 'Оприходование'),
(151, 1, 5, '2016-09-22 13:49:02', 'Оприходавано 2 штук товара "6 сказок для любимых глазок" на склад "Магазин Алматы"', 'Оприходование'),
(152, 1, 5, '2016-09-22 13:49:13', 'Оприходавано 1 штук товара "… Болыпты" на склад "Магазин Алматы"', 'Оприходование'),
(153, 1, 5, '2016-09-22 13:49:25', 'Оприходавано 2 штук товара "Бала, бала, баламыз" на склад "Магазин Алматы"', 'Оприходование'),
(154, 1, 5, '2016-09-22 13:49:35', 'Оприходавано 1 штук товара "Ойлы ойындар. Книга Активити" на склад "Магазин Алматы"', 'Оприходование'),
(155, 1, 5, '2016-09-22 13:49:45', 'Оприходавано 1 штук товара "Болашақ сәнгерлер (Будущие модельеры). " на склад "Магазин Алматы"', 'Оприходование'),
(156, 1, 5, '2016-09-22 13:49:57', 'Оприходавано 1 штук товара "Торкөздер мен нүктелер" на склад "Магазин Алматы"', 'Оприходование'),
(157, 1, 5, '2016-09-22 13:50:20', 'Оприходавано 1 штук товара "Ең қымбат нәрсе" на склад "Магазин Алматы"', 'Оприходование'),
(158, 1, 5, '2016-09-22 13:50:30', 'Оприходавано 2 штук товара "Лилия ханшайым және оның достары (Принцесса Лилия и ее друзья)." на склад "Магазин Алматы"', 'Оприходование'),
(159, 1, 5, '2016-09-22 13:53:49', 'Оприходавано 2 штук товара "Почемучкины сказки " на склад "Магазин Алматы"', 'Оприходование'),
(160, 1, 5, '2016-09-22 13:54:12', 'Оприходавано 1 штук товара "Айнытпай сал" на склад "Магазин Алматы"', 'Оприходование'),
(161, 1, 5, '2016-09-22 13:55:26', 'Оприходавано 1 штук товара "Сұлулыққа құштарлық (Поклонницам красоты)" на склад "Магазин Алматы"', 'Оприходование'),
(162, 1, 5, '2016-09-22 13:59:27', 'Оприходавано 1 штук товара "Көпшілміз ғой өзіміз, жан-жануар досымыз" на склад "Магазин Алматы"', 'Оприходование'),
(163, 1, 5, '2016-09-22 14:01:12', 'Оприходавано 1 штук товара "Теңіз асты ғажайыптары (Волшебство подводного мира) " на склад "Магазин Алматы"', 'Оприходование'),
(164, 1, 5, '2016-09-22 14:01:36', 'Оприходавано 1 штук товара "Көбейту кестесі (Таблица умножения) " на склад "Магазин Алматы"', 'Оприходование'),
(165, 1, 5, '2016-09-22 14:01:54', 'Оприходавано 1 штук товара "Жыл мезгілдері" на склад "Магазин Алматы"', 'Оприходование'),
(166, 1, 5, '2016-09-22 14:02:12', 'Оприходавано 1 штук товара "Рикки Тикки Тави и другие сказки, Р. Киплинг" на склад "Магазин Алматы"', 'Оприходование'),
(167, 1, 5, '2016-09-22 14:02:32', 'Оприходавано 1 штук товара "Менің жеке күнделігім (Мой личный дневник)" на склад "Магазин Алматы"', 'Оприходование'),
(168, 1, 5, '2016-09-22 14:02:43', 'Оприходавано 1 штук товара "Жер шары (Увеличение)" на склад "Магазин Алматы"', 'Оприходование'),
(169, 1, 5, '2016-09-22 14:02:53', 'Оприходавано 1 штук товара "Джунгли" на склад "Магазин Алматы"', 'Оприходование'),
(170, 1, 5, '2016-09-22 14:03:18', 'Оприходавано 1 штук товара "Көңілді жауапқұмар" на склад "Магазин Алматы"', 'Оприходование'),
(171, 1, 5, '2016-09-22 14:03:29', 'Оприходавано 1 штук товара "Хайуаннаттар бағында (Зоопарк )" на склад "Магазин Алматы"', 'Оприходование'),
(172, 1, 5, '2016-09-22 14:04:04', 'Оприходавано 2 штук товара "Күн, ай және әтеш" на склад "Магазин Алматы"', 'Оприходование'),
(173, 1, 5, '2016-09-22 14:04:51', 'Оприходавано 1 штук товара "Үйшік" на склад "Магазин Алматы"', 'Оприходование'),
(174, 1, 5, '2016-09-22 14:05:00', 'Оприходавано 1 штук товара "Үш аю" на склад "Магазин Алматы"', 'Оприходование'),
(175, 1, 5, '2016-09-22 14:05:10', 'Оприходавано 1 штук товара "Simple English" на склад "Магазин Алматы"', 'Оприходование'),
(176, 1, 5, '2016-09-22 14:05:22', 'Оприходавано 1 штук товара "Веселая отвечалка" на склад "Магазин Алматы"', 'Оприходование'),
(177, 1, 5, '2016-09-22 14:06:11', 'Оприходавано 1 штук товара "Қоян мен кірпі (Заяц и еж)" на склад "Магазин Алматы"', 'Оприходование'),
(178, 1, 5, '2016-09-22 14:06:25', 'Оприходавано 1 штук товара "Бұлбұл мен тоқылдақ" на склад "Магазин Алматы"', 'Оприходование'),
(179, 1, 5, '2016-09-22 14:06:44', 'Продано 1 штук товара "Не грусти. Аль-Карни" в магазине "Магазин Алматы"', 'Продажа'),
(180, 1, 5, '2016-09-22 14:06:54', 'Произведен отток на кассу "Магазин Алматы" с комментарием "" в размере 3600 тг ', 'Отток на кассу'),
(181, 1, 5, '2016-09-22 14:07:13', 'Произведен приток на кассу "Магазин Алматы" с комментарием "не грусти через банк" в размере 3600 тг ', 'Приток на кассу'),
(182, 1, 5, '2016-09-22 14:07:30', 'Продано 1 штук товара "Триллионер слушает, Ш. Аляутдинов. Диля" в магазине "Магазин Алматы"', 'Продажа'),
(183, 1, 5, '2016-09-22 14:07:40', 'Продано 1 штук товара "Стань самым умным и самым богатым 1, Ш. Аляутдинов. Диля" в магазине "Магазин Алматы"', 'Продажа'),
(184, 1, 5, '2016-09-22 14:07:51', 'Продано 1 штук товара "Стань самым умным и самым богатым 2, Ш. Аляутдинов. Диля" в магазине "Магазин Алматы"', 'Продажа'),
(185, 1, 5, '2016-09-22 14:08:04', 'Продано 1 штук товара "Мир души, Ш. Аляутдинов. Диля" в магазине "Магазин Алматы"', 'Продажа'),
(186, 1, 5, '2016-09-22 14:08:16', 'Продано 1 штук товара "Женщина и Ислам (борд), Ш. Аляутдинов. Диля" в магазине "Магазин Алматы"', 'Продажа'),
(187, 1, 5, '2016-09-22 14:08:23', 'Продано 1 штук товара "Триллионер слушает (Супер обл 60х90/16)" в магазине "Магазин Алматы"', 'Продажа'),
(188, 1, 5, '2016-09-22 14:08:42', 'Продано 1 штук товара "Безграничность. 50 уроков, которые сделают тебя возмутитительно счастливым, Н. Вуйчич. Эксмо" в магазине "Магазин Алматы"', 'Продажа'),
(189, 1, 5, '2016-09-22 14:09:24', 'Продано 1 штук товара "Не грусти. Аль-Карни" в магазине "Магазин Алматы"', 'Продажа'),
(190, 1, 5, '2016-09-22 14:09:46', 'Произведен отток на кассу "Магазин Алматы" с комментарием "" в размере 130000 тг ', 'Отток на кассу'),
(191, 1, 5, '2016-09-22 14:10:03', 'Продано 1 штук товара "Расписание триллионера, Ш. Аляутдинов. Диля" в магазине "Магазин Алматы"', 'Продажа'),
(192, 1, 5, '2016-09-22 14:10:39', 'Продано 1 штук товара "Цель: процесс непрерывного улучшения, Э. Голдратт. Попурри" в магазине "Магазин Алматы"', 'Продажа'),
(193, 1, 5, '2016-09-22 14:10:55', 'Продано 1 штук товара "Мастер игры, Р. Грин. (красная тв)Рипол" в магазине "Магазин Алматы"', 'Продажа'),
(194, 1, 5, '2016-09-22 14:11:05', 'Продано 1 штук товара "Как преуспеть в бизнесе, нарушая все правила, Д. Кеннеди. Попурри" в магазине "Магазин Алматы"', 'Продажа'),
(195, 1, 5, '2016-09-22 14:11:23', 'Продано 1 штук товара "Триллионер слушает, Ш. Аляутдинов. Диля" в магазине "Магазин Алматы"', 'Продажа'),
(196, 1, 5, '2016-09-22 14:11:45', 'Продано 1 штук товара "Триллионер думает, Ш. Аляутдинов. Диля" в магазине "Магазин Алматы"', 'Продажа'),
(197, 1, 5, '2016-09-22 14:12:08', 'Продано 1 штук товара "Триллионер действует, Ш. Аляутдинов. Диля" в магазине "Магазин Алматы"', 'Продажа');
INSERT INTO `history` (`history_id`, `emp_id`, `comp_id`, `history_date`, `history_text`, `history_type`) VALUES
(198, 1, 5, '2016-09-22 14:12:32', 'Продано 1 штук товара "Триллионер слушает, Ш. Аляутдинов. Диля" в магазине "Магазин Алматы"', 'Продажа'),
(199, 1, 5, '2016-09-22 14:12:44', 'Продано 1 штук товара "Персональный и стратегический менеджмент (химия биология и психология счастья), Д. Мырзакожа" в магазине "Магазин Алматы"', 'Продажа'),
(200, 1, 5, '2016-09-22 14:13:12', 'Продано 1 штук товара "Путь  к вере и совершенству (тв), Ш. Аляутдинов. Диля" в магазине "Магазин Алматы"', 'Продажа'),
(201, 1, 5, '2016-09-22 14:13:28', 'Продано 1 штук товара "Мусульманская молитвенная практика, Ш. Аляутдинов. Диля" в магазине "Магазин Алматы"', 'Продажа'),
(202, 1, 5, '2016-09-22 14:13:49', 'Продано 1 штук товара "Подсознание может все (фио. тв.), Дж. Кехо. Попурри" в магазине "Магазин Алматы"', 'Продажа'),
(203, 1, 5, '2016-09-22 14:14:07', 'Продано 1 штук товара "Св.Коран (Смыслы) (Богословский перевод), Ш. Аляутдинов. Диля" в магазине "Магазин Алматы"', 'Продажа'),
(204, 1, 5, '2016-09-22 14:14:59', 'Оприходавано 1 штук товара "Не грусти. Аль-Карни" на склад "Магазин Алматы"', 'Оприходование'),
(205, 1, 5, '2016-09-22 14:15:15', 'Оприходавано 2 штук товара "Стань самым умным и самым богатым 1, Ш. Аляутдинов. Диля" на склад "Магазин Алматы"', 'Оприходование'),
(206, 1, 5, '2016-09-22 14:15:28', 'Оприходавано 1 штук товара "Св.Коран (Смыслы) (Богословский перевод), Ш. Аляутдинов. Диля" на склад "Магазин Алматы"', 'Оприходование'),
(207, 1, 5, '2016-09-22 14:15:54', 'Оприходавано 1 штук товара "Мужчины и Ислам (старый), Ш. Аляутдинов. Диля" на склад "Магазин Алматы"', 'Оприходование'),
(208, 1, 5, '2016-09-22 14:16:15', 'Оприходавано 1 штук товара "Дети и Ислам, Ш. Аляутдинов. Диля" на склад "Магазин Алматы"', 'Оприходование'),
(209, 1, 5, '2016-09-22 14:16:45', 'Оприходавано 1 штук товара "Мир души (на каз.) Ш. Аляутдинов. Диля" на склад "Магазин Алматы"', 'Оприходование'),
(210, 1, 5, '2016-09-22 14:17:17', 'Оприходавано 1 штук товара "Триллионер слушает, Ш. Аляутдинов. Диля" на склад "Магазин Алматы"', 'Оприходование'),
(211, 1, 5, '2016-09-22 14:17:39', 'Оприходавано 2 штук товара "Мир души, Ш. Аляутдинов. Диля" на склад "Магазин Алматы"', 'Оприходование'),
(212, 1, 5, '2016-09-22 14:18:45', 'Оприходавано 2 штук товара "Мир души, Ш. Аляутдинов. Диля" на склад "Магазин Алматы"', 'Оприходование'),
(213, 1, 5, '2016-09-22 14:19:06', 'Удалена операция типа: ''Оприходование'' сотрудником ''Жиенбаев Саннат Алексеевич''. Информация об удаленной операции: товар ''Мир души, Ш. Аляутдинов. Диля'', сотрудник ''Жиенбаев Саннат Алексеевич'', магазин ''Магазин Алматы'', количество ''2'', дата ''22/09/2016  14:18:45''.', 'Удаление операции'),
(214, 1, 5, '2016-09-22 14:19:42', 'Оприходавано 1 штук товара "Ежедневник 90 дней, Ш. Аляутдинов. Диля" на склад "Магазин Алматы"', 'Оприходование'),
(215, 1, 5, '2016-09-22 14:19:57', 'Оприходавано 1 штук товара "Он и она, Ш. Аляутдинов. Диля" на склад "Магазин Алматы"', 'Оприходование'),
(216, 1, 5, '2016-09-22 14:21:39', 'Оприходавано 1 штук товара "Высказывания Пророка (толстая). Ш. Аляутдинов. Диля" на склад "Магазин Алматы"', 'Оприходование'),
(217, 1, 5, '2016-09-22 14:21:48', 'Оприходавано 1 штук товара "Женщина и Ислам (борд), Ш. Аляутдинов. Диля" на склад "Магазин Алматы"', 'Оприходование'),
(218, 1, 5, '2016-09-22 14:22:12', 'Произведен отток на кассу "Магазин Алматы" с комментарием "" в размере 60000 тг ', 'Отток на кассу'),
(219, 1, 5, '2016-09-22 14:22:31', 'Оприходавано 4200 штук товара "Финансы триллионера,  Ш. Аляутдинов. Диля" на склад "Магазин Алматы"', 'Оприходование'),
(220, 1, 5, '2016-09-22 14:23:57', 'Удалена операция типа: ''Оприходование'' сотрудником ''Жиенбаев Саннат Алексеевич''. Информация об удаленной операции: товар ''Финансы триллионера,  Ш. Аляутдинов. Диля'', сотрудник ''Жиенбаев Саннат Алексеевич'', магазин ''Магазин Алматы'', количество ''4200'', дата ''22/09/2016  14:22:31''.', 'Удаление операции'),
(221, 1, 5, '2016-09-22 14:24:23', 'Оприходавано 1 штук товара "Финансы триллионера,  Ш. Аляутдинов. Диля" на склад "Магазин Алматы"', 'Оприходование'),
(222, 1, 5, '2016-09-22 14:27:27', 'Оприходавано 1 штук товара "12 принципов лидерского превосходства, Б. Трейси. Попурри" на склад "Магазин Алматы"', 'Оприходование'),
(223, 1, 5, '2016-09-22 14:27:48', 'Удалена операция типа: ''Оприходование'' сотрудником ''Жиенбаев Саннат Алексеевич''. Информация об удаленной операции: товар ''Финансы триллионера,  Ш. Аляутдинов. Диля'', сотрудник ''Жиенбаев Саннат Алексеевич'', магазин ''Магазин Алматы'', количество ''1'', дата ''22/09/2016  14:24:23''.', 'Удаление операции'),
(224, 1, 5, '2016-09-22 14:27:56', 'Удалена операция типа: ''Оприходование'' сотрудником ''Жиенбаев Саннат Алексеевич''. Информация об удаленной операции: товар ''12 принципов лидерского превосходства, Б. Трейси. Попурри'', сотрудник ''Жиенбаев Саннат Алексеевич'', магазин ''Магазин Алматы'', количество ''1'', дата ''22/09/2016  14:27:27''.', 'Удаление операции'),
(225, 1, 5, '2016-09-22 14:28:04', 'Удалена операция типа: ''Не известно'' сотрудником ''Жиенбаев Саннат Алексеевич''. Информация об удаленной операции: товар '''', сотрудник ''Жиенбаев Саннат Алексеевич'', магазин ''Магазин Алматы'', дата ''22/09/2016  14:22:12''.', 'Удаление операции'),
(226, 1, 5, '2016-09-22 14:32:44', 'Произведен приток на кассу "Магазин Алматы" с комментарием "расписание триллионера разница" в размере 100 тг ', 'Приток на кассу'),
(227, 1, 5, '2016-09-22 14:34:51', 'Удалена операция типа: ''Не известно'' сотрудником ''Жиенбаев Саннат Алексеевич''. Информация об удаленной операции: товар '''', сотрудник ''Жиенбаев Саннат Алексеевич'', магазин ''Магазин Алматы'', дата ''22/09/2016  14:06:54''.', 'Удаление операции'),
(228, 1, 5, '2016-09-22 14:35:04', 'Удалена операция типа: ''Не известно'' сотрудником ''Жиенбаев Саннат Алексеевич''. Информация об удаленной операции: товар '''', сотрудник ''Жиенбаев Саннат Алексеевич'', магазин ''Магазин Алматы'', дата ''22/09/2016  14:07:13''.', 'Удаление операции'),
(229, 1, 5, '2016-09-22 14:36:14', 'Произведен отток на кассу "Магазин Алматы" с комментарием "не грусти через банк" в размере 3600 тг ', 'Отток на кассу'),
(230, 1, 5, '2016-09-22 14:39:30', 'Продано 1 штук товара "Финансы триллионера,  Ш. Аляутдинов. Диля" в магазине "Магазин Алматы"', 'Продажа'),
(231, 1, 5, '2016-09-22 14:40:23', 'Произведен отток на кассу "Магазин Алматы" с комментарием "" в размере 60000 тг ', 'Отток на кассу'),
(232, 1, 5, '2016-09-22 14:40:49', 'Продано 1 штук товара "Финансы триллионера,  Ш. Аляутдинов. Диля" в магазине "Магазин Алматы"', 'Продажа'),
(233, 1, 5, '2016-09-22 14:41:17', 'Добавлена категория денежного потока "Оформление" с описанием ""', 'Новая категория денежних потоков'),
(234, 1, 5, '2016-09-22 14:42:01', 'Произведен приток на кассу "Магазин Алматы" с комментарием "" в размере 250 тг ', 'Приток на кассу'),
(235, 1, 5, '2016-09-22 14:42:17', 'Продано 1 штук товара "Как увидеть Рай (золотой), Ш. Аляутдинов. Диля" в магазине "Магазин Алматы"', 'Продажа'),
(236, 1, 5, '2016-09-22 14:42:28', 'Продано 1 штук товара "Как преуспеть в бизнесе, нарушая все правила, Д. Кеннеди. Попурри" в магазине "Магазин Алматы"', 'Продажа'),
(237, 1, 5, '2016-09-22 14:46:46', 'Удалена операция типа: ''Продажа'' сотрудником ''Жиенбаев Саннат Алексеевич''. Информация об удаленной операции: товар ''Триллионер слушает, Ш. Аляутдинов. Диля'', сотрудник ''Жиенбаев Саннат Алексеевич'', магазин ''Магазин Алматы'', клиент ''[Не известно]'', цена ''3100'', количество ''1'', скидка ''0%'', бонус ''0%'', дата ''22/09/2016  12:00:18''.', 'Удаление операции'),
(238, 1, 5, '2016-09-22 14:47:03', 'Удалена операция типа: ''Не известно'' сотрудником ''Жиенбаев Саннат Алексеевич''. Информация об удаленной операции: товар '''', сотрудник ''Жиенбаев Саннат Алексеевич'', магазин ''Магазин Алматы'', дата ''22/09/2016  12:01:10''.', 'Удаление операции'),
(239, 1, 5, '2016-09-22 14:47:27', 'Удалена операция типа: ''Не известно'' сотрудником ''Жиенбаев Саннат Алексеевич''. Информация об удаленной операции: товар '''', сотрудник ''Жиенбаев Саннат Алексеевич'', магазин ''Интернет магазин склад\r\n'', дата ''22/09/2016  12:07:03''.', 'Удаление операции'),
(240, 1, 5, '2016-09-22 14:48:26', 'Добавлена категория денежного потока "Минипос" с описанием "Поступление от клиента от Minipos-терминала"', 'Новая категория денежних потоков'),
(241, 1, 5, '2016-09-22 14:49:16', 'Добавлена категория денежного потока "Минипос" с описанием "Удаление суммы оплаченной Minipos-терминалом с кассы магазина"', 'Новая категория денежних потоков'),
(242, 1, 5, '2016-09-22 14:49:54', 'Продано 1 штук товара "Триллионер слушает, Ш. Аляутдинов. Диля" в магазине "Магазин Алматы"', 'Продажа'),
(243, 1, 5, '2016-09-22 14:50:41', 'Произведен отток на кассу "Магазин Алматы" с комментарием "" в размере 3100 тг ', 'Отток на кассу'),
(244, 1, 5, '2016-09-22 15:03:25', ' Пользователь зашел в веб-сайт ', 'Вход'),
(245, 1, 5, '2016-09-22 15:03:55', 'Произведен приток на кассу "Банк" с комментарием "Триллионер слушает" в размере 3100 тг ', 'Приток на кассу'),
(246, 1, 5, '2016-09-22 15:04:26', 'Удалена операция типа: ''Продажа'' сотрудником ''Жиенбаев Саннат Алексеевич''. Информация об удаленной операции: товар ''Мудрость женщины, Л. Хей. Эксмо'', сотрудник ''Жиенбаев Саннат Алексеевич'', магазин ''Магазин Алматы'', клиент ''[Не известно]'', цена ''1250'', количество ''1'', скидка ''0%'', бонус ''0%'', дата ''22/09/2016  13:21:47''.', 'Удаление операции'),
(247, 1, 5, '2016-09-22 15:04:48', 'Удалена операция типа: ''Не известно'' сотрудником ''Жиенбаев Саннат Алексеевич''. Информация об удаленной операции: товар '''', сотрудник ''Жиенбаев Саннат Алексеевич'', магазин ''Магазин Алматы'', дата ''22/09/2016  13:22:41''.', 'Удаление операции'),
(248, 1, 5, '2016-09-22 15:05:05', 'Удалена операция типа: ''Не известно'' сотрудником ''Жиенбаев Саннат Алексеевич''. Информация об удаленной операции: товар '''', сотрудник ''Жиенбаев Саннат Алексеевич'', магазин ''Интернет магазин склад\r\n'', дата ''22/09/2016  13:22:55''.', 'Удаление операции'),
(249, 1, 5, '2016-09-22 15:05:38', 'Продано 1 штук товара "Мудрость женщины, Л. Хей. Эксмо" в магазине "Магазин Алматы"', 'Продажа'),
(250, 1, 5, '2016-09-22 15:05:55', 'Произведен отток на кассу "Магазин Алматы" с комментарием "Мудрость женщины" в размере 1250 тг ', 'Отток на кассу'),
(251, 1, 5, '2016-09-22 15:06:11', 'Произведен приток на кассу "Магазин Алматы" с комментарием "Мудрость женщины" в размере 1250 тг ', 'Приток на кассу'),
(252, 1, 5, '2016-09-22 15:08:01', 'Удалена операция типа: ''Не известно'' сотрудником ''Жиенбаев Саннат Алексеевич''. Информация об удаленной операции: товар '''', сотрудник ''Жиенбаев Саннат Алексеевич'', магазин ''Магазин Алматы'', дата ''22/09/2016  15:06:11''.', 'Удаление операции'),
(253, 1, 5, '2016-09-22 15:08:17', 'Произведен приток на кассу "Банк" с комментарием "Мудрость женщины" в размере 1250 тг ', 'Приток на кассу'),
(254, 1, 5, '2016-09-22 15:14:54', 'Продано 1 штук товара "Финансы триллионера,  Ш. Аляутдинов. Диля" в магазине "Магазин Алматы"', 'Продажа'),
(255, 1, 5, '2016-09-22 15:15:14', 'Продано 1 штук товара "Мусульманская молитвенная практика, Ш. Аляутдинов. Диля" в магазине "Магазин Алматы"', 'Продажа'),
(256, 1, 5, '2016-09-22 15:15:34', 'Продано 1 штук товара "Потусторонние миры (мг), Ш. Аляутдинов. Диля" в магазине "Магазин Алматы"', 'Продажа'),
(257, 1, 5, '2016-09-22 15:15:46', 'Продано 1 штук товара "Загадки женского мозга, Д. Амен. Эксмо" в магазине "Магазин Алматы"', 'Продажа'),
(258, 1, 5, '2016-09-22 15:16:05', 'Продано 1 штук товара "Измени свой мозг изменится и возраст, Д. Амен. Эксмо" в магазине "Магазин Алматы"', 'Продажа'),
(259, 1, 5, '2016-09-22 15:17:33', 'Произведен отток на кассу "Магазин Алматы" с комментарием "Фин.трил.,мус.мол.пр.,потуст.миры, загадки жен.мозга,изм.мозг.изм.воз." в размере 12210 тг ', 'Отток на кассу'),
(260, 1, 5, '2016-09-22 15:17:49', 'Произведен приток на кассу "Банк" с комментарием "Фин.трил.,мус.мол.пр.,потуст.миры, загадки жен.мозга,изм.мозг.изм.воз." в размере 12210 тг ', 'Приток на кассу'),
(261, 1, 5, '2016-09-22 15:18:20', 'Продано 2 штук товара "Расписание триллионера, Ш. Аляутдинов. Диля" в магазине "Магазин Алматы"', 'Продажа'),
(262, 1, 5, '2016-09-22 15:18:41', 'Произведен отток на кассу "Магазин Алматы" с комментарием "использован бонус Белый Александр" в размере 540 тг ', 'Отток на кассу'),
(263, 1, 5, '2016-09-22 15:19:13', 'Продано 1 штук товара "Нейромаркетинг. Как влиять на подсознание потребителя, Р. Дули. Попурри" в магазине "Магазин Алматы"', 'Продажа'),
(264, 1, 5, '2016-09-22 15:19:23', 'Продано 1 штук товара "Сингапурское чудо: Ли Куан Ю, АСТ" в магазине "Магазин Алматы"', 'Продажа'),
(265, 1, 5, '2016-09-22 15:19:46', 'Произведен отток на кассу "Магазин Алматы" с комментарием "Использован Бонусы Расуловы Зарины " в размере 545 тг ', 'Отток на кассу'),
(266, 1, 5, '2016-09-22 15:20:07', 'Произведен отток на кассу "Магазин Алматы" с комментарием "Исмаил" в размере 5000 тг ', 'Отток на кассу'),
(267, 1, 5, '2016-09-22 15:20:21', 'Продано 1 штук товара "Невозможное возможно (диск), Ш. Аляутдинов" в магазине "Магазин Алматы"', 'Продажа'),
(268, 1, 5, '2016-09-22 15:20:31', 'Продано 1 штук товара "Взгляни на мир шире (диск), Ш. Аляутдинов" в магазине "Магазин Алматы"', 'Продажа'),
(269, 1, 5, '2016-09-22 15:20:48', 'Продано 1 штук товара "Один триллион (диск), Ш. Аляутдинов" в магазине "Магазин Алматы"', 'Продажа'),
(270, 1, 5, '2016-09-22 15:20:57', 'Продано 1 штук товара "Прочнее стали (диск), Ш. Аляутдинов" в магазине "Магазин Алматы"', 'Продажа'),
(271, 1, 5, '2016-09-22 15:21:07', 'Продано 1 штук товара "Триллионер слушает (Супер обл 60х90/16)" в магазине "Магазин Алматы"', 'Продажа'),
(272, 1, 5, '2016-09-22 15:21:21', 'Продано 1 штук товара "Триллионер (Сборник проповедей). Кто распределяет Божью милость? (диск), Ш. Аляутдинов" в магазине "Магазин Алматы"', 'Продажа'),
(273, 1, 5, '2016-09-22 15:21:29', 'Продано 1 штук товара "Взгляни на мир шире (диск), Ш. Аляутдинов" в магазине "Магазин Алматы"', 'Продажа'),
(274, 1, 5, '2016-09-22 15:21:43', 'Продано 1 штук товара "Невозможное возможно (диск), Ш. Аляутдинов" в магазине "Магазин Алматы"', 'Продажа'),
(275, 1, 5, '2016-09-22 15:22:42', 'Оприходавано 1 штук товара "Невозможное возможно (диск), Ш. Аляутдинов" на склад "Магазин Алматы"', 'Оприходование'),
(276, 1, 5, '2016-09-22 15:22:53', 'Продано 1 штук товара "Невозможное возможно (диск), Ш. Аляутдинов" в магазине "Магазин Алматы"', 'Продажа'),
(277, 1, 5, '2016-09-22 15:23:03', 'Продано 1 штук товара "Прочнее стали (диск), Ш. Аляутдинов" в магазине "Магазин Алматы"', 'Продажа'),
(278, 1, 5, '2016-09-22 15:23:18', 'Продано 1 штук товара "Один триллион (диск), Ш. Аляутдинов" в магазине "Магазин Алматы"', 'Продажа'),
(279, 1, 5, '2016-09-22 15:23:30', 'Продано 1 штук товара "Потусторонние миры (диск), Ш. Аляутдинов. Диля" в магазине "Магазин Алматы"', 'Продажа'),
(280, 1, 5, '2016-09-22 15:23:47', 'Продано 1 штук товара "Мир души (диск), Ш. Аляутдинов" в магазине "Магазин Алматы"', 'Продажа'),
(281, 1, 5, '2016-09-22 15:23:55', 'Продано 1 штук товара "Странник в тленном мире (диск), Ш. Аляутдинов" в магазине "Магазин Алматы"', 'Продажа'),
(282, 1, 5, '2016-09-22 15:24:02', 'Продано 1 штук товара "Неповторимые цветы жизни (диск), Ш. Аляутдинов" в магазине "Магазин Алматы"', 'Продажа'),
(283, 1, 5, '2016-09-22 15:24:10', 'Продано 1 штук товара "Широта души (диск), Ш. Аляутдинов" в магазине "Магазин Алматы"', 'Продажа'),
(284, 1, 5, '2016-09-22 15:24:26', 'Продано 2 штук товара "Не грусти. Аль-Карни" в магазине "Магазин Алматы"', 'Продажа'),
(285, 1, 5, '2016-09-22 15:24:50', 'Произведен отток на кассу "Магазин Алматы" с комментарием "использован бонус Каиргельдин Марат" в размере 720 тг ', 'Отток на кассу'),
(286, 1, 5, '2016-09-22 15:25:32', 'Оприходавано 6 штук товара "Триллионер слушает (Супер обл 60х90/16)" на склад "Магазин Алматы"', 'Оприходование'),
(287, 1, 5, '2016-09-22 15:25:44', 'Оприходавано 24 штук товара "Триллионер слушает, Ш. Аляутдинов. Диля" на склад "Магазин Алматы"', 'Оприходование'),
(288, 1, 5, '2016-09-22 15:25:57', 'Оприходавано 24 штук товара "Триллионер думает, Ш. Аляутдинов. Диля" на склад "Магазин Алматы"', 'Оприходование'),
(289, 1, 5, '2016-09-22 15:26:13', 'Оприходавано 28 штук товара "Мир души, Ш. Аляутдинов. Диля" на склад "Магазин Алматы"', 'Оприходование'),
(290, 1, 5, '2016-09-22 15:26:21', 'Оприходавано 20 штук товара "Финансы триллионера,  Ш. Аляутдинов. Диля" на склад "Магазин Алматы"', 'Оприходование'),
(291, 1, 5, '2016-09-22 15:26:35', 'Оприходавано 12 штук товара "Стань самым умным и самым богатым 1, Ш. Аляутдинов. Диля" на склад "Магазин Алматы"', 'Оприходование'),
(292, 1, 5, '2016-09-22 15:26:45', 'Оприходавано 4 штук товара "Как увидеть Рай (золотой), Ш. Аляутдинов. Диля" на склад "Магазин Алматы"', 'Оприходование'),
(293, 1, 5, '2016-09-22 15:26:58', 'Оприходавано 12 штук товара "Стань самым умным и самым богатым 2, Ш. Аляутдинов. Диля" на склад "Магазин Алматы"', 'Оприходование'),
(294, 1, 5, '2016-09-22 15:27:10', 'Оприходавано 24 штук товара "Высказывания Пророка (толстая). Ш. Аляутдинов. Диля" на склад "Магазин Алматы"', 'Оприходование'),
(295, 1, 5, '2016-09-22 15:27:20', 'Оприходавано 8 штук товара "Он и она, Ш. Аляутдинов. Диля" на склад "Магазин Алматы"', 'Оприходование'),
(296, 1, 5, '2016-09-22 15:27:42', 'Произведен отток на кассу "Магазин Алматы" с комментарием "Бонусы Жадры" в размере 20000 тг ', 'Отток на кассу'),
(297, 1, 5, '2016-09-22 15:28:36', 'Продано 1 штук товара "Жануарлар туралы ертегілер" в магазине "Магазин Алматы"', 'Продажа'),
(298, 1, 5, '2016-09-22 15:28:48', 'Продано 1 штук товара "Мен бақытты баламын" в магазине "Магазин Алматы"', 'Продажа'),
(299, 1, 5, '2016-09-22 15:31:14', 'Добавлена категория денежного потока "Скидка" с описанием ""', 'Новая категория денежних потоков'),
(300, 1, 5, '2016-09-22 15:31:57', 'Продано 1 штук товара "Финансы триллионера,  Ш. Аляутдинов. Диля" в магазине "Магазин Алматы"', 'Продажа'),
(301, 1, 5, '2016-09-22 15:32:12', 'Продано 1 штук товара "Сила воли, К. Макгонигал. МИФ" в магазине "Магазин Алматы"', 'Продажа'),
(302, 1, 5, '2016-09-22 15:32:28', 'Произведен отток на кассу "Магазин Алматы" с комментарием "" в размере 5000 тг ', 'Отток на кассу'),
(303, 1, 5, '2016-09-22 16:15:56', ' Пользователь зашел в веб-сайт ', 'Вход'),
(304, 1, 5, '2016-09-22 16:16:27', 'Продано 1 штук товара "Сүйкімді сұлулар (Милые красавицы)" в магазине "Магазин Алматы"', 'Продажа'),
(305, 1, 5, '2016-09-22 16:16:37', 'Продано 1 штук товара "Победа, Б. Трейси. Попурри" в магазине "Магазин Алматы"', 'Продажа'),
(306, 1, 5, '2016-09-22 16:17:01', 'Продано 1 штук товара "Финансы триллионера,  Ш. Аляутдинов. Диля" в магазине "Магазин Алматы"', 'Продажа'),
(307, 1, 5, '2016-09-22 16:17:09', 'Продано 1 штук товара "Деньги идут женщинам на пользу, Б. Шефер; К. Ферстль. Попурри" в магазине "Магазин Алматы"', 'Продажа'),
(308, 1, 5, '2016-09-22 16:18:45', 'Продано 1 штук товара "Загадки женского мозга, Д. Амен. Эксмо" в магазине "Магазин Алматы"', 'Продажа'),
(309, 1, 5, '2016-09-22 16:18:59', 'Продано 1 штук товара "Открой свою судьбу с монахом, который продал свой "феррари", Р. Шарма. АСТ" в магазине "Магазин Алматы"', 'Продажа'),
(310, 1, 5, '2016-09-22 16:19:10', 'Продано 1 штук товара "Ежедневник 90 дней, Ш. Аляутдинов. Диля" в магазине "Магазин Алматы"', 'Продажа'),
(311, 1, 5, '2016-09-22 16:19:17', 'Продано 1 штук товара "Финансы триллионера,  Ш. Аляутдинов. Диля" в магазине "Магазин Алматы"', 'Продажа'),
(312, 1, 5, '2016-09-22 16:21:03', 'Продано 1 штук товара "Мир души, Ш. Аляутдинов. Диля" в магазине "Магазин Алматы"', 'Продажа'),
(313, 1, 5, '2016-09-22 16:21:41', 'Продано 1 штук товара "Подсознание может все (фио. мг.), Дж. Кехо. Попурри" в магазине "Магазин Алматы"', 'Продажа'),
(314, 1, 5, '2016-09-22 16:21:54', 'Продано 1 штук товара "Не грусти. Аль-Карни" в магазине "Магазин Алматы"', 'Продажа'),
(315, 1, 5, '2016-09-22 16:22:14', 'Произведен отток на кассу "Магазин Алматы" с комментарием "Использован Бонусы Садыркулова Зауре" в размере 585 тг ', 'Отток на кассу'),
(316, 1, 5, '2016-09-22 16:22:28', 'Произведен отток на кассу "Магазин Алматы" с комментарием "Использован Бонусы Каратаева Айжан" в размере 420 тг ', 'Отток на кассу'),
(317, 1, 5, '2016-09-22 16:37:57', 'Добавлена категория денежного потока "Epay или на карточку" с описанием "Удаление суммы оплаченной через Epay или же через карточку с кассы магазина"', 'Новая категория денежних потоков'),
(318, 1, 5, '2016-09-22 16:38:26', 'Произведен отток на кассу "Магазин Алматы" с комментарием "Финансы триллионера" в размере 4200 тг ', 'Отток на кассу'),
(319, 1, 5, '2016-09-22 16:38:51', 'Произведен приток на кассу "Банк" с комментарием "Финансы триллионера, epay или на карточку" в размере 4200 тг ', 'Приток на кассу'),
(320, 1, 5, '2016-09-22 16:44:22', 'Произведен отток на кассу "Магазин Алматы" с комментарием "Сүйкімді сұлулар (Милые красавицы) разница" в размере 425 тг ', 'Отток на кассу'),
(321, 1, 5, '2016-09-22 16:50:25', 'Произведен отток на кассу "Магазин Алматы" с комментарием "" в размере 850 тг ', 'Отток на кассу'),
(322, 1, 5, '2016-09-22 16:50:42', 'Удалена операция типа: ''Не известно'' сотрудником ''Жиенбаев Саннат Алексеевич''. Информация об удаленной операции: товар '''', сотрудник ''Жиенбаев Саннат Алексеевич'', магазин ''Магазин Алматы'', дата ''22/09/2016  16:50:25''.', 'Удаление операции'),
(323, 1, 5, '2016-09-22 16:51:03', 'Произведен отток на кассу "Магазин Алматы" с комментарием "скидка Жадры" в размере 850 тг ', 'Отток на кассу'),
(324, 1, 5, '2016-09-22 17:01:50', 'Удалена операция типа: ''Продажа'' сотрудником ''Жиенбаев Саннат Алексеевич''. Информация об удаленной операции: товар ''Финансы триллионера,  Ш. Аляутдинов. Диля'', сотрудник ''Жиенбаев Саннат Алексеевич'', магазин ''Магазин Алматы'', клиент ''[Не известно]'', цена ''4200'', количество ''1'', скидка ''0%'', бонус ''0%'', дата ''22/09/2016  14:39:30''.', 'Удаление операции'),
(325, 1, 5, '2016-09-22 17:02:06', 'Удалена операция типа: ''Не известно'' сотрудником ''Жиенбаев Саннат Алексеевич''. Информация об удаленной операции: товар '''', сотрудник ''Жиенбаев Саннат Алексеевич'', магазин ''Магазин Алматы'', дата ''22/09/2016  14:36:14''.', 'Удаление операции'),
(326, 1, 5, '2016-09-22 17:03:43', 'Удалена операция типа: ''Не известно'' сотрудником ''Жиенбаев Саннат Алексеевич''. Информация об удаленной операции: товар '''', сотрудник ''Жиенбаев Саннат Алексеевич'', магазин ''Магазин Алматы'', дата ''22/09/2016  16:44:22''.', 'Удаление операции'),
(327, 1, 5, '2016-09-22 17:04:24', 'Произведен отток на кассу "Магазин Алматы" с комментарием "" в размере 425 тг ', 'Отток на кассу'),
(328, 1, 5, '2016-09-22 17:10:00', 'Удалена операция типа: ''Продажа'' сотрудником ''Жиенбаев Саннат Алексеевич''. Информация об удаленной операции: товар ''Невозможное возможно (диск), Ш. Аляутдинов'', сотрудник ''Жиенбаев Саннат Алексеевич'', магазин ''Магазин Алматы'', клиент ''[Не известно]'', цена ''750'', количество ''1'', скидка ''0%'', бонус ''0%'', дата ''22/09/2016  15:22:53''.', 'Удаление операции'),
(329, 1, 5, '2016-09-22 17:14:29', 'Удалена операция типа: ''Продажа'' сотрудником ''Жиенбаев Саннат Алексеевич''. Информация об удаленной операции: товар ''Финансы триллионера,  Ш. Аляутдинов. Диля'', сотрудник ''Жиенбаев Саннат Алексеевич'', магазин ''Магазин Алматы'', клиент ''[Не известно]'', цена ''4200'', количество ''1'', скидка ''0%'', бонус ''0%'', дата ''22/09/2016  14:40:49''.', 'Удаление операции'),
(330, 1, 5, '2016-09-22 17:14:36', 'Удалена операция типа: ''Не известно'' сотрудником ''Жиенбаев Саннат Алексеевич''. Информация об удаленной операции: товар '''', сотрудник ''Жиенбаев Саннат Алексеевич'', магазин ''Магазин Алматы'', дата ''22/09/2016  17:04:24''.', 'Удаление операции'),
(331, 1, 5, '2016-09-22 17:14:44', 'Удалена операция типа: ''Не известно'' сотрудником ''Жиенбаев Саннат Алексеевич''. Информация об удаленной операции: товар '''', сотрудник ''Жиенбаев Саннат Алексеевич'', магазин ''Магазин Алматы'', дата ''22/09/2016  16:51:03''.', 'Удаление операции'),
(332, 1, 5, '2016-09-22 17:15:01', 'Удалена операция типа: ''Не известно'' сотрудником ''Жиенбаев Саннат Алексеевич''. Информация об удаленной операции: товар '''', сотрудник ''Жиенбаев Саннат Алексеевич'', магазин ''Банк'', дата ''22/09/2016  16:38:51''.', 'Удаление операции'),
(333, 1, 5, '2016-09-22 17:15:06', 'Удалена операция типа: ''Не известно'' сотрудником ''Жиенбаев Саннат Алексеевич''. Информация об удаленной операции: товар '''', сотрудник ''Жиенбаев Саннат Алексеевич'', магазин ''Магазин Алматы'', дата ''22/09/2016  16:38:26''.', 'Удаление операции'),
(334, 1, 5, '2016-09-22 17:15:11', 'Удалена операция типа: ''Не известно'' сотрудником ''Жиенбаев Саннат Алексеевич''. Информация об удаленной операции: товар '''', сотрудник ''Жиенбаев Саннат Алексеевич'', магазин ''Магазин Алматы'', дата ''22/09/2016  16:22:28''.', 'Удаление операции'),
(335, 1, 5, '2016-09-22 17:15:17', 'Удалена операция типа: ''Не известно'' сотрудником ''Жиенбаев Саннат Алексеевич''. Информация об удаленной операции: товар '''', сотрудник ''Жиенбаев Саннат Алексеевич'', магазин ''Магазин Алматы'', дата ''22/09/2016  16:22:14''.', 'Удаление операции'),
(336, 1, 5, '2016-09-22 17:15:23', 'Удалена операция типа: ''Продажа'' сотрудником ''Жиенбаев Саннат Алексеевич''. Информация об удаленной операции: товар ''Не грусти. Аль-Карни'', сотрудник ''Жиенбаев Саннат Алексеевич'', магазин ''Магазин Алматы'', клиент ''[Не известно]'', цена ''3600'', количество ''1'', скидка ''0%'', бонус ''0%'', дата ''22/09/2016  16:21:54''.', 'Удаление операции'),
(337, 1, 5, '2016-09-22 17:15:28', 'Удалена операция типа: ''Продажа'' сотрудником ''Жиенбаев Саннат Алексеевич''. Информация об удаленной операции: товар ''Подсознание может все (фио. мг.), Дж. Кехо. Попурри'', сотрудник ''Жиенбаев Саннат Алексеевич'', магазин ''Магазин Алматы'', клиент ''[Не известно]'', цена ''1400'', количество ''1'', скидка ''0%'', бонус ''0%'', дата ''22/09/2016  16:21:41''.', 'Удаление операции'),
(338, 1, 5, '2016-09-22 17:15:33', 'Удалена операция типа: ''Продажа'' сотрудником ''Жиенбаев Саннат Алексеевич''. Информация об удаленной операции: товар ''Мир души, Ш. Аляутдинов. Диля'', сотрудник ''Жиенбаев Саннат Алексеевич'', магазин ''Магазин Алматы'', клиент ''[Не известно]'', цена ''2500'', количество ''1'', скидка ''0%'', бонус ''0%'', дата ''22/09/2016  16:21:03''.', 'Удаление операции'),
(339, 1, 5, '2016-09-22 17:15:39', 'Удалена операция типа: ''Продажа'' сотрудником ''Жиенбаев Саннат Алексеевич''. Информация об удаленной операции: товар ''Финансы триллионера,  Ш. Аляутдинов. Диля'', сотрудник ''Жиенбаев Саннат Алексеевич'', магазин ''Магазин Алматы'', клиент ''[Не известно]'', цена ''4200'', количество ''1'', скидка ''0%'', бонус ''0%'', дата ''22/09/2016  16:19:17''.', 'Удаление операции'),
(340, 1, 5, '2016-09-22 17:15:50', 'Удалена операция типа: ''Продажа'' сотрудником ''Жиенбаев Саннат Алексеевич''. Информация об удаленной операции: товар ''Ежедневник 90 дней, Ш. Аляутдинов. Диля'', сотрудник ''Жиенбаев Саннат Алексеевич'', магазин ''Магазин Алматы'', клиент ''[Не известно]'', цена ''3200'', количество ''1'', скидка ''0%'', бонус ''0%'', дата ''22/09/2016  16:19:10''.', 'Удаление операции'),
(341, 1, 5, '2016-09-22 17:15:55', 'Удалена операция типа: ''Продажа'' сотрудником ''Жиенбаев Саннат Алексеевич''. Информация об удаленной операции: товар ''Открой свою судьбу с монахом, который продал свой ', 'Удаление операции'),
(342, 1, 5, '2016-09-22 17:16:13', 'Удалена операция типа: ''Продажа'' сотрудником ''Жиенбаев Саннат Алексеевич''. Информация об удаленной операции: товар ''Загадки женского мозга, Д. Амен. Эксмо'', сотрудник ''Жиенбаев Саннат Алексеевич'', магазин ''Магазин Алматы'', клиент ''[Не известно]'', цена ''3000'', количество ''1'', скидка ''0%'', бонус ''0%'', дата ''22/09/2016  16:18:45''.', 'Удаление операции'),
(343, 1, 5, '2016-09-22 17:16:18', 'Удалена операция типа: ''Продажа'' сотрудником ''Жиенбаев Саннат Алексеевич''. Информация об удаленной операции: товар ''Деньги идут женщинам на пользу, Б. Шефер; К. Ферстль. Попурри'', сотрудник ''Жиенбаев Саннат Алексеевич'', магазин ''Магазин Алматы'', клиент ''[Не известно]'', цена ''1900'', количество ''1'', скидка ''0%'', бонус ''0%'', дата ''22/09/2016  16:17:09''.', 'Удаление операции'),
(344, 1, 5, '2016-09-22 17:16:23', 'Удалена операция типа: ''Продажа'' сотрудником ''Жиенбаев Саннат Алексеевич''. Информация об удаленной операции: товар ''Финансы триллионера,  Ш. Аляутдинов. Диля'', сотрудник ''Жиенбаев Саннат Алексеевич'', магазин ''Магазин Алматы'', клиент ''[Не известно]'', цена ''4200'', количество ''1'', скидка ''0%'', бонус ''0%'', дата ''22/09/2016  16:17:01''.', 'Удаление операции'),
(345, 1, 5, '2016-09-22 17:17:05', 'Удалена операция типа: ''Продажа'' сотрудником ''Жиенбаев Саннат Алексеевич''. Информация об удаленной операции: товар ''Победа, Б. Трейси. Попурри'', сотрудник ''Жиенбаев Саннат Алексеевич'', магазин ''Магазин Алматы'', клиент ''[Не известно]'', цена ''2000'', количество ''1'', скидка ''0%'', бонус ''0%'', дата ''22/09/2016  16:16:37''.', 'Удаление операции'),
(346, 1, 5, '2016-09-22 17:17:13', 'Удалена операция типа: ''Продажа'' сотрудником ''Жиенбаев Саннат Алексеевич''. Информация об удаленной операции: товар ''Сүйкімді сұлулар (Милые красавицы)'', сотрудник ''Жиенбаев Саннат Алексеевич'', магазин ''Магазин Алматы'', клиент ''[Не известно]'', цена ''1075'', количество ''1'', скидка ''0%'', бонус ''0%'', дата ''22/09/2016  16:16:27''.', 'Удаление операции'),
(347, 1, 5, '2016-09-22 17:17:22', 'Удалена операция типа: ''Не известно'' сотрудником ''Жиенбаев Саннат Алексеевич''. Информация об удаленной операции: товар '''', сотрудник ''Жиенбаев Саннат Алексеевич'', магазин ''Магазин Алматы'', дата ''22/09/2016  15:32:28''.', 'Удаление операции'),
(348, 1, 5, '2016-09-22 17:18:02', 'Удалена операция типа: ''Продажа'' сотрудником ''Жиенбаев Саннат Алексеевич''. Информация об удаленной операции: товар ''Сила воли, К. Макгонигал. МИФ'', сотрудник ''Жиенбаев Саннат Алексеевич'', магазин ''Магазин Алматы'', клиент ''[Не известно]'', цена ''5170'', количество ''1'', скидка ''0%'', бонус ''0%'', дата ''22/09/2016  15:32:12''.', 'Удаление операции'),
(349, 1, 5, '2016-09-22 17:18:09', 'Удалена операция типа: ''Продажа'' сотрудником ''Жиенбаев Саннат Алексеевич''. Информация об удаленной операции: товар ''Финансы триллионера,  Ш. Аляутдинов. Диля'', сотрудник ''Жиенбаев Саннат Алексеевич'', магазин ''Магазин Алматы'', клиент ''[Не известно]'', цена ''4200'', количество ''1'', скидка ''0%'', бонус ''0%'', дата ''22/09/2016  15:31:57''.', 'Удаление операции'),
(350, 1, 5, '2016-09-22 17:18:13', 'Удалена операция типа: ''Продажа'' сотрудником ''Жиенбаев Саннат Алексеевич''. Информация об удаленной операции: товар ''Мен бақытты баламын'', сотрудник ''Жиенбаев Саннат Алексеевич'', магазин ''Магазин Алматы'', клиент ''[Не известно]'', цена ''245'', количество ''1'', скидка ''0%'', бонус ''0%'', дата ''22/09/2016  15:28:48''.', 'Удаление операции'),
(351, 1, 5, '2016-09-22 17:18:18', 'Удалена операция типа: ''Продажа'' сотрудником ''Жиенбаев Саннат Алексеевич''. Информация об удаленной операции: товар ''Жануарлар туралы ертегілер'', сотрудник ''Жиенбаев Саннат Алексеевич'', магазин ''Магазин Алматы'', клиент ''[Не известно]'', цена ''1665'', количество ''1'', скидка ''0%'', бонус ''0%'', дата ''22/09/2016  15:28:36''.', 'Удаление операции'),
(352, 1, 5, '2016-09-22 17:18:41', 'Удалена операция типа: ''Не известно'' сотрудником ''Жиенбаев Саннат Алексеевич''. Информация об удаленной операции: товар '''', сотрудник ''Жиенбаев Саннат Алексеевич'', магазин ''Магазин Алматы'', дата ''22/09/2016  15:27:42''.', 'Удаление операции');
INSERT INTO `history` (`history_id`, `emp_id`, `comp_id`, `history_date`, `history_text`, `history_type`) VALUES
(353, 1, 5, '2016-09-22 17:19:41', 'Удалена операция типа: ''Оприходование'' сотрудником ''Жиенбаев Саннат Алексеевич''. Информация об удаленной операции: товар ''Он и она, Ш. Аляутдинов. Диля'', сотрудник ''Жиенбаев Саннат Алексеевич'', магазин ''Магазин Алматы'', количество ''8'', дата ''22/09/2016  15:27:20''.', 'Удаление операции'),
(354, 1, 5, '2016-09-22 17:19:46', 'Удалена операция типа: ''Оприходование'' сотрудником ''Жиенбаев Саннат Алексеевич''. Информация об удаленной операции: товар ''Высказывания Пророка (толстая). Ш. Аляутдинов. Диля'', сотрудник ''Жиенбаев Саннат Алексеевич'', магазин ''Магазин Алматы'', количество ''24'', дата ''22/09/2016  15:27:10''.', 'Удаление операции'),
(355, 1, 5, '2016-09-22 17:19:52', 'Удалена операция типа: ''Оприходование'' сотрудником ''Жиенбаев Саннат Алексеевич''. Информация об удаленной операции: товар ''Стань самым умным и самым богатым 2, Ш. Аляутдинов. Диля'', сотрудник ''Жиенбаев Саннат Алексеевич'', магазин ''Магазин Алматы'', количество ''12'', дата ''22/09/2016  15:26:58''.', 'Удаление операции'),
(356, 1, 5, '2016-09-22 17:19:57', 'Удалена операция типа: ''Оприходование'' сотрудником ''Жиенбаев Саннат Алексеевич''. Информация об удаленной операции: товар ''Как увидеть Рай (золотой), Ш. Аляутдинов. Диля'', сотрудник ''Жиенбаев Саннат Алексеевич'', магазин ''Магазин Алматы'', количество ''4'', дата ''22/09/2016  15:26:45''.', 'Удаление операции'),
(357, 1, 5, '2016-09-22 17:20:01', 'Удалена операция типа: ''Оприходование'' сотрудником ''Жиенбаев Саннат Алексеевич''. Информация об удаленной операции: товар ''Стань самым умным и самым богатым 1, Ш. Аляутдинов. Диля'', сотрудник ''Жиенбаев Саннат Алексеевич'', магазин ''Магазин Алматы'', количество ''12'', дата ''22/09/2016  15:26:35''.', 'Удаление операции'),
(358, 1, 5, '2016-09-22 17:20:05', 'Удалена операция типа: ''Оприходование'' сотрудником ''Жиенбаев Саннат Алексеевич''. Информация об удаленной операции: товар ''Финансы триллионера,  Ш. Аляутдинов. Диля'', сотрудник ''Жиенбаев Саннат Алексеевич'', магазин ''Магазин Алматы'', количество ''20'', дата ''22/09/2016  15:26:21''.', 'Удаление операции'),
(359, 1, 5, '2016-09-22 17:20:10', 'Удалена операция типа: ''Оприходование'' сотрудником ''Жиенбаев Саннат Алексеевич''. Информация об удаленной операции: товар ''Мир души, Ш. Аляутдинов. Диля'', сотрудник ''Жиенбаев Саннат Алексеевич'', магазин ''Магазин Алматы'', количество ''28'', дата ''22/09/2016  15:26:13''.', 'Удаление операции'),
(360, 1, 5, '2016-09-22 17:20:14', 'Удалена операция типа: ''Оприходование'' сотрудником ''Жиенбаев Саннат Алексеевич''. Информация об удаленной операции: товар ''Триллионер думает, Ш. Аляутдинов. Диля'', сотрудник ''Жиенбаев Саннат Алексеевич'', магазин ''Магазин Алматы'', количество ''24'', дата ''22/09/2016  15:25:57''.', 'Удаление операции'),
(361, 1, 5, '2016-09-22 17:20:42', 'Удалена операция типа: ''Оприходование'' сотрудником ''Жиенбаев Саннат Алексеевич''. Информация об удаленной операции: товар ''Триллионер слушает, Ш. Аляутдинов. Диля'', сотрудник ''Жиенбаев Саннат Алексеевич'', магазин ''Магазин Алматы'', количество ''24'', дата ''22/09/2016  15:25:44''.', 'Удаление операции'),
(362, 1, 5, '2016-09-22 17:20:47', 'Удалена операция типа: ''Оприходование'' сотрудником ''Жиенбаев Саннат Алексеевич''. Информация об удаленной операции: товар ''Триллионер слушает (Супер обл 60х90/16)'', сотрудник ''Жиенбаев Саннат Алексеевич'', магазин ''Магазин Алматы'', количество ''6'', дата ''22/09/2016  15:25:32''.', 'Удаление операции'),
(363, 1, 5, '2016-09-22 17:20:52', 'Удалена операция типа: ''Не известно'' сотрудником ''Жиенбаев Саннат Алексеевич''. Информация об удаленной операции: товар '''', сотрудник ''Жиенбаев Саннат Алексеевич'', магазин ''Магазин Алматы'', дата ''22/09/2016  15:24:50''.', 'Удаление операции'),
(364, 1, 5, '2016-09-22 17:20:55', 'Удалена операция типа: ''Продажа'' сотрудником ''Жиенбаев Саннат Алексеевич''. Информация об удаленной операции: товар ''Не грусти. Аль-Карни'', сотрудник ''Жиенбаев Саннат Алексеевич'', магазин ''Магазин Алматы'', клиент ''[Не известно]'', цена ''3600'', количество ''2'', скидка ''0%'', бонус ''0%'', дата ''22/09/2016  15:24:26''.', 'Удаление операции'),
(365, 1, 5, '2016-09-22 17:21:00', 'Удалена операция типа: ''Продажа'' сотрудником ''Жиенбаев Саннат Алексеевич''. Информация об удаленной операции: товар ''Широта души (диск), Ш. Аляутдинов'', сотрудник ''Жиенбаев Саннат Алексеевич'', магазин ''Магазин Алматы'', клиент ''[Не известно]'', цена ''750'', количество ''1'', скидка ''0%'', бонус ''0%'', дата ''22/09/2016  15:24:10''.', 'Удаление операции'),
(366, 1, 5, '2016-09-22 17:21:05', 'Удалена операция типа: ''Продажа'' сотрудником ''Жиенбаев Саннат Алексеевич''. Информация об удаленной операции: товар ''Неповторимые цветы жизни (диск), Ш. Аляутдинов'', сотрудник ''Жиенбаев Саннат Алексеевич'', магазин ''Магазин Алматы'', клиент ''[Не известно]'', цена ''750'', количество ''1'', скидка ''0%'', бонус ''0%'', дата ''22/09/2016  15:24:02''.', 'Удаление операции'),
(367, 1, 5, '2016-09-22 17:21:11', 'Удалена операция типа: ''Продажа'' сотрудником ''Жиенбаев Саннат Алексеевич''. Информация об удаленной операции: товар ''Странник в тленном мире (диск), Ш. Аляутдинов'', сотрудник ''Жиенбаев Саннат Алексеевич'', магазин ''Магазин Алматы'', клиент ''[Не известно]'', цена ''750'', количество ''1'', скидка ''0%'', бонус ''0%'', дата ''22/09/2016  15:23:55''.', 'Удаление операции'),
(368, 1, 5, '2016-09-22 17:21:15', 'Удалена операция типа: ''Продажа'' сотрудником ''Жиенбаев Саннат Алексеевич''. Информация об удаленной операции: товар ''Мир души (диск), Ш. Аляутдинов'', сотрудник ''Жиенбаев Саннат Алексеевич'', магазин ''Магазин Алматы'', клиент ''[Не известно]'', цена ''1000'', количество ''1'', скидка ''0%'', бонус ''0%'', дата ''22/09/2016  15:23:47''.', 'Удаление операции'),
(369, 1, 5, '2016-09-22 17:21:21', 'Удалена операция типа: ''Продажа'' сотрудником ''Жиенбаев Саннат Алексеевич''. Информация об удаленной операции: товар ''Потусторонние миры (диск), Ш. Аляутдинов. Диля'', сотрудник ''Жиенбаев Саннат Алексеевич'', магазин ''Магазин Алматы'', клиент ''[Не известно]'', цена ''3000'', количество ''1'', скидка ''0%'', бонус ''0%'', дата ''22/09/2016  15:23:30''.', 'Удаление операции'),
(370, 1, 5, '2016-09-22 17:21:35', 'Удалена операция типа: ''Продажа'' сотрудником ''Жиенбаев Саннат Алексеевич''. Информация об удаленной операции: товар ''Один триллион (диск), Ш. Аляутдинов'', сотрудник ''Жиенбаев Саннат Алексеевич'', магазин ''Магазин Алматы'', клиент ''[Не известно]'', цена ''750'', количество ''1'', скидка ''0%'', бонус ''0%'', дата ''22/09/2016  15:23:18''.', 'Удаление операции'),
(371, 1, 5, '2016-09-22 17:21:39', 'Удалена операция типа: ''Продажа'' сотрудником ''Жиенбаев Саннат Алексеевич''. Информация об удаленной операции: товар ''Прочнее стали (диск), Ш. Аляутдинов'', сотрудник ''Жиенбаев Саннат Алексеевич'', магазин ''Магазин Алматы'', клиент ''[Не известно]'', цена ''750'', количество ''1'', скидка ''0%'', бонус ''0%'', дата ''22/09/2016  15:23:03''.', 'Удаление операции'),
(372, 1, 5, '2016-09-22 17:21:43', 'Удалена операция типа: ''Оприходование'' сотрудником ''Жиенбаев Саннат Алексеевич''. Информация об удаленной операции: товар ''Невозможное возможно (диск), Ш. Аляутдинов'', сотрудник ''Жиенбаев Саннат Алексеевич'', магазин ''Магазин Алматы'', количество ''1'', дата ''22/09/2016  15:22:42''.', 'Удаление операции'),
(373, 1, 5, '2016-09-22 17:21:47', 'Удалена операция типа: ''Продажа'' сотрудником ''Жиенбаев Саннат Алексеевич''. Информация об удаленной операции: товар ''Невозможное возможно (диск), Ш. Аляутдинов'', сотрудник ''Жиенбаев Саннат Алексеевич'', магазин ''Магазин Алматы'', клиент ''[Не известно]'', цена ''750'', количество ''1'', скидка ''0%'', бонус ''0%'', дата ''22/09/2016  15:21:43''.', 'Удаление операции'),
(374, 1, 5, '2016-09-22 17:21:52', 'Удалена операция типа: ''Продажа'' сотрудником ''Жиенбаев Саннат Алексеевич''. Информация об удаленной операции: товар ''Взгляни на мир шире (диск), Ш. Аляутдинов'', сотрудник ''Жиенбаев Саннат Алексеевич'', магазин ''Магазин Алматы'', клиент ''[Не известно]'', цена ''750'', количество ''1'', скидка ''0%'', бонус ''0%'', дата ''22/09/2016  15:21:29''.', 'Удаление операции'),
(375, 1, 5, '2016-09-22 17:21:55', 'Удалена операция типа: ''Продажа'' сотрудником ''Жиенбаев Саннат Алексеевич''. Информация об удаленной операции: товар ''Триллионер (Сборник проповедей). Кто распределяет Божью милость? (диск), Ш. Аляутдинов'', сотрудник ''Жиенбаев Саннат Алексеевич'', магазин ''Магазин Алматы'', клиент ''[Не известно]'', цена ''750'', количество ''1'', скидка ''0%'', бонус ''0%'', дата ''22/09/2016  15:21:21''.', 'Удаление операции'),
(376, 1, 5, '2016-09-22 17:21:59', 'Удалена операция типа: ''Продажа'' сотрудником ''Жиенбаев Саннат Алексеевич''. Информация об удаленной операции: товар ''Триллионер слушает (Супер обл 60х90/16)'', сотрудник ''Жиенбаев Саннат Алексеевич'', магазин ''Магазин Алматы'', клиент ''[Не известно]'', цена ''4100'', количество ''1'', скидка ''0%'', бонус ''0%'', дата ''22/09/2016  15:21:07''.', 'Удаление операции'),
(377, 1, 5, '2016-09-22 17:22:03', 'Удалена операция типа: ''Продажа'' сотрудником ''Жиенбаев Саннат Алексеевич''. Информация об удаленной операции: товар ''Прочнее стали (диск), Ш. Аляутдинов'', сотрудник ''Жиенбаев Саннат Алексеевич'', магазин ''Магазин Алматы'', клиент ''[Не известно]'', цена ''750'', количество ''1'', скидка ''0%'', бонус ''0%'', дата ''22/09/2016  15:20:57''.', 'Удаление операции'),
(378, 1, 5, '2016-09-22 17:22:07', 'Удалена операция типа: ''Продажа'' сотрудником ''Жиенбаев Саннат Алексеевич''. Информация об удаленной операции: товар ''Один триллион (диск), Ш. Аляутдинов'', сотрудник ''Жиенбаев Саннат Алексеевич'', магазин ''Магазин Алматы'', клиент ''[Не известно]'', цена ''750'', количество ''1'', скидка ''0%'', бонус ''0%'', дата ''22/09/2016  15:20:48''.', 'Удаление операции'),
(379, 1, 5, '2016-09-22 17:22:14', 'Удалена операция типа: ''Продажа'' сотрудником ''Жиенбаев Саннат Алексеевич''. Информация об удаленной операции: товар ''Взгляни на мир шире (диск), Ш. Аляутдинов'', сотрудник ''Жиенбаев Саннат Алексеевич'', магазин ''Магазин Алматы'', клиент ''[Не известно]'', цена ''750'', количество ''1'', скидка ''0%'', бонус ''0%'', дата ''22/09/2016  15:20:31''.', 'Удаление операции'),
(380, 1, 5, '2016-09-22 17:22:18', 'Удалена операция типа: ''Продажа'' сотрудником ''Жиенбаев Саннат Алексеевич''. Информация об удаленной операции: товар ''Невозможное возможно (диск), Ш. Аляутдинов'', сотрудник ''Жиенбаев Саннат Алексеевич'', магазин ''Магазин Алматы'', клиент ''[Не известно]'', цена ''750'', количество ''1'', скидка ''0%'', бонус ''0%'', дата ''22/09/2016  15:20:21''.', 'Удаление операции'),
(381, 1, 5, '2016-09-22 17:22:22', 'Удалена операция типа: ''Не известно'' сотрудником ''Жиенбаев Саннат Алексеевич''. Информация об удаленной операции: товар '''', сотрудник ''Жиенбаев Саннат Алексеевич'', магазин ''Магазин Алматы'', дата ''22/09/2016  15:20:07''.', 'Удаление операции'),
(382, 1, 5, '2016-09-22 17:22:27', 'Удалена операция типа: ''Не известно'' сотрудником ''Жиенбаев Саннат Алексеевич''. Информация об удаленной операции: товар '''', сотрудник ''Жиенбаев Саннат Алексеевич'', магазин ''Магазин Алматы'', дата ''22/09/2016  15:19:46''.', 'Удаление операции'),
(383, 1, 5, '2016-09-22 17:22:31', 'Удалена операция типа: ''Продажа'' сотрудником ''Жиенбаев Саннат Алексеевич''. Информация об удаленной операции: товар ''Сингапурское чудо: Ли Куан Ю, АСТ'', сотрудник ''Жиенбаев Саннат Алексеевич'', магазин ''Магазин Алматы'', клиент ''[Не известно]'', цена ''2900'', количество ''1'', скидка ''0%'', бонус ''0%'', дата ''22/09/2016  15:19:23''.', 'Удаление операции'),
(384, 1, 5, '2016-09-22 17:22:35', 'Удалена операция типа: ''Продажа'' сотрудником ''Жиенбаев Саннат Алексеевич''. Информация об удаленной операции: товар ''Нейромаркетинг. Как влиять на подсознание потребителя, Р. Дули. Попурри'', сотрудник ''Жиенбаев Саннат Алексеевич'', магазин ''Магазин Алматы'', клиент ''[Не известно]'', цена ''2000'', количество ''1'', скидка ''0%'', бонус ''0%'', дата ''22/09/2016  15:19:13''.', 'Удаление операции'),
(385, 1, 5, '2016-09-22 17:22:44', 'Удалена операция типа: ''Не известно'' сотрудником ''Жиенбаев Саннат Алексеевич''. Информация об удаленной операции: товар '''', сотрудник ''Жиенбаев Саннат Алексеевич'', магазин ''Магазин Алматы'', дата ''22/09/2016  15:18:41''.', 'Удаление операции'),
(386, 1, 5, '2016-09-22 17:22:50', 'Удалена операция типа: ''Продажа'' сотрудником ''Жиенбаев Саннат Алексеевич''. Информация об удаленной операции: товар ''Расписание триллионера, Ш. Аляутдинов. Диля'', сотрудник ''Жиенбаев Саннат Алексеевич'', магазин ''Магазин Алматы'', клиент ''[Не известно]'', цена ''3700'', количество ''2'', скидка ''0%'', бонус ''0%'', дата ''22/09/2016  15:18:20''.', 'Удаление операции'),
(387, 1, 5, '2016-09-22 17:23:52', 'Удалена операция типа: ''Не известно'' сотрудником ''Жиенбаев Саннат Алексеевич''. Информация об удаленной операции: товар '''', сотрудник ''Жиенбаев Саннат Алексеевич'', магазин ''Банк'', дата ''22/09/2016  15:17:49''.', 'Удаление операции'),
(388, 1, 5, '2016-09-22 17:23:56', 'Удалена операция типа: ''Не известно'' сотрудником ''Жиенбаев Саннат Алексеевич''. Информация об удаленной операции: товар '''', сотрудник ''Жиенбаев Саннат Алексеевич'', магазин ''Магазин Алматы'', дата ''22/09/2016  15:17:33''.', 'Удаление операции'),
(389, 1, 5, '2016-09-22 17:24:02', 'Удалена операция типа: ''Продажа'' сотрудником ''Жиенбаев Саннат Алексеевич''. Информация об удаленной операции: товар ''Измени свой мозг изменится и возраст, Д. Амен. Эксмо'', сотрудник ''Жиенбаев Саннат Алексеевич'', магазин ''Магазин Алматы'', клиент ''[Не известно]'', цена ''2310'', количество ''1'', скидка ''0%'', бонус ''0%'', дата ''22/09/2016  15:16:05''.', 'Удаление операции'),
(390, 1, 5, '2016-09-22 17:24:05', 'Удалена операция типа: ''Продажа'' сотрудником ''Жиенбаев Саннат Алексеевич''. Информация об удаленной операции: товар ''Загадки женского мозга, Д. Амен. Эксмо'', сотрудник ''Жиенбаев Саннат Алексеевич'', магазин ''Магазин Алматы'', клиент ''[Не известно]'', цена ''3000'', количество ''1'', скидка ''0%'', бонус ''0%'', дата ''22/09/2016  15:15:46''.', 'Удаление операции'),
(391, 1, 5, '2016-09-22 17:24:10', 'Удалена операция типа: ''Продажа'' сотрудником ''Жиенбаев Саннат Алексеевич''. Информация об удаленной операции: товар ''Потусторонние миры (мг), Ш. Аляутдинов. Диля'', сотрудник ''Жиенбаев Саннат Алексеевич'', магазин ''Магазин Алматы'', клиент ''[Не известно]'', цена ''1100'', количество ''1'', скидка ''0%'', бонус ''0%'', дата ''22/09/2016  15:15:34''.', 'Удаление операции'),
(392, 1, 5, '2016-09-22 17:24:15', 'Удалена операция типа: ''Продажа'' сотрудником ''Жиенбаев Саннат Алексеевич''. Информация об удаленной операции: товар ''Мусульманская молитвенная практика, Ш. Аляутдинов. Диля'', сотрудник ''Жиенбаев Саннат Алексеевич'', магазин ''Магазин Алматы'', клиент ''[Не известно]'', цена ''1600'', количество ''1'', скидка ''0%'', бонус ''0%'', дата ''22/09/2016  15:15:14''.', 'Удаление операции'),
(393, 1, 5, '2016-09-22 17:24:20', 'Удалена операция типа: ''Продажа'' сотрудником ''Жиенбаев Саннат Алексеевич''. Информация об удаленной операции: товар ''Финансы триллионера,  Ш. Аляутдинов. Диля'', сотрудник ''Жиенбаев Саннат Алексеевич'', магазин ''Магазин Алматы'', клиент ''[Не известно]'', цена ''4200'', количество ''1'', скидка ''0%'', бонус ''0%'', дата ''22/09/2016  15:14:54''.', 'Удаление операции'),
(394, 1, 5, '2016-09-22 17:24:27', 'Удалена операция типа: ''Не известно'' сотрудником ''Жиенбаев Саннат Алексеевич''. Информация об удаленной операции: товар '''', сотрудник ''Жиенбаев Саннат Алексеевич'', магазин ''Банк'', дата ''22/09/2016  15:08:17''.', 'Удаление операции'),
(395, 1, 5, '2016-09-22 17:24:31', 'Удалена операция типа: ''Не известно'' сотрудником ''Жиенбаев Саннат Алексеевич''. Информация об удаленной операции: товар '''', сотрудник ''Жиенбаев Саннат Алексеевич'', магазин ''Магазин Алматы'', дата ''22/09/2016  15:05:55''.', 'Удаление операции'),
(396, 1, 5, '2016-09-22 17:24:36', 'Удалена операция типа: ''Продажа'' сотрудником ''Жиенбаев Саннат Алексеевич''. Информация об удаленной операции: товар ''Мудрость женщины, Л. Хей. Эксмо'', сотрудник ''Жиенбаев Саннат Алексеевич'', магазин ''Магазин Алматы'', клиент ''[Не известно]'', цена ''1250'', количество ''1'', скидка ''0%'', бонус ''0%'', дата ''22/09/2016  15:05:38''.', 'Удаление операции'),
(397, 1, 5, '2016-09-22 17:24:42', 'Удалена операция типа: ''Не известно'' сотрудником ''Жиенбаев Саннат Алексеевич''. Информация об удаленной операции: товар '''', сотрудник ''Жиенбаев Саннат Алексеевич'', магазин ''Банк'', дата ''22/09/2016  15:03:55''.', 'Удаление операции'),
(398, 1, 5, '2016-09-22 17:24:47', 'Удалена операция типа: ''Не известно'' сотрудником ''Жиенбаев Саннат Алексеевич''. Информация об удаленной операции: товар '''', сотрудник ''Жиенбаев Саннат Алексеевич'', магазин ''Магазин Алматы'', дата ''22/09/2016  14:50:41''.', 'Удаление операции'),
(399, 1, 5, '2016-09-22 17:24:52', 'Удалена операция типа: ''Продажа'' сотрудником ''Жиенбаев Саннат Алексеевич''. Информация об удаленной операции: товар ''Триллионер слушает, Ш. Аляутдинов. Диля'', сотрудник ''Жиенбаев Саннат Алексеевич'', магазин ''Магазин Алматы'', клиент ''[Не известно]'', цена ''3100'', количество ''1'', скидка ''0%'', бонус ''0%'', дата ''22/09/2016  14:49:54''.', 'Удаление операции'),
(400, 1, 5, '2016-09-22 17:24:58', 'Удалена операция типа: ''Продажа'' сотрудником ''Жиенбаев Саннат Алексеевич''. Информация об удаленной операции: товар ''Как преуспеть в бизнесе, нарушая все правила, Д. Кеннеди. Попурри'', сотрудник ''Жиенбаев Саннат Алексеевич'', магазин ''Магазин Алматы'', клиент ''[Не известно]'', цена ''1500'', количество ''1'', скидка ''0%'', бонус ''0%'', дата ''22/09/2016  14:42:28''.', 'Удаление операции'),
(401, 1, 5, '2016-09-22 17:25:13', 'Удалена операция типа: ''Продажа'' сотрудником ''Жиенбаев Саннат Алексеевич''. Информация об удаленной операции: товар ''Как увидеть Рай (золотой), Ш. Аляутдинов. Диля'', сотрудник ''Жиенбаев Саннат Алексеевич'', магазин ''Магазин Алматы'', клиент ''[Не известно]'', цена ''5400'', количество ''1'', скидка ''0%'', бонус ''0%'', дата ''22/09/2016  14:42:17''.', 'Удаление операции'),
(402, 1, 5, '2016-09-22 17:25:19', 'Удалена операция типа: ''Не известно'' сотрудником ''Жиенбаев Саннат Алексеевич''. Информация об удаленной операции: товар '''', сотрудник ''Жиенбаев Саннат Алексеевич'', магазин ''Магазин Алматы'', дата ''22/09/2016  14:42:01''.', 'Удаление операции'),
(403, 1, 5, '2016-09-22 17:30:21', 'Удалена операция типа: ''Не известно'' сотрудником ''Жиенбаев Саннат Алексеевич''. Информация об удаленной операции: товар '''', сотрудник ''Жиенбаев Саннат Алексеевич'', магазин ''Магазин Алматы'', дата ''22/09/2016  14:32:44''.', 'Удаление операции'),
(404, 1, 5, '2016-09-22 17:34:41', 'Удалена операция типа: ''Не известно'' сотрудником ''Жиенбаев Саннат Алексеевич''. Информация об удаленной операции: товар '''', сотрудник ''Жиенбаев Саннат Алексеевич'', магазин ''Магазин Алматы'', дата ''22/09/2016  12:47:28''.', 'Удаление операции'),
(405, 1, 5, '2016-09-22 17:35:01', 'Удалена операция типа: ''Не известно'' сотрудником ''Жиенбаев Саннат Алексеевич''. Информация об удаленной операции: товар '''', сотрудник ''Жиенбаев Саннат Алексеевич'', магазин ''Магазин Алматы'', дата ''22/09/2016  12:44:49''.', 'Удаление операции'),
(406, 1, 5, '2016-09-22 17:35:33', 'Удалена операция типа: ''Не известно'' сотрудником ''Жиенбаев Саннат Алексеевич''. Информация об удаленной операции: товар '''', сотрудник ''Жиенбаев Саннат Алексеевич'', магазин ''Магазин Алматы'', дата ''22/09/2016  12:37:52''.', 'Удаление операции'),
(407, 1, 5, '2016-09-22 17:37:36', 'Удалена операция типа: ''Не известно'' сотрудником ''Жиенбаев Саннат Алексеевич''. Информация об удаленной операции: товар '''', сотрудник ''Жиенбаев Саннат Алексеевич'', магазин ''Магазин Алматы'', дата ''22/09/2016  12:36:03''.', 'Удаление операции'),
(408, 1, 5, '2016-09-22 17:48:25', ' Пользователь зашел в веб-сайт ', 'Вход'),
(409, 1, 5, '2016-09-22 17:53:51', 'Продано 1 штук товара "Финансы триллионера,  Ш. Аляутдинов. Диля" в магазине "Магазин Алматы"', 'Продажа'),
(410, 1, 5, '2016-09-22 17:54:44', 'Продано 1 штук товара "Мудрость женщины, Л. Хей. Эксмо" в магазине "Магазин Алматы"', 'Продажа'),
(411, 1, 5, '2016-09-22 17:54:58', 'Произведен отток на кассу "Магазин Алматы" с комментарием "Мудрость женщины" в размере 1250 тг ', 'Отток на кассу'),
(412, 1, 5, '2016-09-22 17:55:09', 'Произведен приток на кассу "Банк" с комментарием "Мудрость женщины" в размере 1250 тг ', 'Приток на кассу'),
(413, 1, 5, '2016-09-22 17:56:11', 'Произведен отток на кассу "Магазин Алматы" с комментарием "разница в ценах" в размере 430 тг ', 'Отток на кассу'),
(414, 1, 5, '2016-09-22 17:56:25', 'Произведен приток на кассу "Магазин Алматы" с комментарием "" в размере 300 тг ', 'Приток на кассу'),
(415, 1, 5, '2016-09-22 17:56:50', 'Продано 1 штук товара "Триллионер слушает, Ш. Аляутдинов. Диля" в магазине "Магазин Алматы"', 'Продажа'),
(416, 1, 5, '2016-09-22 17:57:03', 'Произведен отток на кассу "Магазин Алматы" с комментарием "Триллионер слушает" в размере 3100 тг ', 'Отток на кассу'),
(417, 1, 5, '2016-09-22 17:57:14', 'Произведен приток на кассу "Магазин Алматы" с комментарием "Триллионер слушает" в размере 3100 тг ', 'Приток на кассу'),
(418, 1, 5, '2016-09-22 17:58:06', 'Произведен отток на кассу "Магазин Алматы" с комментарием "" в размере 600 тг ', 'Отток на кассу'),
(419, 1, 5, '2016-09-22 17:59:00', 'Удалена операция типа: ''Не известно'' сотрудником ''Жиенбаев Саннат Алексеевич''. Информация об удаленной операции: товар '''', сотрудник ''Жиенбаев Саннат Алексеевич'', магазин ''Магазин Алматы'', дата ''22/09/2016  17:58:06''.', 'Удаление операции'),
(420, 1, 5, '2016-09-22 17:59:03', 'Удалена операция типа: ''Не известно'' сотрудником ''Жиенбаев Саннат Алексеевич''. Информация об удаленной операции: товар '''', сотрудник ''Жиенбаев Саннат Алексеевич'', магазин ''Магазин Алматы'', дата ''22/09/2016  17:57:14''.', 'Удаление операции'),
(421, 1, 5, '2016-09-22 17:59:07', 'Удалена операция типа: ''Не известно'' сотрудником ''Жиенбаев Саннат Алексеевич''. Информация об удаленной операции: товар '''', сотрудник ''Жиенбаев Саннат Алексеевич'', магазин ''Магазин Алматы'', дата ''22/09/2016  17:57:03''.', 'Удаление операции'),
(422, 1, 5, '2016-09-22 17:59:11', 'Удалена операция типа: ''Продажа'' сотрудником ''Жиенбаев Саннат Алексеевич''. Информация об удаленной операции: товар ''Триллионер слушает, Ш. Аляутдинов. Диля'', сотрудник ''Жиенбаев Саннат Алексеевич'', магазин ''Магазин Алматы'', клиент ''[Не известно]'', цена ''3100'', количество ''1'', скидка ''0%'', бонус ''0%'', дата ''22/09/2016  17:56:50''.', 'Удаление операции'),
(423, 1, 5, '2016-09-22 17:59:15', 'Удалена операция типа: ''Не известно'' сотрудником ''Жиенбаев Саннат Алексеевич''. Информация об удаленной операции: товар '''', сотрудник ''Жиенбаев Саннат Алексеевич'', магазин ''Магазин Алматы'', дата ''22/09/2016  17:56:25''.', 'Удаление операции'),
(424, 1, 5, '2016-09-22 17:59:19', 'Удалена операция типа: ''Не известно'' сотрудником ''Жиенбаев Саннат Алексеевич''. Информация об удаленной операции: товар '''', сотрудник ''Жиенбаев Саннат Алексеевич'', магазин ''Магазин Алматы'', дата ''22/09/2016  17:56:11''.', 'Удаление операции'),
(425, 1, 5, '2016-09-22 17:59:24', 'Удалена операция типа: ''Не известно'' сотрудником ''Жиенбаев Саннат Алексеевич''. Информация об удаленной операции: товар '''', сотрудник ''Жиенбаев Саннат Алексеевич'', магазин ''Банк'', дата ''22/09/2016  17:55:09''.', 'Удаление операции'),
(426, 1, 5, '2016-09-22 17:59:27', 'Удалена операция типа: ''Не известно'' сотрудником ''Жиенбаев Саннат Алексеевич''. Информация об удаленной операции: товар '''', сотрудник ''Жиенбаев Саннат Алексеевич'', магазин ''Магазин Алматы'', дата ''22/09/2016  17:54:58''.', 'Удаление операции'),
(427, 1, 5, '2016-09-22 17:59:33', 'Удалена операция типа: ''Продажа'' сотрудником ''Жиенбаев Саннат Алексеевич''. Информация об удаленной операции: товар ''Мудрость женщины, Л. Хей. Эксмо'', сотрудник ''Жиенбаев Саннат Алексеевич'', магазин ''Магазин Алматы'', клиент ''[Не известно]'', цена ''1250'', количество ''1'', скидка ''0%'', бонус ''0%'', дата ''22/09/2016  17:54:44''.', 'Удаление операции'),
(428, 1, 5, '2016-09-22 17:59:38', 'Удалена операция типа: ''Продажа'' сотрудником ''Жиенбаев Саннат Алексеевич''. Информация об удаленной операции: товар ''Финансы триллионера,  Ш. Аляутдинов. Диля'', сотрудник ''Жиенбаев Саннат Алексеевич'', магазин ''Магазин Алматы'', клиент ''[Не известно]'', цена ''4200'', количество ''1'', скидка ''0%'', бонус ''0%'', дата ''22/09/2016  17:53:51''.', 'Удаление операции'),
(429, 1, 5, '2016-09-22 17:59:42', 'Удалена операция типа: ''Не известно'' сотрудником ''Жиенбаев Саннат Алексеевич''. Информация об удаленной операции: товар '''', сотрудник ''Жиенбаев Саннат Алексеевич'', магазин ''Магазин Алматы'', дата ''22/09/2016  14:40:23''.', 'Удаление операции'),
(430, 1, 5, '2016-09-22 17:59:51', 'Удалена операция типа: ''Продажа'' сотрудником ''Жиенбаев Саннат Алексеевич''. Информация об удаленной операции: товар ''Св.Коран (Смыслы) (Богословский перевод), Ш. Аляутдинов. Диля'', сотрудник ''Жиенбаев Саннат Алексеевич'', магазин ''Магазин Алматы'', клиент ''[Не известно]'', цена ''14000'', количество ''1'', скидка ''0%'', бонус ''0%'', дата ''22/09/2016  14:14:07''.', 'Удаление операции'),
(431, 1, 5, '2016-09-22 17:59:57', 'Удалена операция типа: ''Продажа'' сотрудником ''Жиенбаев Саннат Алексеевич''. Информация об удаленной операции: товар ''Подсознание может все (фио. тв.), Дж. Кехо. Попурри'', сотрудник ''Жиенбаев Саннат Алексеевич'', магазин ''Магазин Алматы'', клиент ''[Не известно]'', цена ''1700'', количество ''1'', скидка ''0%'', бонус ''0%'', дата ''22/09/2016  14:13:49''.', 'Удаление операции'),
(432, 1, 5, '2016-09-22 18:00:03', 'Удалена операция типа: ''Продажа'' сотрудником ''Жиенбаев Саннат Алексеевич''. Информация об удаленной операции: товар ''Мусульманская молитвенная практика, Ш. Аляутдинов. Диля'', сотрудник ''Жиенбаев Саннат Алексеевич'', магазин ''Магазин Алматы'', клиент ''[Не известно]'', цена ''1600'', количество ''1'', скидка ''0%'', бонус ''0%'', дата ''22/09/2016  14:13:28''.', 'Удаление операции'),
(433, 1, 5, '2016-09-22 18:00:09', 'Удалена операция типа: ''Продажа'' сотрудником ''Жиенбаев Саннат Алексеевич''. Информация об удаленной операции: товар ''Путь  к вере и совершенству (тв), Ш. Аляутдинов. Диля'', сотрудник ''Жиенбаев Саннат Алексеевич'', магазин ''Магазин Алматы'', клиент ''[Не известно]'', цена ''2600'', количество ''1'', скидка ''0%'', бонус ''0%'', дата ''22/09/2016  14:13:12''.', 'Удаление операции'),
(434, 1, 5, '2016-09-22 18:00:15', 'Удалена операция типа: ''Продажа'' сотрудником ''Жиенбаев Саннат Алексеевич''. Информация об удаленной операции: товар ''Персональный и стратегический менеджмент (химия биология и психология счастья), Д. Мырзакожа'', сотрудник ''Жиенбаев Саннат Алексеевич'', магазин ''Магазин Алматы'', клиент ''[Не известно]'', цена ''1500'', количество ''1'', скидка ''0%'', бонус ''0%'', дата ''22/09/2016  14:12:44''.', 'Удаление операции'),
(435, 1, 5, '2016-09-22 18:00:20', 'Удалена операция типа: ''Продажа'' сотрудником ''Жиенбаев Саннат Алексеевич''. Информация об удаленной операции: товар ''Триллионер слушает, Ш. Аляутдинов. Диля'', сотрудник ''Жиенбаев Саннат Алексеевич'', магазин ''Магазин Алматы'', клиент ''[Не известно]'', цена ''3100'', количество ''1'', скидка ''0%'', бонус ''0%'', дата ''22/09/2016  14:12:32''.', 'Удаление операции'),
(436, 1, 5, '2016-09-22 18:00:29', 'Удалена операция типа: ''Продажа'' сотрудником ''Жиенбаев Саннат Алексеевич''. Информация об удаленной операции: товар ''Триллионер действует, Ш. Аляутдинов. Диля'', сотрудник ''Жиенбаев Саннат Алексеевич'', магазин ''Магазин Алматы'', клиент ''[Не известно]'', цена ''3000'', количество ''1'', скидка ''0%'', бонус ''0%'', дата ''22/09/2016  14:12:08''.', 'Удаление операции'),
(437, 1, 5, '2016-09-22 18:00:36', 'Удалена операция типа: ''Продажа'' сотрудником ''Жиенбаев Саннат Алексеевич''. Информация об удаленной операции: товар ''Триллионер думает, Ш. Аляутдинов. Диля'', сотрудник ''Жиенбаев Саннат Алексеевич'', магазин ''Магазин Алматы'', клиент ''[Не известно]'', цена ''2600'', количество ''1'', скидка ''0%'', бонус ''0%'', дата ''22/09/2016  14:11:45''.', 'Удаление операции'),
(438, 1, 5, '2016-09-22 18:00:41', 'Удалена операция типа: ''Продажа'' сотрудником ''Жиенбаев Саннат Алексеевич''. Информация об удаленной операции: товар ''Триллионер слушает, Ш. Аляутдинов. Диля'', сотрудник ''Жиенбаев Саннат Алексеевич'', магазин ''Магазин Алматы'', клиент ''[Не известно]'', цена ''3100'', количество ''1'', скидка ''0%'', бонус ''0%'', дата ''22/09/2016  14:11:23''.', 'Удаление операции'),
(439, 1, 5, '2016-09-22 18:00:47', 'Удалена операция типа: ''Продажа'' сотрудником ''Жиенбаев Саннат Алексеевич''. Информация об удаленной операции: товар ''Как преуспеть в бизнесе, нарушая все правила, Д. Кеннеди. Попурри'', сотрудник ''Жиенбаев Саннат Алексеевич'', магазин ''Магазин Алматы'', клиент ''[Не известно]'', цена ''1500'', количество ''1'', скидка ''0%'', бонус ''0%'', дата ''22/09/2016  14:11:05''.', 'Удаление операции'),
(440, 1, 5, '2016-09-22 18:00:52', 'Удалена операция типа: ''Продажа'' сотрудником ''Жиенбаев Саннат Алексеевич''. Информация об удаленной операции: товар ''Мастер игры, Р. Грин. (красная тв)Рипол'', сотрудник ''Жиенбаев Саннат Алексеевич'', магазин ''Магазин Алматы'', клиент ''[Не известно]'', цена ''8600'', количество ''1'', скидка ''0%'', бонус ''0%'', дата ''22/09/2016  14:10:55''.', 'Удаление операции'),
(441, 1, 5, '2016-09-22 18:00:59', 'Удалена операция типа: ''Продажа'' сотрудником ''Жиенбаев Саннат Алексеевич''. Информация об удаленной операции: товар ''Цель: процесс непрерывного улучшения, Э. Голдратт. Попурри'', сотрудник ''Жиенбаев Саннат Алексеевич'', магазин ''Магазин Алматы'', клиент ''[Не известно]'', цена ''4300'', количество ''1'', скидка ''0%'', бонус ''0%'', дата ''22/09/2016  14:10:39''.', 'Удаление операции'),
(442, 1, 5, '2016-09-22 18:01:05', 'Удалена операция типа: ''Продажа'' сотрудником ''Жиенбаев Саннат Алексеевич''. Информация об удаленной операции: товар ''Расписание триллионера, Ш. Аляутдинов. Диля'', сотрудник ''Жиенбаев Саннат Алексеевич'', магазин ''Магазин Алматы'', клиент ''[Не известно]'', цена ''3700'', количество ''1'', скидка ''0%'', бонус ''0%'', дата ''22/09/2016  14:10:03''.', 'Удаление операции'),
(443, 1, 5, '2016-09-22 18:01:15', 'Удалена операция типа: ''Не известно'' сотрудником ''Жиенбаев Саннат Алексеевич''. Информация об удаленной операции: товар '''', сотрудник ''Жиенбаев Саннат Алексеевич'', магазин ''Магазин Алматы'', дата ''22/09/2016  14:09:46''.', 'Удаление операции'),
(444, 1, 5, '2016-09-22 18:01:22', 'Удалена операция типа: ''Продажа'' сотрудником ''Жиенбаев Саннат Алексеевич''. Информация об удаленной операции: товар ''Не грусти. Аль-Карни'', сотрудник ''Жиенбаев Саннат Алексеевич'', магазин ''Магазин Алматы'', клиент ''[Не известно]'', цена ''3600'', количество ''1'', скидка ''0%'', бонус ''0%'', дата ''22/09/2016  14:09:24''.', 'Удаление операции');
INSERT INTO `history` (`history_id`, `emp_id`, `comp_id`, `history_date`, `history_text`, `history_type`) VALUES
(445, 1, 5, '2016-09-22 18:01:27', 'Удалена операция типа: ''Продажа'' сотрудником ''Жиенбаев Саннат Алексеевич''. Информация об удаленной операции: товар ''Безграничность. 50 уроков, которые сделают тебя возмутитительно счастливым, Н. Вуйчич. Эксмо'', сотрудник ''Жиенбаев Саннат Алексеевич'', магазин ''Магазин Алматы'', клиент ''[Не известно]'', цена ''2620'', количество ''1'', скидка ''0%'', бонус ''0%'', дата ''22/09/2016  14:08:42''.', 'Удаление операции'),
(446, 1, 5, '2016-09-22 18:01:34', 'Удалена операция типа: ''Продажа'' сотрудником ''Жиенбаев Саннат Алексеевич''. Информация об удаленной операции: товар ''Триллионер слушает (Супер обл 60х90/16)'', сотрудник ''Жиенбаев Саннат Алексеевич'', магазин ''Магазин Алматы'', клиент ''[Не известно]'', цена ''4100'', количество ''1'', скидка ''0%'', бонус ''0%'', дата ''22/09/2016  14:08:23''.', 'Удаление операции'),
(447, 1, 5, '2016-09-22 18:01:45', 'Удалена операция типа: ''Продажа'' сотрудником ''Жиенбаев Саннат Алексеевич''. Информация об удаленной операции: товар ''Женщина и Ислам (борд), Ш. Аляутдинов. Диля'', сотрудник ''Жиенбаев Саннат Алексеевич'', магазин ''Магазин Алматы'', клиент ''[Не известно]'', цена ''1200'', количество ''1'', скидка ''0%'', бонус ''0%'', дата ''22/09/2016  14:08:16''.', 'Удаление операции'),
(448, 1, 5, '2016-09-22 18:01:51', 'Удалена операция типа: ''Продажа'' сотрудником ''Жиенбаев Саннат Алексеевич''. Информация об удаленной операции: товар ''Мир души, Ш. Аляутдинов. Диля'', сотрудник ''Жиенбаев Саннат Алексеевич'', магазин ''Магазин Алматы'', клиент ''[Не известно]'', цена ''2500'', количество ''1'', скидка ''0%'', бонус ''0%'', дата ''22/09/2016  14:08:04''.', 'Удаление операции'),
(449, 1, 5, '2016-09-22 18:01:57', 'Удалена операция типа: ''Продажа'' сотрудником ''Жиенбаев Саннат Алексеевич''. Информация об удаленной операции: товар ''Стань самым умным и самым богатым 2, Ш. Аляутдинов. Диля'', сотрудник ''Жиенбаев Саннат Алексеевич'', магазин ''Магазин Алматы'', клиент ''[Не известно]'', цена ''3200'', количество ''1'', скидка ''0%'', бонус ''0%'', дата ''22/09/2016  14:07:51''.', 'Удаление операции'),
(450, 1, 5, '2016-09-22 18:02:03', 'Удалена операция типа: ''Продажа'' сотрудником ''Жиенбаев Саннат Алексеевич''. Информация об удаленной операции: товар ''Стань самым умным и самым богатым 1, Ш. Аляутдинов. Диля'', сотрудник ''Жиенбаев Саннат Алексеевич'', магазин ''Магазин Алматы'', клиент ''[Не известно]'', цена ''3200'', количество ''1'', скидка ''0%'', бонус ''0%'', дата ''22/09/2016  14:07:40''.', 'Удаление операции'),
(451, 1, 5, '2016-09-22 18:02:08', 'Удалена операция типа: ''Продажа'' сотрудником ''Жиенбаев Саннат Алексеевич''. Информация об удаленной операции: товар ''Триллионер слушает, Ш. Аляутдинов. Диля'', сотрудник ''Жиенбаев Саннат Алексеевич'', магазин ''Магазин Алматы'', клиент ''[Не известно]'', цена ''3100'', количество ''1'', скидка ''0%'', бонус ''0%'', дата ''22/09/2016  14:07:30''.', 'Удаление операции'),
(452, 1, 5, '2016-09-22 18:02:14', 'Удалена операция типа: ''Продажа'' сотрудником ''Жиенбаев Саннат Алексеевич''. Информация об удаленной операции: товар ''Не грусти. Аль-Карни'', сотрудник ''Жиенбаев Саннат Алексеевич'', магазин ''Магазин Алматы'', клиент ''[Не известно]'', цена ''3600'', количество ''1'', скидка ''0%'', бонус ''0%'', дата ''22/09/2016  14:06:44''.', 'Удаление операции'),
(453, 1, 5, '2016-09-22 18:02:46', 'Удалена операция типа: ''Оприходование'' сотрудником ''Жиенбаев Саннат Алексеевич''. Информация об удаленной операции: товар ''Женщина и Ислам (борд), Ш. Аляутдинов. Диля'', сотрудник ''Жиенбаев Саннат Алексеевич'', магазин ''Магазин Алматы'', количество ''1'', дата ''22/09/2016  14:21:48''.', 'Удаление операции'),
(454, 1, 5, '2016-09-22 18:02:49', 'Удалена операция типа: ''Оприходование'' сотрудником ''Жиенбаев Саннат Алексеевич''. Информация об удаленной операции: товар ''Высказывания Пророка (толстая). Ш. Аляутдинов. Диля'', сотрудник ''Жиенбаев Саннат Алексеевич'', магазин ''Магазин Алматы'', количество ''1'', дата ''22/09/2016  14:21:39''.', 'Удаление операции'),
(455, 1, 5, '2016-09-22 18:02:53', 'Удалена операция типа: ''Оприходование'' сотрудником ''Жиенбаев Саннат Алексеевич''. Информация об удаленной операции: товар ''Он и она, Ш. Аляутдинов. Диля'', сотрудник ''Жиенбаев Саннат Алексеевич'', магазин ''Магазин Алматы'', количество ''1'', дата ''22/09/2016  14:19:57''.', 'Удаление операции'),
(456, 1, 5, '2016-09-22 18:02:57', 'Удалена операция типа: ''Оприходование'' сотрудником ''Жиенбаев Саннат Алексеевич''. Информация об удаленной операции: товар ''Ежедневник 90 дней, Ш. Аляутдинов. Диля'', сотрудник ''Жиенбаев Саннат Алексеевич'', магазин ''Магазин Алматы'', количество ''1'', дата ''22/09/2016  14:19:42''.', 'Удаление операции'),
(457, 1, 5, '2016-09-22 18:03:00', 'Удалена операция типа: ''Оприходование'' сотрудником ''Жиенбаев Саннат Алексеевич''. Информация об удаленной операции: товар ''Мир души, Ш. Аляутдинов. Диля'', сотрудник ''Жиенбаев Саннат Алексеевич'', магазин ''Магазин Алматы'', количество ''2'', дата ''22/09/2016  14:17:39''.', 'Удаление операции'),
(458, 1, 5, '2016-09-22 18:03:04', 'Удалена операция типа: ''Оприходование'' сотрудником ''Жиенбаев Саннат Алексеевич''. Информация об удаленной операции: товар ''Триллионер слушает, Ш. Аляутдинов. Диля'', сотрудник ''Жиенбаев Саннат Алексеевич'', магазин ''Магазин Алматы'', количество ''1'', дата ''22/09/2016  14:17:17''.', 'Удаление операции'),
(459, 1, 5, '2016-09-22 18:03:07', 'Удалена операция типа: ''Оприходование'' сотрудником ''Жиенбаев Саннат Алексеевич''. Информация об удаленной операции: товар ''Мир души (на каз.) Ш. Аляутдинов. Диля'', сотрудник ''Жиенбаев Саннат Алексеевич'', магазин ''Магазин Алматы'', количество ''1'', дата ''22/09/2016  14:16:44''.', 'Удаление операции'),
(460, 1, 5, '2016-09-22 18:03:11', 'Удалена операция типа: ''Оприходование'' сотрудником ''Жиенбаев Саннат Алексеевич''. Информация об удаленной операции: товар ''Дети и Ислам, Ш. Аляутдинов. Диля'', сотрудник ''Жиенбаев Саннат Алексеевич'', магазин ''Магазин Алматы'', количество ''1'', дата ''22/09/2016  14:16:15''.', 'Удаление операции'),
(461, 1, 5, '2016-09-22 18:03:15', 'Удалена операция типа: ''Оприходование'' сотрудником ''Жиенбаев Саннат Алексеевич''. Информация об удаленной операции: товар ''Мужчины и Ислам (старый), Ш. Аляутдинов. Диля'', сотрудник ''Жиенбаев Саннат Алексеевич'', магазин ''Магазин Алматы'', количество ''1'', дата ''22/09/2016  14:15:54''.', 'Удаление операции'),
(462, 1, 5, '2016-09-22 18:03:18', 'Удалена операция типа: ''Оприходование'' сотрудником ''Жиенбаев Саннат Алексеевич''. Информация об удаленной операции: товар ''Св.Коран (Смыслы) (Богословский перевод), Ш. Аляутдинов. Диля'', сотрудник ''Жиенбаев Саннат Алексеевич'', магазин ''Магазин Алматы'', количество ''1'', дата ''22/09/2016  14:15:28''.', 'Удаление операции'),
(463, 1, 5, '2016-09-22 18:03:22', 'Удалена операция типа: ''Оприходование'' сотрудником ''Жиенбаев Саннат Алексеевич''. Информация об удаленной операции: товар ''Стань самым умным и самым богатым 1, Ш. Аляутдинов. Диля'', сотрудник ''Жиенбаев Саннат Алексеевич'', магазин ''Магазин Алматы'', количество ''2'', дата ''22/09/2016  14:15:15''.', 'Удаление операции'),
(464, 1, 5, '2016-09-22 18:03:25', 'Удалена операция типа: ''Оприходование'' сотрудником ''Жиенбаев Саннат Алексеевич''. Информация об удаленной операции: товар ''Не грусти. Аль-Карни'', сотрудник ''Жиенбаев Саннат Алексеевич'', магазин ''Магазин Алматы'', количество ''1'', дата ''22/09/2016  14:14:59''.', 'Удаление операции'),
(465, 1, 5, '2016-09-22 18:03:29', 'Удалена операция типа: ''Оприходование'' сотрудником ''Жиенбаев Саннат Алексеевич''. Информация об удаленной операции: товар ''Бұлбұл мен тоқылдақ'', сотрудник ''Жиенбаев Саннат Алексеевич'', магазин ''Магазин Алматы'', количество ''1'', дата ''22/09/2016  14:06:25''.', 'Удаление операции'),
(466, 1, 5, '2016-09-22 18:03:33', 'Удалена операция типа: ''Оприходование'' сотрудником ''Жиенбаев Саннат Алексеевич''. Информация об удаленной операции: товар ''Қоян мен кірпі (Заяц и еж)'', сотрудник ''Жиенбаев Саннат Алексеевич'', магазин ''Магазин Алматы'', количество ''1'', дата ''22/09/2016  14:06:11''.', 'Удаление операции'),
(467, 1, 5, '2016-09-22 18:03:38', 'Удалена операция типа: ''Оприходование'' сотрудником ''Жиенбаев Саннат Алексеевич''. Информация об удаленной операции: товар ''Веселая отвечалка'', сотрудник ''Жиенбаев Саннат Алексеевич'', магазин ''Магазин Алматы'', количество ''1'', дата ''22/09/2016  14:05:22''.', 'Удаление операции'),
(468, 1, 5, '2016-09-22 18:03:43', 'Удалена операция типа: ''Оприходование'' сотрудником ''Жиенбаев Саннат Алексеевич''. Информация об удаленной операции: товар ''Simple English'', сотрудник ''Жиенбаев Саннат Алексеевич'', магазин ''Магазин Алматы'', количество ''1'', дата ''22/09/2016  14:05:10''.', 'Удаление операции'),
(469, 1, 5, '2016-09-22 18:03:46', 'Удалена операция типа: ''Оприходование'' сотрудником ''Жиенбаев Саннат Алексеевич''. Информация об удаленной операции: товар ''Үш аю'', сотрудник ''Жиенбаев Саннат Алексеевич'', магазин ''Магазин Алматы'', количество ''1'', дата ''22/09/2016  14:05:00''.', 'Удаление операции'),
(470, 1, 5, '2016-09-22 18:03:50', 'Удалена операция типа: ''Оприходование'' сотрудником ''Жиенбаев Саннат Алексеевич''. Информация об удаленной операции: товар ''Үйшік'', сотрудник ''Жиенбаев Саннат Алексеевич'', магазин ''Магазин Алматы'', количество ''1'', дата ''22/09/2016  14:04:51''.', 'Удаление операции'),
(471, 1, 5, '2016-09-22 18:03:54', 'Удалена операция типа: ''Оприходование'' сотрудником ''Жиенбаев Саннат Алексеевич''. Информация об удаленной операции: товар ''Күн, ай және әтеш'', сотрудник ''Жиенбаев Саннат Алексеевич'', магазин ''Магазин Алматы'', количество ''2'', дата ''22/09/2016  14:04:04''.', 'Удаление операции'),
(472, 1, 5, '2016-09-22 18:03:58', 'Удалена операция типа: ''Оприходование'' сотрудником ''Жиенбаев Саннат Алексеевич''. Информация об удаленной операции: товар ''Хайуаннаттар бағында (Зоопарк )'', сотрудник ''Жиенбаев Саннат Алексеевич'', магазин ''Магазин Алматы'', количество ''1'', дата ''22/09/2016  14:03:29''.', 'Удаление операции'),
(473, 1, 5, '2016-09-22 18:04:02', 'Удалена операция типа: ''Оприходование'' сотрудником ''Жиенбаев Саннат Алексеевич''. Информация об удаленной операции: товар ''Көңілді жауапқұмар'', сотрудник ''Жиенбаев Саннат Алексеевич'', магазин ''Магазин Алматы'', количество ''1'', дата ''22/09/2016  14:03:18''.', 'Удаление операции'),
(474, 1, 5, '2016-09-22 18:04:05', 'Удалена операция типа: ''Оприходование'' сотрудником ''Жиенбаев Саннат Алексеевич''. Информация об удаленной операции: товар ''Джунгли'', сотрудник ''Жиенбаев Саннат Алексеевич'', магазин ''Магазин Алматы'', количество ''1'', дата ''22/09/2016  14:02:53''.', 'Удаление операции'),
(475, 1, 5, '2016-09-22 18:04:09', 'Удалена операция типа: ''Оприходование'' сотрудником ''Жиенбаев Саннат Алексеевич''. Информация об удаленной операции: товар ''Жер шары (Увеличение)'', сотрудник ''Жиенбаев Саннат Алексеевич'', магазин ''Магазин Алматы'', количество ''1'', дата ''22/09/2016  14:02:43''.', 'Удаление операции'),
(476, 1, 5, '2016-09-22 18:04:14', 'Удалена операция типа: ''Оприходование'' сотрудником ''Жиенбаев Саннат Алексеевич''. Информация об удаленной операции: товар ''Менің жеке күнделігім (Мой личный дневник)'', сотрудник ''Жиенбаев Саннат Алексеевич'', магазин ''Магазин Алматы'', количество ''1'', дата ''22/09/2016  14:02:32''.', 'Удаление операции'),
(477, 1, 5, '2016-09-22 18:04:18', 'Удалена операция типа: ''Оприходование'' сотрудником ''Жиенбаев Саннат Алексеевич''. Информация об удаленной операции: товар ''Рикки Тикки Тави и другие сказки, Р. Киплинг'', сотрудник ''Жиенбаев Саннат Алексеевич'', магазин ''Магазин Алматы'', количество ''1'', дата ''22/09/2016  14:02:12''.', 'Удаление операции'),
(478, 1, 5, '2016-09-22 18:04:22', 'Удалена операция типа: ''Оприходование'' сотрудником ''Жиенбаев Саннат Алексеевич''. Информация об удаленной операции: товар ''Жыл мезгілдері'', сотрудник ''Жиенбаев Саннат Алексеевич'', магазин ''Магазин Алматы'', количество ''1'', дата ''22/09/2016  14:01:54''.', 'Удаление операции'),
(479, 1, 5, '2016-09-22 18:04:27', 'Удалена операция типа: ''Оприходование'' сотрудником ''Жиенбаев Саннат Алексеевич''. Информация об удаленной операции: товар ''Көбейту кестесі (Таблица умножения) '', сотрудник ''Жиенбаев Саннат Алексеевич'', магазин ''Магазин Алматы'', количество ''1'', дата ''22/09/2016  14:01:36''.', 'Удаление операции'),
(480, 1, 5, '2016-09-22 18:04:31', 'Удалена операция типа: ''Оприходование'' сотрудником ''Жиенбаев Саннат Алексеевич''. Информация об удаленной операции: товар ''Теңіз асты ғажайыптары (Волшебство подводного мира) '', сотрудник ''Жиенбаев Саннат Алексеевич'', магазин ''Магазин Алматы'', количество ''1'', дата ''22/09/2016  14:01:12''.', 'Удаление операции'),
(481, 1, 5, '2016-09-22 18:04:35', 'Удалена операция типа: ''Оприходование'' сотрудником ''Жиенбаев Саннат Алексеевич''. Информация об удаленной операции: товар ''Көпшілміз ғой өзіміз, жан-жануар досымыз'', сотрудник ''Жиенбаев Саннат Алексеевич'', магазин ''Магазин Алматы'', количество ''1'', дата ''22/09/2016  13:59:27''.', 'Удаление операции'),
(482, 1, 5, '2016-09-22 18:06:50', 'Удалена операция типа: ''Оприходование'' сотрудником ''Жиенбаев Саннат Алексеевич''. Информация об удаленной операции: товар ''Сұлулыққа құштарлық (Поклонницам красоты)'', сотрудник ''Жиенбаев Саннат Алексеевич'', магазин ''Магазин Алматы'', количество ''1'', дата ''22/09/2016  13:55:26''.', 'Удаление операции'),
(483, 1, 5, '2016-09-22 18:06:55', 'Удалена операция типа: ''Оприходование'' сотрудником ''Жиенбаев Саннат Алексеевич''. Информация об удаленной операции: товар ''Айнытпай сал'', сотрудник ''Жиенбаев Саннат Алексеевич'', магазин ''Магазин Алматы'', количество ''1'', дата ''22/09/2016  13:54:12''.', 'Удаление операции'),
(484, 1, 5, '2016-09-22 18:06:59', 'Удалена операция типа: ''Оприходование'' сотрудником ''Жиенбаев Саннат Алексеевич''. Информация об удаленной операции: товар ''Почемучкины сказки '', сотрудник ''Жиенбаев Саннат Алексеевич'', магазин ''Магазин Алматы'', количество ''2'', дата ''22/09/2016  13:53:49''.', 'Удаление операции'),
(485, 1, 5, '2016-09-22 18:07:03', 'Удалена операция типа: ''Оприходование'' сотрудником ''Жиенбаев Саннат Алексеевич''. Информация об удаленной операции: товар ''Лилия ханшайым және оның достары (Принцесса Лилия и ее друзья).'', сотрудник ''Жиенбаев Саннат Алексеевич'', магазин ''Магазин Алматы'', количество ''2'', дата ''22/09/2016  13:50:30''.', 'Удаление операции'),
(486, 1, 5, '2016-09-22 18:07:07', 'Удалена операция типа: ''Оприходование'' сотрудником ''Жиенбаев Саннат Алексеевич''. Информация об удаленной операции: товар ''Ең қымбат нәрсе'', сотрудник ''Жиенбаев Саннат Алексеевич'', магазин ''Магазин Алматы'', количество ''1'', дата ''22/09/2016  13:50:20''.', 'Удаление операции'),
(487, 1, 5, '2016-09-22 18:07:10', 'Удалена операция типа: ''Оприходование'' сотрудником ''Жиенбаев Саннат Алексеевич''. Информация об удаленной операции: товар ''Торкөздер мен нүктелер'', сотрудник ''Жиенбаев Саннат Алексеевич'', магазин ''Магазин Алматы'', количество ''1'', дата ''22/09/2016  13:49:57''.', 'Удаление операции'),
(488, 1, 5, '2016-09-22 18:07:14', 'Удалена операция типа: ''Оприходование'' сотрудником ''Жиенбаев Саннат Алексеевич''. Информация об удаленной операции: товар ''Болашақ сәнгерлер (Будущие модельеры). '', сотрудник ''Жиенбаев Саннат Алексеевич'', магазин ''Магазин Алматы'', количество ''1'', дата ''22/09/2016  13:49:45''.', 'Удаление операции'),
(489, 1, 5, '2016-09-22 18:07:18', 'Удалена операция типа: ''Оприходование'' сотрудником ''Жиенбаев Саннат Алексеевич''. Информация об удаленной операции: товар ''Ойлы ойындар. Книга Активити'', сотрудник ''Жиенбаев Саннат Алексеевич'', магазин ''Магазин Алматы'', количество ''1'', дата ''22/09/2016  13:49:35''.', 'Удаление операции'),
(490, 1, 5, '2016-09-22 18:07:22', 'Удалена операция типа: ''Оприходование'' сотрудником ''Жиенбаев Саннат Алексеевич''. Информация об удаленной операции: товар ''Бала, бала, баламыз'', сотрудник ''Жиенбаев Саннат Алексеевич'', магазин ''Магазин Алматы'', количество ''2'', дата ''22/09/2016  13:49:25''.', 'Удаление операции'),
(491, 1, 5, '2016-09-22 18:07:26', 'Удалена операция типа: ''Оприходование'' сотрудником ''Жиенбаев Саннат Алексеевич''. Информация об удаленной операции: товар ''… Болыпты'', сотрудник ''Жиенбаев Саннат Алексеевич'', магазин ''Магазин Алматы'', количество ''1'', дата ''22/09/2016  13:49:13''.', 'Удаление операции'),
(492, 1, 5, '2016-09-22 18:07:29', 'Удалена операция типа: ''Оприходование'' сотрудником ''Жиенбаев Саннат Алексеевич''. Информация об удаленной операции: товар ''6 сказок для любимых глазок'', сотрудник ''Жиенбаев Саннат Алексеевич'', магазин ''Магазин Алматы'', количество ''2'', дата ''22/09/2016  13:49:02''.', 'Удаление операции'),
(493, 1, 5, '2016-09-22 18:07:33', 'Удалена операция типа: ''Оприходование'' сотрудником ''Жиенбаев Саннат Алексеевич''. Информация об удаленной операции: товар ''Кішкентай сәнқойлар (Маленькие модницы)'', сотрудник ''Жиенбаев Саннат Алексеевич'', магазин ''Магазин Алматы'', количество ''2'', дата ''22/09/2016  13:48:52''.', 'Удаление операции'),
(494, 1, 5, '2016-09-22 18:07:37', 'Удалена операция типа: ''Оприходование'' сотрудником ''Жиенбаев Саннат Алексеевич''. Информация об удаленной операции: товар ''Жануарлар туралы ертегілер'', сотрудник ''Жиенбаев Саннат Алексеевич'', магазин ''Магазин Алматы'', количество ''1'', дата ''22/09/2016  13:46:44''.', 'Удаление операции'),
(495, 1, 5, '2016-09-22 18:07:42', 'Удалена операция типа: ''Оприходование'' сотрудником ''Жиенбаев Саннат Алексеевич''. Информация об удаленной операции: товар ''Кинотеатр. Әңгімелер жинағы және бейнепроектор (Сборник рассказов и видеопроектор)'', сотрудник ''Жиенбаев Саннат Алексеевич'', магазин ''Магазин Алматы'', количество ''1'', дата ''22/09/2016  13:46:34''.', 'Удаление операции'),
(496, 1, 5, '2016-09-22 18:07:46', 'Удалена операция типа: ''Оприходование'' сотрудником ''Жиенбаев Саннат Алексеевич''. Информация об удаленной операции: товар ''Сүйкімді сұлулар (Милые красавицы)'', сотрудник ''Жиенбаев Саннат Алексеевич'', магазин ''Магазин Алматы'', количество ''1'', дата ''22/09/2016  13:46:24''.', 'Удаление операции'),
(497, 1, 5, '2016-09-22 18:07:51', 'Удалена операция типа: ''Оприходование'' сотрудником ''Жиенбаев Саннат Алексеевич''. Информация об удаленной операции: товар ''Сиқырлы сандар'', сотрудник ''Жиенбаев Саннат Алексеевич'', магазин ''Магазин Алматы'', количество ''1'', дата ''22/09/2016  13:45:49''.', 'Удаление операции'),
(498, 1, 5, '2016-09-22 18:07:55', 'Удалена операция типа: ''Оприходование'' сотрудником ''Жиенбаев Саннат Алексеевич''. Информация об удаленной операции: товар ''В мире сказок'', сотрудник ''Жиенбаев Саннат Алексеевич'', магазин ''Магазин Алматы'', количество ''2'', дата ''22/09/2016  13:45:33''.', 'Удаление операции'),
(499, 1, 5, '2016-09-22 18:07:59', 'Удалена операция типа: ''Оприходование'' сотрудником ''Жиенбаев Саннат Алексеевич''. Информация об удаленной операции: товар ''Рапунцель'', сотрудник ''Жиенбаев Саннат Алексеевич'', магазин ''Магазин Алматы'', количество ''1'', дата ''22/09/2016  13:45:19''.', 'Удаление операции'),
(500, 1, 5, '2016-09-22 18:08:04', 'Удалена операция типа: ''Оприходование'' сотрудником ''Жиенбаев Саннат Алексеевич''. Информация об удаленной операции: товар ''Суретті жазу  (цв)'', сотрудник ''Жиенбаев Саннат Алексеевич'', магазин ''Магазин Алматы'', количество ''2'', дата ''22/09/2016  13:45:10''.', 'Удаление операции'),
(501, 1, 5, '2016-09-22 18:08:08', 'Удалена операция типа: ''Оприходование'' сотрудником ''Жиенбаев Саннат Алексеевич''. Информация об удаленной операции: товар ''Көлік түрлері '', сотрудник ''Жиенбаев Саннат Алексеевич'', магазин ''Магазин Алматы'', количество ''1'', дата ''22/09/2016  13:44:59''.', 'Удаление операции'),
(502, 1, 5, '2016-09-22 18:08:13', 'Удалена операция типа: ''Оприходование'' сотрудником ''Жиенбаев Саннат Алексеевич''. Информация об удаленной операции: товар ''Транспорт'', сотрудник ''Жиенбаев Саннат Алексеевич'', магазин ''Магазин Алматы'', количество ''1'', дата ''22/09/2016  13:44:34''.', 'Удаление операции'),
(503, 1, 5, '2016-09-22 18:08:17', 'Удалена операция типа: ''Продажа'' сотрудником ''Жиенбаев Саннат Алексеевич''. Информация об удаленной операции: товар ''Он и она, Ш. Аляутдинов. Диля'', сотрудник ''Жиенбаев Саннат Алексеевич'', магазин ''Магазин Алматы'', клиент ''[Не известно]'', цена ''7000'', количество ''1'', скидка ''0%'', бонус ''0%'', дата ''22/09/2016  13:43:44''.', 'Удаление операции'),
(504, 1, 5, '2016-09-22 18:08:21', 'Удалена операция типа: ''Продажа'' сотрудником ''Жиенбаев Саннат Алексеевич''. Информация об удаленной операции: товар ''Мир души, Ш. Аляутдинов. Диля'', сотрудник ''Жиенбаев Саннат Алексеевич'', магазин ''Магазин Алматы'', клиент ''[Не известно]'', цена ''2500'', количество ''1'', скидка ''0%'', бонус ''0%'', дата ''22/09/2016  13:43:33''.', 'Удаление операции'),
(505, 1, 5, '2016-09-22 18:08:25', 'Удалена операция типа: ''Не известно'' сотрудником ''Жиенбаев Саннат Алексеевич''. Информация об удаленной операции: товар '''', сотрудник ''Жиенбаев Саннат Алексеевич'', магазин ''Магазин Алматы'', дата ''22/09/2016  13:43:15''.', 'Удаление операции'),
(506, 1, 5, '2016-09-22 18:08:29', 'Удалена операция типа: ''Продажа'' сотрудником ''Жиенбаев Саннат Алексеевич''. Информация об удаленной операции: товар ''В мире сказок'', сотрудник ''Жиенбаев Саннат Алексеевич'', магазин ''Магазин Алматы'', клиент ''[Не известно]'', цена ''4230'', количество ''1'', скидка ''0%'', бонус ''0%'', дата ''22/09/2016  13:42:55''.', 'Удаление операции'),
(507, 1, 5, '2016-09-22 18:08:33', 'Удалена операция типа: ''Оприходование'' сотрудником ''Жиенбаев Саннат Алексеевич''. Информация об удаленной операции: товар ''В мире сказок'', сотрудник ''Жиенбаев Саннат Алексеевич'', магазин ''Магазин Алматы'', количество ''1'', дата ''22/09/2016  13:42:49''.', 'Удаление операции'),
(508, 1, 5, '2016-09-22 18:08:37', 'Удалена операция типа: ''Продажа'' сотрудником ''Жиенбаев Саннат Алексеевич''. Информация об удаленной операции: товар ''Богатый ребенок, умный ребенок (тв) Р. Кийосаки. Попурри'', сотрудник ''Жиенбаев Саннат Алексеевич'', магазин ''Магазин Алматы'', клиент ''[Не известно]'', цена ''2500'', количество ''1'', скидка ''0%'', бонус ''0%'', дата ''22/09/2016  13:41:41''.', 'Удаление операции'),
(509, 1, 5, '2016-09-22 18:08:42', 'Удалена операция типа: ''Не известно'' сотрудником ''Жиенбаев Саннат Алексеевич''. Информация об удаленной операции: товар '''', сотрудник ''Жиенбаев Саннат Алексеевич'', магазин ''Магазин Алматы'', дата ''22/09/2016  13:41:21''.', 'Удаление операции'),
(510, 1, 5, '2016-09-22 18:08:48', 'Удалена операция типа: ''Продажа'' сотрудником ''Жиенбаев Саннат Алексеевич''. Информация об удаленной операции: товар ''Триллионер думает, Ш. Аляутдинов. Диля'', сотрудник ''Жиенбаев Саннат Алексеевич'', магазин ''Магазин Алматы'', клиент ''[Не известно]'', цена ''2600'', количество ''1'', скидка ''0%'', бонус ''0%'', дата ''22/09/2016  13:40:56''.', 'Удаление операции'),
(511, 1, 5, '2016-09-22 18:08:54', 'Удалена операция типа: ''Продажа'' сотрудником ''Жиенбаев Саннат Алексеевич''. Информация об удаленной операции: товар ''Триллионер слушает, Ш. Аляутдинов. Диля'', сотрудник ''Жиенбаев Саннат Алексеевич'', магазин ''Магазин Алматы'', клиент ''[Не известно]'', цена ''3100'', количество ''1'', скидка ''0%'', бонус ''0%'', дата ''22/09/2016  13:40:45''.', 'Удаление операции'),
(512, 1, 5, '2016-09-22 18:08:59', 'Удалена операция типа: ''Продажа'' сотрудником ''Жиенбаев Саннат Алексеевич''. Информация об удаленной операции: товар ''Триллионер действует, Ш. Аляутдинов. Диля'', сотрудник ''Жиенбаев Саннат Алексеевич'', магазин ''Магазин Алматы'', клиент ''[Не известно]'', цена ''3000'', количество ''1'', скидка ''0%'', бонус ''0%'', дата ''22/09/2016  13:39:48''.', 'Удаление операции'),
(513, 1, 5, '2016-09-22 18:09:04', 'Удалена операция типа: ''Не известно'' сотрудником ''Жиенбаев Саннат Алексеевич''. Информация об удаленной операции: товар '''', сотрудник ''Жиенбаев Саннат Алексеевич'', магазин ''Магазин Алматы'', дата ''22/09/2016  13:39:32''.', 'Удаление операции'),
(514, 1, 5, '2016-09-22 18:09:09', 'Удалена операция типа: ''Продажа'' сотрудником ''Жиенбаев Саннат Алексеевич''. Информация об удаленной операции: товар ''Таджвид, Ш. Аляутдинов. Диля'', сотрудник ''Жиенбаев Саннат Алексеевич'', магазин ''Магазин Алматы'', клиент ''[Не известно]'', цена ''3200'', количество ''1'', скидка ''0%'', бонус ''0%'', дата ''22/09/2016  13:39:08''.', 'Удаление операции'),
(515, 1, 5, '2016-09-22 18:09:14', 'Удалена операция типа: ''Продажа'' сотрудником ''Жиенбаев Саннат Алексеевич''. Информация об удаленной операции: товар ''Достоинства намаза'', сотрудник ''Жиенбаев Саннат Алексеевич'', магазин ''Магазин Алматы'', клиент ''[Не известно]'', цена ''840'', количество ''1'', скидка ''0%'', бонус ''0%'', дата ''22/09/2016  13:37:32''.', 'Удаление операции'),
(516, 1, 5, '2016-09-22 18:09:19', 'Удалена операция типа: ''Оприходование'' сотрудником ''Жиенбаев Саннат Алексеевич''. Информация об удаленной операции: товар ''Достоинства намаза'', сотрудник ''Жиенбаев Саннат Алексеевич'', магазин ''Магазин Алматы'', количество ''1'', дата ''22/09/2016  13:37:23''.', 'Удаление операции'),
(517, 1, 5, '2016-09-22 18:09:23', 'Удалена операция типа: ''Продажа'' сотрудником ''Жиенбаев Саннат Алексеевич''. Информация об удаленной операции: товар ''Высказывания Пророка (толстая). Ш. Аляутдинов. Диля'', сотрудник ''Жиенбаев Саннат Алексеевич'', магазин ''Магазин Алматы'', клиент ''[Не известно]'', цена ''3600'', количество ''1'', скидка ''0%'', бонус ''0%'', дата ''22/09/2016  13:34:59''.', 'Удаление операции'),
(518, 1, 5, '2016-09-22 18:09:27', 'Удалена операция типа: ''Продажа'' сотрудником ''Жиенбаев Саннат Алексеевич''. Информация об удаленной операции: товар ''История о Пророках Ибн Касир'', сотрудник ''Жиенбаев Саннат Алексеевич'', магазин ''Магазин Алматы'', клиент ''[Не известно]'', цена ''5200'', количество ''1'', скидка ''0%'', бонус ''0%'', дата ''22/09/2016  13:34:48''.', 'Удаление операции'),
(519, 1, 5, '2016-09-22 18:09:32', 'Удалена операция типа: ''Продажа'' сотрудником ''Жиенбаев Саннат Алексеевич''. Информация об удаленной операции: товар ''Триллионер слушает, Ш. Аляутдинов. Диля'', сотрудник ''Жиенбаев Саннат Алексеевич'', магазин ''Магазин Алматы'', клиент ''[Не известно]'', цена ''3100'', количество ''1'', скидка ''0%'', бонус ''0%'', дата ''22/09/2016  13:34:32''.', 'Удаление операции'),
(520, 1, 5, '2016-09-22 18:09:37', 'Удалена операция типа: ''Продажа'' сотрудником ''Жиенбаев Саннат Алексеевич''. Информация об удаленной операции: товар ''Как увидеть Рай, Ш. Аляутдинов. Диля'', сотрудник ''Жиенбаев Саннат Алексеевич'', магазин ''Магазин Алматы'', клиент ''[Не известно]'', цена ''3000'', количество ''1'', скидка ''0%'', бонус ''0%'', дата ''22/09/2016  13:34:16''.', 'Удаление операции'),
(521, 1, 5, '2016-09-22 18:09:44', 'Удалена операция типа: ''Продажа'' сотрудником ''Жиенбаев Саннат Алексеевич''. Информация об удаленной операции: товар ''Жизнь, мы и дух истины, Ш. Аляутдинов. Диля'', сотрудник ''Жиенбаев Саннат Алексеевич'', магазин ''Магазин Алматы'', клиент ''[Не известно]'', цена ''1600'', количество ''1'', скидка ''0%'', бонус ''0%'', дата ''22/09/2016  13:33:59''.', 'Удаление операции'),
(522, 1, 5, '2016-09-22 18:10:01', 'Удалена операция типа: ''Продажа'' сотрудником ''Жиенбаев Саннат Алексеевич''. Информация об удаленной операции: товар ''Путь к вере и совершенству (мг), Ш. Аляутдинов. Диля'', сотрудник ''Жиенбаев Саннат Алексеевич'', магазин ''Магазин Алматы'', клиент ''[Не известно]'', цена ''2600'', количество ''1'', скидка ''0%'', бонус ''0%'', дата ''22/09/2016  13:33:41''.', 'Удаление операции'),
(523, 1, 5, '2016-09-22 18:10:06', 'Удалена операция типа: ''Продажа'' сотрудником ''Жиенбаев Саннат Алексеевич''. Информация об удаленной операции: товар ''Не грусти. Аль-Карни'', сотрудник ''Жиенбаев Саннат Алексеевич'', магазин ''Магазин Алматы'', клиент ''[Не известно]'', цена ''3600'', количество ''1'', скидка ''0%'', бонус ''0%'', дата ''22/09/2016  13:33:27''.', 'Удаление операции'),
(524, 1, 5, '2016-09-22 18:10:10', 'Удалена операция типа: ''Продажа'' сотрудником ''Жиенбаев Саннат Алексеевич''. Информация об удаленной операции: товар ''Успешный мужчина-дело рук женщины. Твой путь к женскому счастью и благополучию, Покатилова Н.А. АСТ'', сотрудник ''Жиенбаев Саннат Алексеевич'', магазин ''Магазин Алматы'', клиент ''[Не известно]'', цена ''1890'', количество ''1'', скидка ''0%'', бонус ''0%'', дата ''22/09/2016  13:33:19''.', 'Удаление операции'),
(525, 1, 5, '2016-09-22 18:10:14', 'Удалена операция типа: ''Продажа'' сотрудником ''Жиенбаев Саннат Алексеевич''. Информация об удаленной операции: товар ''Не грусти. Аль-Карни'', сотрудник ''Жиенбаев Саннат Алексеевич'', магазин ''Магазин Алматы'', клиент ''[Не известно]'', цена ''3600'', количество ''1'', скидка ''0%'', бонус ''0%'', дата ''22/09/2016  13:33:07''.', 'Удаление операции'),
(526, 1, 5, '2016-09-22 18:10:19', 'Удалена операция типа: ''Продажа'' сотрудником ''Жиенбаев Саннат Алексеевич''. Информация об удаленной операции: товар ''Триллионер слушает (Супер обл 60х90/16)'', сотрудник ''Жиенбаев Саннат Алексеевич'', магазин ''Магазин Алматы'', клиент ''[Не известно]'', цена ''4100'', количество ''1'', скидка ''0%'', бонус ''0%'', дата ''22/09/2016  13:32:59''.', 'Удаление операции'),
(527, 1, 5, '2016-09-22 18:10:22', 'Удалена операция типа: ''Продажа'' сотрудником ''Жиенбаев Саннат Алексеевич''. Информация об удаленной операции: товар ''Триллионер слушает, Ш. Аляутдинов. Диля'', сотрудник ''Жиенбаев Саннат Алексеевич'', магазин ''Магазин Алматы'', клиент ''[Не известно]'', цена ''3100'', количество ''1'', скидка ''0%'', бонус ''0%'', дата ''22/09/2016  13:32:45''.', 'Удаление операции'),
(528, 1, 5, '2016-09-22 18:10:28', 'Удалена операция типа: ''Не известно'' сотрудником ''Жиенбаев Саннат Алексеевич''. Информация об удаленной операции: товар '''', сотрудник ''Жиенбаев Саннат Алексеевич'', магазин ''Магазин Алматы'', дата ''22/09/2016  13:31:49''.', 'Удаление операции'),
(529, 1, 5, '2016-09-22 18:10:33', 'Удалена операция типа: ''Не известно'' сотрудником ''Жиенбаев Саннат Алексеевич''. Информация об удаленной операции: товар '''', сотрудник ''Жиенбаев Саннат Алексеевич'', магазин ''Магазин Алматы'', дата ''22/09/2016  13:29:57''.', 'Удаление операции'),
(530, 1, 5, '2016-09-22 18:10:37', 'Удалена операция типа: ''Продажа'' сотрудником ''Жиенбаев Саннат Алексеевич''. Информация об удаленной операции: товар ''Ежедневник 90 дней, Ш. Аляутдинов. Диля'', сотрудник ''Жиенбаев Саннат Алексеевич'', магазин ''Магазин Алматы'', клиент ''[Не известно]'', цена ''3200'', количество ''1'', скидка ''0%'', бонус ''0%'', дата ''22/09/2016  13:29:34''.', 'Удаление операции');
INSERT INTO `history` (`history_id`, `emp_id`, `comp_id`, `history_date`, `history_text`, `history_type`) VALUES
(531, 1, 5, '2016-09-22 18:10:42', 'Удалена операция типа: ''Не известно'' сотрудником ''Жиенбаев Саннат Алексеевич''. Информация об удаленной операции: товар '''', сотрудник ''Жиенбаев Саннат Алексеевич'', магазин ''Магазин Алматы'', дата ''22/09/2016  13:29:16''.', 'Удаление операции'),
(532, 1, 5, '2016-09-22 18:10:47', 'Удалена операция типа: ''Продажа'' сотрудником ''Жиенбаев Саннат Алексеевич''. Информация об удаленной операции: товар ''Мир души, Ш. Аляутдинов. Диля'', сотрудник ''Жиенбаев Саннат Алексеевич'', магазин ''Магазин Алматы'', клиент ''[Не известно]'', цена ''2500'', количество ''1'', скидка ''0%'', бонус ''0%'', дата ''22/09/2016  13:28:37''.', 'Удаление операции'),
(533, 1, 5, '2016-09-22 18:10:50', 'Удалена операция типа: ''Продажа'' сотрудником ''Жиенбаев Саннат Алексеевич''. Информация об удаленной операции: товар ''Стань самым умным и самым богатым 1, Ш. Аляутдинов. Диля'', сотрудник ''Жиенбаев Саннат Алексеевич'', магазин ''Магазин Алматы'', клиент ''[Не известно]'', цена ''3200'', количество ''1'', скидка ''0%'', бонус ''0%'', дата ''22/09/2016  13:20:33''.', 'Удаление операции'),
(534, 1, 5, '2016-09-22 18:10:54', 'Удалена операция типа: ''Продажа'' сотрудником ''Жиенбаев Саннат Алексеевич''. Информация об удаленной операции: товар ''Он и она, Ш. Аляутдинов. Диля'', сотрудник ''Жиенбаев Саннат Алексеевич'', магазин ''Магазин Алматы'', клиент ''[Не известно]'', цена ''7000'', количество ''1'', скидка ''0%'', бонус ''0%'', дата ''22/09/2016  12:36:54''.', 'Удаление операции'),
(535, 1, 5, '2016-09-22 18:10:59', 'Удалена операция типа: ''Продажа'' сотрудником ''Жиенбаев Саннат Алексеевич''. Информация об удаленной операции: товар ''Дети и Ислам, Ш. Аляутдинов. Диля'', сотрудник ''Жиенбаев Саннат Алексеевич'', магазин ''Магазин Алматы'', клиент ''[Не известно]'', цена ''1800'', количество ''1'', скидка ''0%'', бонус ''0%'', дата ''22/09/2016  12:36:35''.', 'Удаление операции'),
(536, 1, 5, '2016-09-22 18:11:04', 'Удалена операция типа: ''Продажа'' сотрудником ''Жиенбаев Саннат Алексеевич''. Информация об удаленной операции: товар ''Женщина и Ислам (борд), Ш. Аляутдинов. Диля'', сотрудник ''Жиенбаев Саннат Алексеевич'', магазин ''Магазин Алматы'', клиент ''[Не известно]'', цена ''1200'', количество ''1'', скидка ''0%'', бонус ''0%'', дата ''22/09/2016  12:34:29''.', 'Удаление операции'),
(537, 1, 5, '2016-09-22 18:11:08', 'Удалена операция типа: ''Продажа'' сотрудником ''Жиенбаев Саннат Алексеевич''. Информация об удаленной операции: товар ''Мир души, Ш. Аляутдинов. Диля'', сотрудник ''Жиенбаев Саннат Алексеевич'', магазин ''Магазин Алматы'', клиент ''[Не известно]'', цена ''2500'', количество ''1'', скидка ''0%'', бонус ''0%'', дата ''22/09/2016  12:18:27''.', 'Удаление операции'),
(538, 1, 5, '2016-09-22 18:11:11', 'Удалена операция типа: ''Продажа'' сотрудником ''Жиенбаев Саннат Алексеевич''. Информация об удаленной операции: товар ''Женщина и Ислам (борд), Ш. Аляутдинов. Диля'', сотрудник ''Жиенбаев Саннат Алексеевич'', магазин ''Магазин Алматы'', клиент ''[Не известно]'', цена ''1200'', количество ''1'', скидка ''0%'', бонус ''0%'', дата ''22/09/2016  12:18:13''.', 'Удаление операции'),
(539, 1, 5, '2016-09-22 18:11:16', 'Удалена операция типа: ''Продажа'' сотрудником ''Жиенбаев Саннат Алексеевич''. Информация об удаленной операции: товар ''Мужчины и Ислам (старый), Ш. Аляутдинов. Диля'', сотрудник ''Жиенбаев Саннат Алексеевич'', магазин ''Магазин Алматы'', клиент ''[Не известно]'', цена ''1100'', количество ''1'', скидка ''0%'', бонус ''0%'', дата ''22/09/2016  12:17:52''.', 'Удаление операции'),
(540, 1, 5, '2016-09-22 18:11:21', 'Удалена операция типа: ''Продажа'' сотрудником ''Жиенбаев Саннат Алексеевич''. Информация об удаленной операции: товар ''Стань самым умным и самым богатым 1, Ш. Аляутдинов. Диля'', сотрудник ''Жиенбаев Саннат Алексеевич'', магазин ''Магазин Алматы'', клиент ''[Не известно]'', цена ''3200'', количество ''1'', скидка ''0%'', бонус ''0%'', дата ''22/09/2016  12:17:33''.', 'Удаление операции'),
(541, 1, 5, '2016-09-22 18:11:25', 'Удалена операция типа: ''Продажа'' сотрудником ''Жиенбаев Саннат Алексеевич''. Информация об удаленной операции: товар ''Триллионер слушает, Ш. Аляутдинов. Диля'', сотрудник ''Жиенбаев Саннат Алексеевич'', магазин ''Магазин Алматы'', клиент ''[Не известно]'', цена ''3100'', количество ''1'', скидка ''0%'', бонус ''0%'', дата ''22/09/2016  12:17:17''.', 'Удаление операции'),
(542, 1, 5, '2016-09-22 18:11:29', 'Удалена операция типа: ''Продажа'' сотрудником ''Жиенбаев Саннат Алексеевич''. Информация об удаленной операции: товар ''Мир души (на каз.) Ш. Аляутдинов. Диля'', сотрудник ''Жиенбаев Саннат Алексеевич'', магазин ''Магазин Алматы'', клиент ''[Не известно]'', цена ''1750'', количество ''1'', скидка ''0%'', бонус ''0%'', дата ''22/09/2016  12:16:30''.', 'Удаление операции'),
(543, 1, 5, '2016-09-22 18:11:32', 'Удалена операция типа: ''Продажа'' сотрудником ''Жиенбаев Саннат Алексеевич''. Информация об удаленной операции: товар ''Мужчины и Ислам (старый), Ш. Аляутдинов. Диля'', сотрудник ''Жиенбаев Саннат Алексеевич'', магазин ''Магазин Алматы'', клиент ''[Не известно]'', цена ''1100'', количество ''1'', скидка ''0%'', бонус ''0%'', дата ''22/09/2016  12:16:17''.', 'Удаление операции'),
(544, 1, 5, '2016-09-22 18:11:36', 'Удалена операция типа: ''Продажа'' сотрудником ''Жиенбаев Саннат Алексеевич''. Информация об удаленной операции: товар ''Св.Коран (Смыслы) (Богословский перевод), Ш. Аляутдинов. Диля'', сотрудник ''Жиенбаев Саннат Алексеевич'', магазин ''Магазин Алматы'', клиент ''[Не известно]'', цена ''14000'', количество ''1'', скидка ''0%'', бонус ''0%'', дата ''22/09/2016  12:15:57''.', 'Удаление операции'),
(545, 1, 5, '2016-09-22 18:11:41', 'Удалена операция типа: ''Продажа'' сотрудником ''Жиенбаев Саннат Алексеевич''. Информация об удаленной операции: товар ''Не грусти. Аль-Карни'', сотрудник ''Жиенбаев Саннат Алексеевич'', магазин ''Магазин Алматы'', клиент ''[Не известно]'', цена ''3600'', количество ''1'', скидка ''0%'', бонус ''0%'', дата ''22/09/2016  12:15:21''.', 'Удаление операции'),
(546, 1, 5, '2016-09-22 18:11:45', 'Удалена операция типа: ''Продажа'' сотрудником ''Жиенбаев Саннат Алексеевич''. Информация об удаленной операции: товар ''А вы благодарны? (диск), Ш. Аляутдинов'', сотрудник ''Жиенбаев Саннат Алексеевич'', магазин ''Магазин Алматы'', клиент ''[Не известно]'', цена ''750'', количество ''1'', скидка ''0%'', бонус ''0%'', дата ''22/09/2016  12:15:11''.', 'Удаление операции'),
(547, 1, 5, '2016-09-22 18:11:49', 'Удалена операция типа: ''Продажа'' сотрудником ''Жиенбаев Саннат Алексеевич''. Информация об удаленной операции: товар ''Смысл жизни (диск), Ш. Аляутдинов'', сотрудник ''Жиенбаев Саннат Алексеевич'', магазин ''Магазин Алматы'', клиент ''[Не известно]'', цена ''750'', количество ''1'', скидка ''0%'', бонус ''0%'', дата ''22/09/2016  12:07:50''.', 'Удаление операции'),
(548, 1, 5, '2016-09-22 18:11:53', 'Удалена операция типа: ''Продажа'' сотрудником ''Жиенбаев Саннат Алексеевич''. Информация об удаленной операции: товар ''Мир души, Ш. Аляутдинов. Диля'', сотрудник ''Жиенбаев Саннат Алексеевич'', магазин ''Магазин Алматы'', клиент ''[Не известно]'', цена ''2500'', количество ''1'', скидка ''0%'', бонус ''0%'', дата ''22/09/2016  12:07:40''.', 'Удаление операции'),
(549, 1, 5, '2016-09-22 18:11:57', 'Удалена операция типа: ''Продажа'' сотрудником ''Жиенбаев Саннат Алексеевич''. Информация об удаленной операции: товар ''Широта души (диск), Ш. Аляутдинов'', сотрудник ''Жиенбаев Саннат Алексеевич'', магазин ''Магазин Алматы'', клиент ''[Не известно]'', цена ''750'', количество ''1'', скидка ''0%'', бонус ''0%'', дата ''22/09/2016  12:07:17''.', 'Удаление операции'),
(550, 1, 5, '2016-09-22 18:12:02', 'Удалена операция типа: ''Продажа'' сотрудником ''Жиенбаев Саннат Алексеевич''. Информация об удаленной операции: товар ''Мир души (диск), Ш. Аляутдинов'', сотрудник ''Жиенбаев Саннат Алексеевич'', магазин ''Магазин Алматы'', клиент ''[Не известно]'', цена ''1000'', количество ''1'', скидка ''0%'', бонус ''0%'', дата ''22/09/2016  11:57:45''.', 'Удаление операции'),
(551, 1, 5, '2016-09-22 18:12:06', 'Удалена операция типа: ''Продажа'' сотрудником ''Жиенбаев Саннат Алексеевич''. Информация об удаленной операции: товар ''Жизнь Пророка (c.а.с.)'', сотрудник ''Жиенбаев Саннат Алексеевич'', магазин ''Магазин Алматы'', клиент ''[Не известно]'', цена ''600'', количество ''1'', скидка ''0%'', бонус ''0%'', дата ''22/09/2016  11:57:16''.', 'Удаление операции'),
(552, 1, 5, '2016-09-22 18:12:10', 'Удалена операция типа: ''Продажа'' сотрудником ''Жиенбаев Саннат Алексеевич''. Информация об удаленной операции: товар ''Достоинства намаза'', сотрудник ''Жиенбаев Саннат Алексеевич'', магазин ''Магазин Алматы'', клиент ''[Не известно]'', цена ''840'', количество ''1'', скидка ''0%'', бонус ''0%'', дата ''22/09/2016  11:57:08''.', 'Удаление операции'),
(553, 1, 5, '2016-09-22 18:12:14', 'Удалена операция типа: ''Продажа'' сотрудником ''Жиенбаев Саннат Алексеевич''. Информация об удаленной операции: товар ''Успешный мужчина-дело рук женщины. Твой путь к женскому счастью и благополучию, Покатилова Н.А. АСТ'', сотрудник ''Жиенбаев Саннат Алексеевич'', магазин ''Магазин Алматы'', клиент ''[Не известно]'', цена ''1890'', количество ''1'', скидка ''0%'', бонус ''0%'', дата ''22/09/2016  11:56:58''.', 'Удаление операции'),
(554, 1, 5, '2016-09-22 18:12:18', 'Удалена операция типа: ''Продажа'' сотрудником ''Жиенбаев Саннат Алексеевич''. Информация об удаленной операции: товар ''Он и она, Ш. Аляутдинов. Диля'', сотрудник ''Жиенбаев Саннат Алексеевич'', магазин ''Магазин Алматы'', клиент ''[Не известно]'', цена ''7000'', количество ''1'', скидка ''0%'', бонус ''0%'', дата ''22/09/2016  11:56:47''.', 'Удаление операции'),
(555, 1, 5, '2016-09-22 18:12:23', 'Удалена операция типа: ''Продажа'' сотрудником ''Жиенбаев Саннат Алексеевич''. Информация об удаленной операции: товар ''Кеш қалма'', сотрудник ''Жиенбаев Саннат Алексеевич'', магазин ''Магазин Алматы'', клиент ''[Не известно]'', цена ''2000'', количество ''1'', скидка ''0%'', бонус ''0%'', дата ''22/09/2016  11:56:38''.', 'Удаление операции'),
(556, 1, 5, '2016-09-22 18:12:27', 'Удалена операция типа: ''Продажа'' сотрудником ''Жиенбаев Саннат Алексеевич''. Информация об удаленной операции: товар ''Уроки семейной мудрости (подарочная), Р. Шарма. АСТ'', сотрудник ''Жиенбаев Саннат Алексеевич'', магазин ''Магазин Алматы'', клиент ''[Не известно]'', цена ''1710'', количество ''1'', скидка ''0%'', бонус ''0%'', дата ''22/09/2016  11:56:25''.', 'Удаление операции'),
(557, 1, 5, '2016-09-22 18:12:32', 'Удалена операция типа: ''Продажа'' сотрудником ''Жиенбаев Саннат Алексеевич''. Информация об удаленной операции: товар ''Эмоциональный интеллект ребенка, Дж. Готтман. МИФ'', сотрудник ''Жиенбаев Саннат Алексеевич'', магазин ''Магазин Алматы'', клиент ''[Не известно]'', цена ''4800'', количество ''1'', скидка ''0%'', бонус ''0%'', дата ''22/09/2016  11:56:09''.', 'Удаление операции'),
(558, 1, 5, '2016-09-22 18:12:36', 'Удалена операция типа: ''Не известно'' сотрудником ''Жиенбаев Саннат Алексеевич''. Информация об удаленной операции: товар '''', сотрудник ''Жиенбаев Саннат Алексеевич'', магазин ''Магазин Алматы'', дата ''22/09/2016  11:55:56''.', 'Удаление операции'),
(559, 1, 5, '2016-09-22 18:12:41', 'Удалена операция типа: ''Продажа'' сотрудником ''Жиенбаев Саннат Алексеевич''. Информация об удаленной операции: товар ''Дети и Ислам, Ш. Аляутдинов. Диля'', сотрудник ''Жиенбаев Саннат Алексеевич'', магазин ''Магазин Алматы'', клиент ''[Не известно]'', цена ''1800'', количество ''1'', скидка ''0%'', бонус ''0%'', дата ''22/09/2016  11:55:25''.', 'Удаление операции'),
(560, 1, 5, '2016-09-22 18:12:46', 'Удалена операция типа: ''Продажа'' сотрудником ''Жиенбаев Саннат Алексеевич''. Информация об удаленной операции: товар ''Как люди думают, Д. Чернышев. МИФ'', сотрудник ''Жиенбаев Саннат Алексеевич'', магазин ''Магазин Алматы'', клиент ''[Не известно]'', цена ''3500'', количество ''1'', скидка ''0%'', бонус ''0%'', дата ''22/09/2016  11:55:00''.', 'Удаление операции'),
(561, 1, 5, '2016-09-22 18:12:51', 'Удалена операция типа: ''Продажа'' сотрудником ''Жиенбаев Саннат Алексеевич''. Информация об удаленной операции: товар ''Теория Игр, Искусство стратегического мышления в бизнесе и жизни,  Авинаш Диксит и Барри Нейлбафф. МИФ'', сотрудник ''Жиенбаев Саннат Алексеевич'', магазин ''Магазин Алматы'', клиент ''[Не известно]'', цена ''5100'', количество ''1'', скидка ''0%'', бонус ''0%'', дата ''22/09/2016  11:54:46''.', 'Удаление операции'),
(562, 1, 5, '2016-09-22 18:12:55', 'Удалена операция типа: ''Продажа'' сотрудником ''Жиенбаев Саннат Алексеевич''. Информация об удаленной операции: товар ''Funny animals'', сотрудник ''Жиенбаев Саннат Алексеевич'', магазин ''Магазин Алматы'', клиент ''[Не известно]'', цена ''705'', количество ''1'', скидка ''0%'', бонус ''0%'', дата ''22/09/2016  11:54:33''.', 'Удаление операции'),
(563, 1, 5, '2016-09-22 18:13:01', 'Удалена операция типа: ''Продажа'' сотрудником ''Жиенбаев Саннат Алексеевич''. Информация об удаленной операции: товар ''Хайуаннаттар бағында (Зоопарк )'', сотрудник ''Жиенбаев Саннат Алексеевич'', магазин ''Магазин Алматы'', клиент ''[Не известно]'', цена ''460'', количество ''1'', скидка ''0%'', бонус ''0%'', дата ''22/09/2016  11:54:24''.', 'Удаление операции'),
(564, 1, 5, '2016-09-22 18:13:33', 'Удалена операция типа: ''Продажа'' сотрудником ''Жиенбаев Саннат Алексеевич''. Информация об удаленной операции: товар ''Жизнь Пророка (c.а.с.)'', сотрудник ''Жиенбаев Саннат Алексеевич'', магазин ''Магазин Алматы'', клиент ''[Не известно]'', цена ''600'', количество ''1'', скидка ''0%'', бонус ''0%'', дата ''22/09/2016  11:52:16''.', 'Удаление операции'),
(565, 1, 5, '2016-09-22 18:13:43', 'Удалена операция типа: ''Продажа'' сотрудником ''Жиенбаев Саннат Алексеевич''. Информация об удаленной операции: товар ''А вы благодарны? (диск), Ш. Аляутдинов'', сотрудник ''Жиенбаев Саннат Алексеевич'', магазин ''Магазин Алматы'', клиент ''[Не известно]'', цена ''750'', количество ''1'', скидка ''0%'', бонус ''0%'', дата ''22/09/2016  11:52:02''.', 'Удаление операции'),
(566, 1, 5, '2016-09-22 18:13:48', 'Удалена операция типа: ''Продажа'' сотрудником ''Жиенбаев Саннат Алексеевич''. Информация об удаленной операции: товар ''Невозможное возможно (диск), Ш. Аляутдинов'', сотрудник ''Жиенбаев Саннат Алексеевич'', магазин ''Магазин Алматы'', клиент ''[Не известно]'', цена ''750'', количество ''1'', скидка ''0%'', бонус ''0%'', дата ''22/09/2016  11:51:55''.', 'Удаление операции'),
(567, 1, 5, '2016-09-22 18:13:54', 'Удалена операция типа: ''Продажа'' сотрудником ''Жиенбаев Саннат Алексеевич''. Информация об удаленной операции: товар ''Св.Коран (Смыслы) (4-настольный), Ш. Аляутдинов. Диля'', сотрудник ''Жиенбаев Саннат Алексеевич'', магазин ''Магазин Алматы'', клиент ''[Не известно]'', цена ''6500'', количество ''1'', скидка ''0%'', бонус ''0%'', дата ''22/09/2016  11:50:34''.', 'Удаление операции'),
(568, 1, 5, '2016-09-22 18:14:00', 'Удалена операция типа: ''Продажа'' сотрудником ''Жиенбаев Саннат Алексеевич''. Информация об удаленной операции: товар ''Св.Коран (Смыслы) (3-настольный), Ш. Аляутдинов. Диля'', сотрудник ''Жиенбаев Саннат Алексеевич'', магазин ''Магазин Алматы'', клиент ''[Не известно]'', цена ''4600'', количество ''1'', скидка ''0%'', бонус ''0%'', дата ''22/09/2016  11:50:24''.', 'Удаление операции'),
(569, 1, 5, '2016-09-22 18:14:11', 'Удалена операция типа: ''Продажа'' сотрудником ''Жиенбаев Саннат Алексеевич''. Информация об удаленной операции: товар ''Св.Коран (Смыслы) (2-настольный), Ш. Аляутдинов. Диля'', сотрудник ''Жиенбаев Саннат Алексеевич'', магазин ''Магазин Алматы'', клиент ''[Не известно]'', цена ''4400'', количество ''1'', скидка ''0%'', бонус ''0%'', дата ''22/09/2016  11:50:16''.', 'Удаление операции'),
(570, 1, 5, '2016-09-22 18:14:20', 'Удалена операция типа: ''Продажа'' сотрудником ''Жиенбаев Саннат Алексеевич''. Информация об удаленной операции: товар ''Св.Коран (Смыслы) (1-настольный), Ш. Аляутдинов. Диля'', сотрудник ''Жиенбаев Саннат Алексеевич'', магазин ''Магазин Алматы'', клиент ''[Не известно]'', цена ''4400'', количество ''1'', скидка ''0%'', бонус ''0%'', дата ''22/09/2016  11:50:03''.', 'Удаление операции'),
(571, 1, 5, '2016-09-22 18:14:27', 'Удалена операция типа: ''Продажа'' сотрудником ''Жиенбаев Саннат Алексеевич''. Информация об удаленной операции: товар ''Торкөздер мен нүктелер'', сотрудник ''Жиенбаев Саннат Алексеевич'', магазин ''Магазин Алматы'', клиент ''[Не известно]'', цена ''750'', количество ''1'', скидка ''0%'', бонус ''0%'', дата ''22/09/2016  11:49:03''.', 'Удаление операции'),
(572, 1, 5, '2016-09-22 18:14:37', 'Удалена операция типа: ''Продажа'' сотрудником ''Жиенбаев Саннат Алексеевич''. Информация об удаленной операции: товар ''Үш аю'', сотрудник ''Жиенбаев Саннат Алексеевич'', магазин ''Магазин Алматы'', клиент ''[Не известно]'', цена ''330'', количество ''1'', скидка ''0%'', бонус ''0%'', дата ''22/09/2016  11:48:47''.', 'Удаление операции'),
(573, 1, 5, '2016-09-22 18:14:44', 'Удалена операция типа: ''Не известно'' сотрудником ''Жиенбаев Саннат Алексеевич''. Информация об удаленной операции: товар '''', сотрудник ''Жиенбаев Саннат Алексеевич'', магазин ''Магазин Алматы'', дата ''22/09/2016  11:45:57''.', 'Удаление операции'),
(574, 1, 5, '2016-09-22 18:14:50', 'Удалена операция типа: ''Продажа'' сотрудником ''Жиенбаев Саннат Алексеевич''. Информация об удаленной операции: товар ''Как увидеть Рай, Ш. Аляутдинов. Диля'', сотрудник ''Жиенбаев Саннат Алексеевич'', магазин ''Магазин Алматы'', клиент ''[Не известно]'', цена ''3000'', количество ''1'', скидка ''0%'', бонус ''0%'', дата ''22/09/2016  11:42:19''.', 'Удаление операции'),
(575, 1, 5, '2016-09-22 18:14:55', 'Удалена операция типа: ''Продажа'' сотрудником ''Жиенбаев Саннат Алексеевич''. Информация об удаленной операции: товар ''Почему мы хотим, чтобы вы были богатыми, Р. Кийосаки. Попурри'', сотрудник ''Жиенбаев Саннат Алексеевич'', магазин ''Магазин Алматы'', клиент ''[Не известно]'', цена ''1700'', количество ''1'', скидка ''0%'', бонус ''0%'', дата ''22/09/2016  11:40:14''.', 'Удаление операции'),
(576, 1, 5, '2016-09-22 18:15:04', 'Удалена операция типа: ''Продажа'' сотрудником ''Жиенбаев Саннат Алексеевич''. Информация об удаленной операции: товар ''Мастер игры (Стратегия успеха красная мг), Р. Грин. Рипол'', сотрудник ''Жиенбаев Саннат Алексеевич'', магазин ''Магазин Алматы'', клиент ''[Не известно]'', цена ''6065'', количество ''1'', скидка ''0%'', бонус ''0%'', дата ''22/09/2016  11:38:26''.', 'Удаление операции'),
(577, 1, 5, '2016-09-22 18:17:02', 'Продано 1 штук товара "Мастер игры (Стратегия успеха красная мг), Р. Грин. Рипол" в магазине "Магазин Алматы"', 'Продажа'),
(578, 1, 5, '2016-09-22 18:17:16', 'Продано 1 штук товара "Почему мы хотим, чтобы вы были богатыми, Р. Кийосаки. Попурри" в магазине "Магазин Алматы"', 'Продажа'),
(579, 1, 5, '2016-09-22 18:17:31', 'Продано 1 штук товара "Как увидеть Рай, Ш. Аляутдинов. Диля" в магазине "Магазин Алматы"', 'Продажа'),
(580, 1, 5, '2016-09-22 18:18:04', 'Произведен отток на кассу "Магазин Алматы" с комментарием "оплата ТОО Туркестан за книгу жизнь пророка(с.ас.)" в размере 60000 тг ', 'Отток на кассу'),
(581, 1, 5, '2016-09-22 18:18:18', 'Продано 1 штук товара "Үш аю" в магазине "Магазин Алматы"', 'Продажа'),
(582, 1, 5, '2016-09-22 18:18:55', 'Произведен отток на кассу "Магазин Алматы" с комментарием "ценовая разница уш аю" в размере 30 тг ', 'Отток на кассу'),
(583, 1, 5, '2016-09-22 18:19:15', 'Продано 1 штук товара "Торкөздер мен нүктелер" в магазине "Магазин Алматы"', 'Продажа'),
(584, 1, 5, '2016-09-22 18:19:26', 'Продано 1 штук товара "Св.Коран (Смыслы) (1-настольный), Ш. Аляутдинов. Диля" в магазине "Магазин Алматы"', 'Продажа'),
(585, 1, 5, '2016-09-22 18:19:36', 'Продано 1 штук товара "Св.Коран (Смыслы) (2-настольный), Ш. Аляутдинов. Диля" в магазине "Магазин Алматы"', 'Продажа'),
(586, 1, 5, '2016-09-22 18:19:48', 'Продано 1 штук товара "Св.Коран (Смыслы) (3-настольный), Ш. Аляутдинов. Диля" в магазине "Магазин Алматы"', 'Продажа'),
(587, 1, 5, '2016-09-22 18:19:56', 'Продано 1 штук товара "Св.Коран (Смыслы) (4-настольный), Ш. Аляутдинов. Диля" в магазине "Магазин Алматы"', 'Продажа'),
(588, 1, 5, '2016-09-22 18:20:15', 'Продано 1 штук товара "Невозможное возможно (диск), Ш. Аляутдинов" в магазине "Магазин Алматы"', 'Продажа'),
(589, 1, 5, '2016-09-22 18:20:22', 'Продано 1 штук товара "А вы благодарны? (диск), Ш. Аляутдинов" в магазине "Магазин Алматы"', 'Продажа'),
(590, 1, 5, '2016-09-22 18:20:35', 'Продано 1 штук товара "Жизнь Пророка (c.а.с.)" в магазине "Магазин Алматы"', 'Продажа'),
(591, 1, 5, '2016-09-22 18:21:01', 'Произведен отток на кассу "Магазин Алматы" с комментарием "Жизнь Пророка с.а.с. в подарок" в размере 600 тг ', 'Отток на кассу'),
(592, 1, 5, '2016-09-22 18:21:13', 'Произведен отток на кассу "Магазин Алматы" с комментарием "" в размере 600 тг ', 'Отток на кассу'),
(593, 1, 5, '2016-09-22 18:21:35', 'Продано 1 штук товара "Хайуаннаттар бағында (Зоопарк )" в магазине "Магазин Алматы"', 'Продажа'),
(594, 1, 5, '2016-09-22 18:21:46', 'Продано 1 штук товара "Funny animals" в магазине "Магазин Алматы"', 'Продажа'),
(595, 1, 5, '2016-09-22 18:21:55', 'Продано 1 штук товара "Теория Игр, Искусство стратегического мышления в бизнесе и жизни,  Авинаш Диксит и Барри Нейлбафф. МИФ" в магазине "Магазин Алматы"', 'Продажа'),
(596, 1, 5, '2016-09-22 18:22:03', 'Продано 1 штук товара "Как люди думают, Д. Чернышев. МИФ" в магазине "Магазин Алматы"', 'Продажа'),
(597, 1, 5, '2016-09-22 18:22:13', 'Продано 1 штук товара "Дети и Ислам, Ш. Аляутдинов. Диля" в магазине "Магазин Алматы"', 'Продажа'),
(598, 1, 5, '2016-09-22 18:22:51', 'Произведен отток на кассу "Магазин Алматы" с комментарием "ценовая разница теория игр" в размере 300 тг ', 'Отток на кассу'),
(599, 1, 5, '2016-09-22 18:23:15', 'Произведен отток на кассу "Магазин Алматы" с комментарием "использован Бонус Хьюстон" в размере 900 тг ', 'Отток на кассу'),
(600, 1, 5, '2016-09-22 18:23:27', 'Продано 1 штук товара "Эмоциональный интеллект ребенка, Дж. Готтман. МИФ" в магазине "Магазин Алматы"', 'Продажа'),
(601, 1, 5, '2016-09-22 18:23:39', 'Продано 1 штук товара "Уроки семейной мудрости (подарочная), Р. Шарма. АСТ" в магазине "Магазин Алматы"', 'Продажа'),
(602, 1, 5, '2016-09-22 18:23:46', 'Продано 1 штук товара "Кеш қалма" в магазине "Магазин Алматы"', 'Продажа'),
(603, 1, 5, '2016-09-22 18:23:57', 'Продано 1 штук товара "Он и она, Ш. Аляутдинов. Диля" в магазине "Магазин Алматы"', 'Продажа'),
(604, 1, 5, '2016-09-22 18:24:10', 'Продано 1 штук товара "Успешный мужчина-дело рук женщины. Твой путь к женскому счастью и благополучию, Покатилова Н.А. АСТ" в магазине "Магазин Алматы"', 'Продажа'),
(605, 1, 5, '2016-09-22 18:24:20', 'Продано 1 штук товара "Достоинства намаза" в магазине "Магазин Алматы"', 'Продажа'),
(606, 1, 5, '2016-09-22 18:24:33', 'Продано 1 штук товара "Жизнь Пророка (c.а.с.)" в магазине "Магазин Алматы"', 'Продажа'),
(607, 1, 5, '2016-09-22 18:24:46', 'Продано 1 штук товара "Мир души (диск), Ш. Аляутдинов" в магазине "Магазин Алматы"', 'Продажа'),
(608, 1, 5, '2016-09-22 18:25:03', 'Продано 1 штук товара "Триллионер слушает, Ш. Аляутдинов. Диля" в магазине "Магазин Алматы"', 'Продажа'),
(609, 1, 5, '2016-09-22 18:25:15', 'Произведен отток на кассу "Магазин Алматы" с комментарием "Триллионер слушает" в размере 3100 тг ', 'Отток на кассу'),
(610, 1, 5, '2016-09-22 18:25:29', 'Произведен приток на кассу "Банк" с комментарием "Триллионер слушает" в размере 3100 тг ', 'Приток на кассу'),
(611, 1, 5, '2016-09-22 18:25:55', 'Продано 1 штук товара "Широта души (диск), Ш. Аляутдинов" в магазине "Магазин Алматы"', 'Продажа'),
(612, 1, 5, '2016-09-22 18:26:04', 'Продано 1 штук товара "Мир души, Ш. Аляутдинов. Диля" в магазине "Магазин Алматы"', 'Продажа'),
(613, 1, 5, '2016-09-22 18:26:13', 'Продано 1 штук товара "Смысл жизни (диск), Ш. Аляутдинов" в магазине "Магазин Алматы"', 'Продажа'),
(614, 1, 5, '2016-09-22 18:26:19', 'Продано 1 штук товара "А вы благодарны? (диск), Ш. Аляутдинов" в магазине "Магазин Алматы"', 'Продажа'),
(615, 1, 5, '2016-09-22 18:26:31', 'Продано 1 штук товара "Не грусти. Аль-Карни" в магазине "Магазин Алматы"', 'Продажа'),
(616, 1, 5, '2016-09-22 18:26:38', 'Продано 1 штук товара "Св.Коран (Смыслы) (Богословский перевод), Ш. Аляутдинов. Диля" в магазине "Магазин Алматы"', 'Продажа'),
(617, 1, 5, '2016-09-22 18:26:50', 'Продано 1 штук товара "Мужчины и Ислам (старый), Ш. Аляутдинов. Диля" в магазине "Магазин Алматы"', 'Продажа'),
(618, 1, 5, '2016-09-22 18:27:08', 'Произведен приток на кассу "Магазин Алматы" с комментарием "ценовая разница мужчины и ислам" в размере 100 тг ', 'Приток на кассу'),
(619, 1, 5, '2016-09-22 18:27:26', 'Продано 1 штук товара "Мир души (на каз.) Ш. Аляутдинов. Диля" в магазине "Магазин Алматы"', 'Продажа'),
(620, 1, 5, '2016-09-22 18:27:42', 'Продано 1 штук товара "Триллионер слушает, Ш. Аляутдинов. Диля" в магазине "Магазин Алматы"', 'Продажа'),
(621, 1, 5, '2016-09-22 18:27:53', 'Продано 1 штук товара "Стань самым умным и самым богатым 1, Ш. Аляутдинов. Диля" в магазине "Магазин Алматы"', 'Продажа'),
(622, 1, 5, '2016-09-22 18:28:07', 'Продано 1 штук товара "Мужчины и Ислам (старый), Ш. Аляутдинов. Диля" в магазине "Магазин Алматы"', 'Продажа'),
(623, 1, 5, '2016-09-22 18:28:31', 'Произведен приток на кассу "Магазин Алматы" с комментарием "ценовая разница мужчины и ислам" в размере 100 тг ', 'Приток на кассу'),
(624, 1, 5, '2016-09-22 18:28:52', 'Продано 1 штук товара "Женщина и Ислам (борд), Ш. Аляутдинов. Диля" в магазине "Магазин Алматы"', 'Продажа'),
(625, 1, 5, '2016-09-22 18:29:01', 'Продано 1 штук товара "Мир души, Ш. Аляутдинов. Диля" в магазине "Магазин Алматы"', 'Продажа'),
(626, 1, 5, '2016-09-22 18:29:16', 'Продано 1 штук товара "Женщина и Ислам (борд), Ш. Аляутдинов. Диля" в магазине "Магазин Алматы"', 'Продажа'),
(627, 1, 5, '2016-09-22 18:29:36', 'Произведен отток на кассу "Магазин Алматы" с комментарием "ценова разница женщина и ислам" в размере 100 тг ', 'Отток на кассу'),
(628, 1, 5, '2016-09-22 18:30:37', 'Продано 1 штук товара "Дети и Ислам, Ш. Аляутдинов. Диля" в магазине "Магазин Алматы"', 'Продажа'),
(629, 1, 5, '2016-09-22 18:30:48', 'Продано 1 штук товара "Он и она, Ш. Аляутдинов. Диля" в магазине "Магазин Алматы"', 'Продажа'),
(630, 1, 5, '2016-09-22 18:30:53', 'Продано 1 штук товара "Стань самым умным и самым богатым 1, Ш. Аляутдинов. Диля" в магазине "Магазин Алматы"', 'Продажа'),
(631, 1, 5, '2016-09-22 18:31:02', 'Продано 1 штук товара "Мудрость женщины, Л. Хей. Эксмо" в магазине "Магазин Алматы"', 'Продажа'),
(632, 1, 5, '2016-09-22 18:31:18', 'Произведен отток на кассу "Магазин Алматы" с комментарием "Мудрость женщины" в размере 1250 тг ', 'Отток на кассу'),
(633, 1, 5, '2016-09-22 18:31:32', 'Произведен приток на кассу "Банк" с комментарием "Мудрость женщины" в размере 1250 тг ', 'Приток на кассу'),
(634, 1, 5, '2016-09-22 18:32:00', 'Продано 1 штук товара "Мир души, Ш. Аляутдинов. Диля" в магазине "Магазин Алматы"', 'Продажа'),
(635, 1, 5, '2016-09-22 18:32:19', 'Произведен приток на кассу "Магазин Алматы" с комментарием "казпочта" в размере 8500 тг ', 'Приток на кассу'),
(636, 1, 5, '2016-09-22 18:32:30', 'Продано 1 штук товара "Ежедневник 90 дней, Ш. Аляутдинов. Диля" в магазине "Магазин Алматы"', 'Продажа'),
(637, 1, 5, '2016-09-22 18:32:48', 'Произведен отток на кассу "Магазин Алматы" с комментарием "" в размере 2000 тг ', 'Отток на кассу'),
(638, 1, 5, '2016-09-22 18:33:12', 'Произведен отток на кассу "Магазин Алматы" с комментарием "" в размере 6067 тг ', 'Отток на кассу'),
(639, 1, 5, '2016-09-22 18:33:34', 'Продано 1 штук товара "Триллионер слушает, Ш. Аляутдинов. Диля" в магазине "Магазин Алматы"', 'Продажа'),
(640, 1, 5, '2016-09-22 18:33:41', 'Продано 1 штук товара "Триллионер слушает (Супер обл 60х90/16)" в магазине "Магазин Алматы"', 'Продажа'),
(641, 1, 5, '2016-09-22 18:33:47', 'Продано 1 штук товара "Не грусти. Аль-Карни" в магазине "Магазин Алматы"', 'Продажа'),
(642, 1, 5, '2016-09-22 18:33:55', 'Продано 1 штук товара "Успешный мужчина-дело рук женщины. Твой путь к женскому счастью и благополучию, Покатилова Н.А. АСТ" в магазине "Магазин Алматы"', 'Продажа'),
(643, 1, 5, '2016-09-22 18:34:09', 'Продано 1 штук товара "Не грусти. Аль-Карни" в магазине "Магазин Алматы"', 'Продажа'),
(644, 1, 5, '2016-09-22 18:34:18', 'Продано 1 штук товара "Путь к вере и совершенству (мг), Ш. Аляутдинов. Диля" в магазине "Магазин Алматы"', 'Продажа'),
(645, 1, 5, '2016-09-22 18:34:24', 'Продано 1 штук товара "Жизнь, мы и дух истины, Ш. Аляутдинов. Диля" в магазине "Магазин Алматы"', 'Продажа'),
(646, 1, 5, '2016-09-22 18:34:40', 'Продано 1 штук товара "Как увидеть Рай, Ш. Аляутдинов. Диля" в магазине "Магазин Алматы"', 'Продажа'),
(647, 1, 5, '2016-09-22 18:34:46', 'Продано 1 штук товара "Триллионер слушает, Ш. Аляутдинов. Диля" в магазине "Магазин Алматы"', 'Продажа'),
(648, 1, 5, '2016-09-22 18:34:57', 'Продано 1 штук товара "История о Пророках Ибн Касир" в магазине "Магазин Алматы"', 'Продажа'),
(649, 1, 5, '2016-09-22 18:35:05', 'Продано 1 штук товара "Высказывания Пророка (толстая). Ш. Аляутдинов. Диля" в магазине "Магазин Алматы"', 'Продажа'),
(650, 1, 5, '2016-09-22 18:35:23', 'Оприходавано 1 штук товара "Достоинства намаза" на склад "Магазин Алматы"', 'Оприходование'),
(651, 1, 5, '2016-09-22 18:35:30', 'Продано 1 штук товара "Достоинства намаза" в магазине "Магазин Алматы"', 'Продажа'),
(652, 1, 5, '2016-09-22 18:35:44', 'Продано 1 штук товара "Таджвид, Ш. Аляутдинов. Диля" в магазине "Магазин Алматы"', 'Продажа'),
(653, 1, 5, '2016-09-22 18:35:54', 'Произведен отток на кассу "Магазин Алматы" с комментарием "Исмаил" в размере 5000 тг ', 'Отток на кассу'),
(654, 1, 5, '2016-09-22 18:36:11', 'Продано 1 штук товара "Триллионер действует, Ш. Аляутдинов. Диля" в магазине "Магазин Алматы"', 'Продажа'),
(655, 1, 5, '2016-09-22 18:36:17', 'Продано 1 штук товара "Триллионер слушает, Ш. Аляутдинов. Диля" в магазине "Магазин Алматы"', 'Продажа'),
(656, 1, 5, '2016-09-22 18:36:23', 'Продано 1 штук товара "Триллионер думает, Ш. Аляутдинов. Диля" в магазине "Магазин Алматы"', 'Продажа'),
(657, 1, 5, '2016-09-22 18:36:32', 'Продано 1 штук товара "Финансы триллионера,  Ш. Аляутдинов. Диля" в магазине "Магазин Алматы"', 'Продажа'),
(658, 1, 5, '2016-09-22 18:36:58', 'Произведен отток на кассу "Магазин Алматы" с комментарием "Использован бонусы Касенова Ментай" в размере 530 тг ', 'Отток на кассу'),
(659, 1, 5, '2016-09-22 18:37:45', 'Продано 1 штук товара "Богатый ребенок, умный ребенок (тв) Р. Кийосаки. Попурри" в магазине "Магазин Алматы"', 'Продажа'),
(660, 1, 5, '2016-09-22 18:38:02', 'Оприходавано 1 штук товара "В мире сказок" на склад "Магазин Алматы"', 'Оприходование'),
(661, 1, 5, '2016-09-22 18:38:12', 'Продано 1 штук товара "В мире сказок" в магазине "Магазин Алматы"', 'Продажа'),
(662, 1, 5, '2016-09-22 18:38:26', 'Произведен отток на кассу "Магазин Алматы" с комментарием "" в размере 85000 тг ', 'Отток на кассу'),
(663, 1, 5, '2016-09-22 18:38:47', 'Продано 1 штук товара "Мир души, Ш. Аляутдинов. Диля" в магазине "Магазин Алматы"', 'Продажа'),
(664, 1, 5, '2016-09-22 18:38:54', 'Продано 1 штук товара "Он и она, Ш. Аляутдинов. Диля" в магазине "Магазин Алматы"', 'Продажа'),
(665, 1, 5, '2016-09-22 18:39:26', 'Оприходавано 1 штук товара "Транспорт" на склад "Магазин Алматы"', 'Оприходование'),
(666, 1, 5, '2016-09-22 18:39:41', 'Оприходавано 1 штук товара "Көлік түрлері " на склад "Магазин Алматы"', 'Оприходование'),
(667, 1, 5, '2016-09-22 18:39:50', 'Оприходавано 2 штук товара "Суретті жазу  (цв)" на склад "Магазин Алматы"', 'Оприходование'),
(668, 1, 5, '2016-09-22 18:40:02', 'Оприходавано 1 штук товара "Рапунцель" на склад "Магазин Алматы"', 'Оприходование'),
(669, 1, 5, '2016-09-22 18:40:06', 'Оприходавано 2 штук товара "В мире сказок" на склад "Магазин Алматы"', 'Оприходование');
INSERT INTO `history` (`history_id`, `emp_id`, `comp_id`, `history_date`, `history_text`, `history_type`) VALUES
(670, 1, 5, '2016-09-22 18:40:25', 'Оприходавано 1 штук товара "Сиқырлы сандар" на склад "Магазин Алматы"', 'Оприходование'),
(671, 1, 5, '2016-09-22 18:40:32', 'Оприходавано 1 штук товара "Сүйкімді сұлулар (Милые красавицы)" на склад "Магазин Алматы"', 'Оприходование'),
(672, 1, 5, '2016-09-22 18:40:49', 'Оприходавано 1 штук товара "Кинотеатр. Әңгімелер жинағы және бейнепроектор (Сборник рассказов и видеопроектор)" на склад "Магазин Алматы"', 'Оприходование'),
(673, 1, 5, '2016-09-22 18:41:08', 'Оприходавано 1 штук товара "Жануарлар туралы ертегілер" на склад "Магазин Алматы"', 'Оприходование'),
(674, 1, 5, '2016-09-22 18:41:19', 'Оприходавано 2 штук товара "Кішкентай сәнқойлар (Маленькие модницы)" на склад "Магазин Алматы"', 'Оприходование'),
(675, 1, 5, '2016-09-22 18:41:36', 'Оприходавано 2 штук товара "6 сказок для любимых глазок" на склад "Магазин Алматы"', 'Оприходование'),
(676, 1, 5, '2016-09-22 18:41:47', 'Оприходавано 1 штук товара "… Болыпты" на склад "Магазин Алматы"', 'Оприходование'),
(677, 1, 5, '2016-09-22 18:41:58', 'Оприходавано 2 штук товара "Бала, бала, баламыз" на склад "Магазин Алматы"', 'Оприходование'),
(678, 1, 5, '2016-09-22 18:42:11', 'Оприходавано 1 штук товара "Ойлы ойындар. Книга Активити" на склад "Магазин Алматы"', 'Оприходование'),
(679, 1, 5, '2016-09-22 18:42:17', 'Оприходавано 1 штук товара "Болашақ сәнгерлер (Будущие модельеры). " на склад "Магазин Алматы"', 'Оприходование'),
(680, 1, 5, '2016-09-22 18:42:24', 'Оприходавано 1 штук товара "Торкөздер мен нүктелер" на склад "Магазин Алматы"', 'Оприходование'),
(681, 1, 5, '2016-09-22 18:42:33', 'Оприходавано 1 штук товара "Ең қымбат нәрсе" на склад "Магазин Алматы"', 'Оприходование'),
(682, 1, 5, '2016-09-22 18:42:39', 'Оприходавано 2 штук товара "Лилия ханшайым және оның достары (Принцесса Лилия и ее друзья)." на склад "Магазин Алматы"', 'Оприходование'),
(683, 1, 5, '2016-09-22 18:42:50', 'Оприходавано 2 штук товара "Почемучкины сказки " на склад "Магазин Алматы"', 'Оприходование'),
(684, 1, 5, '2016-09-22 18:43:08', 'Оприходавано 1 штук товара "Айнытпай сал" на склад "Магазин Алматы"', 'Оприходование'),
(685, 1, 5, '2016-09-22 18:43:20', 'Оприходавано 1 штук товара "Сұлулыққа құштарлық (Поклонницам красоты)" на склад "Магазин Алматы"', 'Оприходование'),
(686, 1, 5, '2016-09-22 18:43:29', 'Оприходавано 1 штук товара "Көпшілміз ғой өзіміз, жан-жануар досымыз" на склад "Магазин Алматы"', 'Оприходование'),
(687, 1, 5, '2016-09-22 18:43:36', 'Оприходавано 1 штук товара "Теңіз асты ғажайыптары (Волшебство подводного мира) " на склад "Магазин Алматы"', 'Оприходование'),
(688, 1, 5, '2016-09-22 18:43:45', 'Оприходавано 1 штук товара "Көбейту кестесі (Таблица умножения) " на склад "Магазин Алматы"', 'Оприходование'),
(689, 1, 5, '2016-09-22 18:43:53', 'Оприходавано 1 штук товара "Жыл мезгілдері" на склад "Магазин Алматы"', 'Оприходование'),
(690, 1, 5, '2016-09-22 18:44:05', 'Оприходавано 1 штук товара "Рикки Тикки Тави и другие сказки, Р. Киплинг" на склад "Магазин Алматы"', 'Оприходование'),
(691, 1, 5, '2016-09-22 18:44:12', 'Оприходавано 1 штук товара "Менің жеке күнделігім (Мой личный дневник)" на склад "Магазин Алматы"', 'Оприходование'),
(692, 1, 5, '2016-09-22 18:44:18', 'Оприходавано 1 штук товара "Жер шары (Увеличение)" на склад "Магазин Алматы"', 'Оприходование'),
(693, 1, 5, '2016-09-22 18:44:24', 'Оприходавано 1 штук товара "Джунгли" на склад "Магазин Алматы"', 'Оприходование'),
(694, 1, 5, '2016-09-22 18:44:33', 'Оприходавано 1 штук товара "Көңілді жауапқұмар" на склад "Магазин Алматы"', 'Оприходование'),
(695, 1, 5, '2016-09-22 18:44:40', 'Оприходавано 1 штук товара "Хайуаннаттар бағында (Зоопарк )" на склад "Магазин Алматы"', 'Оприходование'),
(696, 1, 5, '2016-09-22 18:44:48', 'Оприходавано 1 штук товара "Күн, ай және әтеш" на склад "Магазин Алматы"', 'Оприходование'),
(697, 1, 5, '2016-09-22 18:44:57', 'Оприходавано 1 штук товара "Күн, ай және әтеш" на склад "Магазин Алматы"', 'Оприходование'),
(698, 1, 5, '2016-09-22 18:45:18', 'Оприходавано 1 штук товара "Үйшік" на склад "Магазин Алматы"', 'Оприходование'),
(699, 1, 5, '2016-09-22 18:45:25', 'Оприходавано 1 штук товара "Үш аю" на склад "Магазин Алматы"', 'Оприходование'),
(700, 1, 5, '2016-09-22 18:45:33', 'Оприходавано 1 штук товара "Simple English" на склад "Магазин Алматы"', 'Оприходование'),
(701, 1, 5, '2016-09-22 18:45:41', 'Оприходавано 1 штук товара "Веселая отвечалка" на склад "Магазин Алматы"', 'Оприходование'),
(702, 1, 5, '2016-09-22 18:45:50', 'Оприходавано 1 штук товара "Қоян мен кірпі (Заяц и еж)" на склад "Магазин Алматы"', 'Оприходование'),
(703, 1, 5, '2016-09-22 18:45:57', 'Оприходавано 1 штук товара "Жануарлардың жұмбақ әлемі» (Загадочный мир животных) " на склад "Магазин Алматы"', 'Оприходование'),
(704, 1, 5, '2016-09-22 18:46:03', 'Оприходавано 1 штук товара "Бұлбұл мен тоқылдақ" на склад "Магазин Алматы"', 'Оприходование'),
(705, 1, 5, '2016-09-22 18:46:37', 'Продано 1 штук товара "Не грусти. Аль-Карни" в магазине "Магазин Алматы"', 'Продажа'),
(706, 1, 5, '2016-09-22 18:46:55', 'Произведен отток на кассу "Магазин Алматы" с комментарием "не грусти" в размере 3600 тг ', 'Отток на кассу'),
(707, 1, 5, '2016-09-22 18:47:14', 'Произведен приток на кассу "Магазин Алматы" с комментарием "не грусти" в размере 3600 тг ', 'Приток на кассу'),
(708, 1, 5, '2016-09-22 18:47:40', 'Продано 1 штук товара "Триллионер слушает, Ш. Аляутдинов. Диля" в магазине "Магазин Алматы"', 'Продажа'),
(709, 1, 5, '2016-09-22 18:47:45', 'Продано 1 штук товара "Стань самым умным и самым богатым 1, Ш. Аляутдинов. Диля" в магазине "Магазин Алматы"', 'Продажа'),
(710, 1, 5, '2016-09-22 18:47:52', 'Продано 1 штук товара "Стань самым умным и самым богатым 2, Ш. Аляутдинов. Диля" в магазине "Магазин Алматы"', 'Продажа'),
(711, 1, 5, '2016-09-22 18:48:02', 'Продано 1 штук товара "Мир души, Ш. Аляутдинов. Диля" в магазине "Магазин Алматы"', 'Продажа'),
(712, 1, 5, '2016-09-22 18:48:17', 'Продано 1 штук товара "Женщина и Ислам (борд), Ш. Аляутдинов. Диля" в магазине "Магазин Алматы"', 'Продажа'),
(713, 1, 5, '2016-09-22 18:48:30', 'Продано 1 штук товара "Триллионер слушает (Супер обл 60х90/16)" в магазине "Магазин Алматы"', 'Продажа'),
(714, 1, 5, '2016-09-22 18:48:52', 'Продано 1 штук товара "Безграничность. 50 уроков, которые сделают тебя возмутитительно счастливым, Н. Вуйчич. Эксмо" в магазине "Магазин Алматы"', 'Продажа'),
(715, 1, 5, '2016-09-22 18:48:57', 'Продано 1 штук товара "Не грусти. Аль-Карни" в магазине "Магазин Алматы"', 'Продажа'),
(716, 1, 5, '2016-09-22 18:49:13', 'Произведен отток на кассу "Магазин Алматы" с комментарием "" в размере 130000 тг ', 'Отток на кассу'),
(717, 1, 5, '2016-09-22 18:50:39', 'Удалена операция типа: ''Не известно'' сотрудником ''Жиенбаев Саннат Алексеевич''. Информация об удаленной операции: товар '''', сотрудник ''Жиенбаев Саннат Алексеевич'', магазин ''Магазин Алматы'', дата ''22/09/2016  18:47:14''.', 'Удаление операции'),
(718, 1, 5, '2016-09-22 18:51:10', 'Произведен приток на кассу "Банк" с комментарием "не грусти" в размере 3600 тг ', 'Приток на кассу'),
(719, 1, 5, '2016-09-23 09:57:41', ' Пользователь зашел в веб-сайт ', 'Вход'),
(720, 1, 5, '2016-09-23 09:59:42', ' Пользователь зашел в веб-сайт ', 'Вход'),
(721, 1, 5, '2016-09-23 10:02:55', 'Продано 1 штук товара "Расписание триллионера, Ш. Аляутдинов. Диля" в магазине "Магазин Алматы"', 'Продажа'),
(722, 1, 5, '2016-09-23 10:03:11', 'Продано 1 штук товара "Цель: процесс непрерывного улучшения, Э. Голдратт. Попурри" в магазине "Магазин Алматы"', 'Продажа'),
(723, 1, 5, '2016-09-23 10:03:23', 'Продано 1 штук товара "Мастер игры, Р. Грин. (красная тв)Рипол" в магазине "Магазин Алматы"', 'Продажа'),
(724, 1, 5, '2016-09-23 10:03:33', 'Продано 1 штук товара "Как преуспеть в бизнесе, нарушая все правила, Д. Кеннеди. Попурри" в магазине "Магазин Алматы"', 'Продажа'),
(725, 1, 5, '2016-09-23 10:03:53', 'Продано 1 штук товара "Триллионер слушает, Ш. Аляутдинов. Диля" в магазине "Магазин Алматы"', 'Продажа'),
(726, 1, 5, '2016-09-23 10:04:00', 'Продано 1 штук товара "Триллионер думает, Ш. Аляутдинов. Диля" в магазине "Магазин Алматы"', 'Продажа'),
(727, 1, 5, '2016-09-23 10:04:09', 'Продано 1 штук товара "Триллионер действует, Ш. Аляутдинов. Диля" в магазине "Магазин Алматы"', 'Продажа'),
(728, 1, 5, '2016-09-23 10:04:22', 'Продано 1 штук товара "Триллионер слушает, Ш. Аляутдинов. Диля" в магазине "Магазин Алматы"', 'Продажа'),
(729, 1, 5, '2016-09-23 10:04:32', 'Продано 1 штук товара "Персональный и стратегический менеджмент (химия биология и психология счастья), Д. Мырзакожа" в магазине "Магазин Алматы"', 'Продажа'),
(730, 1, 5, '2016-09-23 10:04:42', 'Продано 1 штук товара "Мусульманская молитвенная практика, Ш. Аляутдинов. Диля" в магазине "Магазин Алматы"', 'Продажа'),
(731, 1, 5, '2016-09-23 10:05:01', 'Продано 1 штук товара "Подсознание может все (фио. тв.), Дж. Кехо. Попурри" в магазине "Магазин Алматы"', 'Продажа'),
(732, 1, 5, '2016-09-23 10:05:14', 'Продано 1 штук товара "Св.Коран (Смыслы) (Богословский перевод), Ш. Аляутдинов. Диля" в магазине "Магазин Алматы"', 'Продажа'),
(733, 1, 5, '2016-09-23 10:05:38', 'Оприходавано 1 штук товара "Не грусти. Аль-Карни" на склад "Магазин Алматы"', 'Оприходование'),
(734, 1, 5, '2016-09-23 10:05:49', 'Оприходавано 2 штук товара "Стань самым умным и самым богатым 1, Ш. Аляутдинов. Диля" на склад "Магазин Алматы"', 'Оприходование'),
(735, 1, 5, '2016-09-23 10:06:15', 'Оприходавано 1 штук товара "Св.Коран (Смыслы) (Богословский перевод), Ш. Аляутдинов. Диля" на склад "Магазин Алматы"', 'Оприходование'),
(736, 1, 5, '2016-09-23 10:06:26', 'Оприходавано 1 штук товара "Мужчины и Ислам (старый), Ш. Аляутдинов. Диля" на склад "Магазин Алматы"', 'Оприходование'),
(737, 1, 5, '2016-09-23 10:06:35', 'Оприходавано 1 штук товара "Дети и Ислам, Ш. Аляутдинов. Диля" на склад "Магазин Алматы"', 'Оприходование'),
(738, 1, 5, '2016-09-23 10:06:52', 'Оприходавано 1 штук товара "Мир души (на каз.) Ш. Аляутдинов. Диля" на склад "Магазин Алматы"', 'Оприходование'),
(739, 1, 5, '2016-09-23 10:07:04', 'Оприходавано 1 штук товара "Триллионер слушает, Ш. Аляутдинов. Диля" на склад "Магазин Алматы"', 'Оприходование'),
(740, 1, 5, '2016-09-23 10:07:22', 'Оприходавано 2 штук товара "Мир души, Ш. Аляутдинов. Диля" на склад "Магазин Алматы"', 'Оприходование'),
(741, 1, 5, '2016-09-23 10:07:37', 'Оприходавано 1 штук товара "Ежедневник 90 дней, Ш. Аляутдинов. Диля" на склад "Магазин Алматы"', 'Оприходование'),
(742, 1, 5, '2016-09-23 10:07:59', 'Оприходавано 1 штук товара "Он и она, Ш. Аляутдинов. Диля" на склад "Магазин Алматы"', 'Оприходование'),
(743, 1, 5, '2016-09-23 10:08:10', 'Оприходавано 1 штук товара "Высказывания Пророка (толстая). Ш. Аляутдинов. Диля" на склад "Магазин Алматы"', 'Оприходование'),
(744, 1, 5, '2016-09-23 10:08:21', 'Оприходавано 1 штук товара "Женщина и Ислам (борд), Ш. Аляутдинов. Диля" на склад "Магазин Алматы"', 'Оприходование'),
(745, 1, 5, '2016-09-23 10:08:40', 'Произведен отток на кассу "Магазин Алматы" с комментарием "" в размере 60000 тг ', 'Отток на кассу'),
(746, 1, 5, '2016-09-23 10:08:52', 'Продано 1 штук товара "Финансы триллионера,  Ш. Аляутдинов. Диля" в магазине "Магазин Алматы"', 'Продажа'),
(747, 1, 5, '2016-09-23 10:09:03', 'Произведен приток на кассу "Магазин Алматы" с комментарием "" в размере 250 тг ', 'Приток на кассу'),
(748, 1, 5, '2016-09-23 10:09:19', 'Продано 1 штук товара "Как увидеть Рай (золотой), Ш. Аляутдинов. Диля" в магазине "Магазин Алматы"', 'Продажа'),
(749, 1, 5, '2016-09-23 10:09:27', 'Продано 1 штук товара "Как преуспеть в бизнесе, нарушая все правила, Д. Кеннеди. Попурри" в магазине "Магазин Алматы"', 'Продажа'),
(750, 1, 5, '2016-09-23 10:09:38', 'Продано 1 штук товара "Финансы триллионера,  Ш. Аляутдинов. Диля" в магазине "Магазин Алматы"', 'Продажа'),
(751, 1, 5, '2016-09-23 10:09:59', 'Продано 1 штук товара "Мусульманская молитвенная практика, Ш. Аляутдинов. Диля" в магазине "Магазин Алматы"', 'Продажа'),
(752, 1, 5, '2016-09-23 10:10:10', 'Продано 1 штук товара "Потусторонние миры (мг), Ш. Аляутдинов. Диля" в магазине "Магазин Алматы"', 'Продажа'),
(753, 1, 5, '2016-09-23 10:10:19', 'Продано 1 штук товара "Загадки женского мозга, Д. Амен. Эксмо" в магазине "Магазин Алматы"', 'Продажа'),
(754, 1, 5, '2016-09-23 10:10:31', 'Продано 1 штук товара "Измени свой мозг изменится и возраст, Д. Амен. Эксмо" в магазине "Магазин Алматы"', 'Продажа'),
(755, 1, 5, '2016-09-23 10:11:22', 'Произведен отток на кассу "Магазин Алматы" с комментарием "Фин.трил.,мус.мол.пр.,потуст.миры, загадки жен.мозга,изм.мозг.изм.воз." в размере 12210 тг ', 'Отток на кассу'),
(756, 1, 5, '2016-09-23 10:11:39', 'Произведен приток на кассу "Банк" с комментарием "Фин.трил.,мус.мол.пр.,потуст.миры, загадки жен.мозга,изм.мозг.изм.воз." в размере 12210 тг ', 'Приток на кассу'),
(757, 1, 5, '2016-09-23 10:22:08', 'Произведен приток на кассу "Магазин Алматы" с комментарием "ценовая разница расписание триллионера" в размере 100 тг ', 'Приток на кассу'),
(758, 1, 5, '2016-09-23 10:22:48', 'Продано 2 штук товара "Расписание триллионера, Ш. Аляутдинов. Диля" в магазине "Магазин Алматы"', 'Продажа'),
(759, 1, 5, '2016-09-23 10:23:06', 'Произведен отток на кассу "Магазин Алматы" с комментарием "использован бонус Белый Александр" в размере 540 тг ', 'Отток на кассу'),
(760, 1, 5, '2016-09-23 10:23:29', 'Продано 1 штук товара "Нейромаркетинг. Как влиять на подсознание потребителя, Р. Дули. Попурри" в магазине "Магазин Алматы"', 'Продажа'),
(761, 1, 5, '2016-09-23 10:23:36', 'Продано 1 штук товара "Сингапурское чудо: Ли Куан Ю, АСТ" в магазине "Магазин Алматы"', 'Продажа'),
(762, 1, 5, '2016-09-23 10:23:56', 'Произведен отток на кассу "Магазин Алматы" с комментарием "Использован Бонусы Расуловы Зарины " в размере 545 тг ', 'Отток на кассу'),
(763, 1, 5, '2016-09-23 10:24:18', 'Произведен приток на кассу "Магазин Алматы" с комментарием "путь к вере и сов тв" в размере 2600 тг ', 'Приток на кассу'),
(764, 1, 5, '2016-09-23 10:24:56', 'Произведен отток на кассу "Магазин Алматы" с комментарием "Исмаил" в размере 5000 тг ', 'Отток на кассу'),
(765, 1, 5, '2016-09-23 10:25:26', 'Продано 1 штук товара "Невозможное возможно (диск), Ш. Аляутдинов" в магазине "Магазин Алматы"', 'Продажа'),
(766, 1, 5, '2016-09-23 10:25:34', 'Продано 1 штук товара "Взгляни на мир шире (диск), Ш. Аляутдинов" в магазине "Магазин Алматы"', 'Продажа'),
(767, 1, 5, '2016-09-23 10:25:42', 'Продано 1 штук товара "Один триллион (диск), Ш. Аляутдинов" в магазине "Магазин Алматы"', 'Продажа'),
(768, 1, 5, '2016-09-23 10:25:49', 'Продано 1 штук товара "Прочнее стали (диск), Ш. Аляутдинов" в магазине "Магазин Алматы"', 'Продажа'),
(769, 1, 5, '2016-09-23 10:25:59', 'Продано 1 штук товара "Триллионер слушает (Супер обл 60х90/16)" в магазине "Магазин Алматы"', 'Продажа'),
(770, 1, 5, '2016-09-23 10:26:12', 'Продано 1 штук товара "Триллионер (Сборник проповедей). Кто распределяет Божью милость? (диск), Ш. Аляутдинов" в магазине "Магазин Алматы"', 'Продажа'),
(771, 1, 5, '2016-09-23 10:26:19', 'Продано 1 штук товара "Взгляни на мир шире (диск), Ш. Аляутдинов" в магазине "Магазин Алматы"', 'Продажа'),
(772, 1, 5, '2016-09-23 10:26:29', 'Продано 1 штук товара "Невозможное возможно (диск), Ш. Аляутдинов" в магазине "Магазин Алматы"', 'Продажа'),
(773, 1, 5, '2016-09-23 10:26:44', 'Продано 1 штук товара "Прочнее стали (диск), Ш. Аляутдинов" в магазине "Магазин Алматы"', 'Продажа'),
(774, 1, 5, '2016-09-23 10:26:53', 'Продано 1 штук товара "Один триллион (диск), Ш. Аляутдинов" в магазине "Магазин Алматы"', 'Продажа'),
(775, 1, 5, '2016-09-23 10:27:06', 'Продано 1 штук товара "Потусторонние миры (диск), Ш. Аляутдинов. Диля" в магазине "Магазин Алматы"', 'Продажа'),
(776, 1, 5, '2016-09-23 10:27:18', 'Продано 1 штук товара "Мир души (диск), Ш. Аляутдинов" в магазине "Магазин Алматы"', 'Продажа'),
(777, 1, 5, '2016-09-23 10:27:27', 'Продано 1 штук товара "Странник в тленном мире (диск), Ш. Аляутдинов" в магазине "Магазин Алматы"', 'Продажа'),
(778, 1, 5, '2016-09-23 10:27:37', 'Продано 1 штук товара "Неповторимые цветы жизни (диск), Ш. Аляутдинов" в магазине "Магазин Алматы"', 'Продажа'),
(779, 1, 5, '2016-09-23 10:27:45', 'Продано 1 штук товара "Широта души (диск), Ш. Аляутдинов" в магазине "Магазин Алматы"', 'Продажа'),
(780, 1, 5, '2016-09-23 10:28:35', 'Продано 2 штук товара "Не грусти. Аль-Карни" в магазине "Магазин Алматы"', 'Продажа'),
(781, 1, 5, '2016-09-23 10:28:50', 'Произведен отток на кассу "Магазин Алматы" с комментарием "использован бонус Каиргельдин Марат" в размере 720 тг ', 'Отток на кассу'),
(782, 1, 5, '2016-09-23 10:29:11', 'Оприходавано 6 штук товара "Триллионер слушает (Супер обл 60х90/16)" на склад "Магазин Алматы"', 'Оприходование'),
(783, 1, 5, '2016-09-23 10:29:32', 'Оприходавано 24 штук товара "Триллионер слушает, Ш. Аляутдинов. Диля" на склад "Магазин Алматы"', 'Оприходование'),
(784, 1, 5, '2016-09-23 10:29:40', 'Оприходавано 24 штук товара "Триллионер думает, Ш. Аляутдинов. Диля" на склад "Магазин Алматы"', 'Оприходование'),
(785, 1, 5, '2016-09-23 10:29:51', 'Оприходавано 28 штук товара "Мир души, Ш. Аляутдинов. Диля" на склад "Магазин Алматы"', 'Оприходование'),
(786, 1, 5, '2016-09-23 10:30:02', 'Оприходавано 20 штук товара "Финансы триллионера,  Ш. Аляутдинов. Диля" на склад "Магазин Алматы"', 'Оприходование'),
(787, 1, 5, '2016-09-23 10:30:10', 'Оприходавано 12 штук товара "Стань самым умным и самым богатым 1, Ш. Аляутдинов. Диля" на склад "Магазин Алматы"', 'Оприходование'),
(788, 1, 5, '2016-09-23 10:30:22', 'Оприходавано 4 штук товара "Как увидеть Рай (золотой), Ш. Аляутдинов. Диля" на склад "Магазин Алматы"', 'Оприходование'),
(789, 1, 5, '2016-09-23 10:30:43', 'Оприходавано 12 штук товара "Стань самым умным и самым богатым 2, Ш. Аляутдинов. Диля" на склад "Магазин Алматы"', 'Оприходование'),
(790, 1, 5, '2016-09-23 10:30:54', 'Оприходавано 24 штук товара "Высказывания Пророка (толстая). Ш. Аляутдинов. Диля" на склад "Магазин Алматы"', 'Оприходование'),
(791, 1, 5, '2016-09-23 10:31:04', 'Оприходавано 8 штук товара "Он и она, Ш. Аляутдинов. Диля" на склад "Магазин Алматы"', 'Оприходование'),
(792, 1, 5, '2016-09-23 10:31:25', 'Произведен отток на кассу "Магазин Алматы" с комментарием "Бонусы Жадры" в размере 20000 тг ', 'Отток на кассу'),
(793, 1, 5, '2016-09-23 10:31:40', 'Продано 1 штук товара "Жануарлар туралы ертегілер" в магазине "Магазин Алматы"', 'Продажа'),
(794, 1, 5, '2016-09-23 10:31:48', 'Продано 1 штук товара "Мен бақытты баламын" в магазине "Магазин Алматы"', 'Продажа'),
(795, 1, 5, '2016-09-23 10:32:01', 'Произведен отток на кассу "Магазин Алматы" с комментарием "скидка Жадры" в размере 850 тг ', 'Отток на кассу'),
(796, 1, 5, '2016-09-23 10:32:23', 'Продано 1 штук товара "Финансы триллионера,  Ш. Аляутдинов. Диля" в магазине "Магазин Алматы"', 'Продажа'),
(797, 1, 5, '2016-09-23 10:32:33', 'Продано 1 штук товара "Сила воли, К. Макгонигал. МИФ" в магазине "Магазин Алматы"', 'Продажа'),
(798, 1, 5, '2016-09-23 10:32:51', 'Произведен отток на кассу "Магазин Алматы" с комментарием "" в размере 5000 тг ', 'Отток на кассу'),
(799, 1, 5, '2016-09-23 10:33:14', 'Продано 1 штук товара "Сүйкімді сұлулар (Милые красавицы)" в магазине "Магазин Алматы"', 'Продажа'),
(800, 1, 5, '2016-09-23 10:34:03', 'Произведен отток на кассу "Магазин Алматы" с комментарием "ценовая разница Сүйкімді сұлулар (Милые красавицы)" в размере 425 тг ', 'Отток на кассу'),
(801, 1, 5, '2016-09-23 10:34:15', 'Продано 1 штук товара "Победа, Б. Трейси. Попурри" в магазине "Магазин Алматы"', 'Продажа'),
(802, 1, 5, '2016-09-23 10:34:21', 'Продано 1 штук товара "Финансы триллионера,  Ш. Аляутдинов. Диля" в магазине "Магазин Алматы"', 'Продажа'),
(803, 1, 5, '2016-09-23 10:34:30', 'Продано 1 штук товара "Деньги идут женщинам на пользу, Б. Шефер; К. Ферстль. Попурри" в магазине "Магазин Алматы"', 'Продажа'),
(804, 1, 5, '2016-09-23 10:34:39', 'Продано 1 штук товара "Загадки женского мозга, Д. Амен. Эксмо" в магазине "Магазин Алматы"', 'Продажа'),
(805, 1, 5, '2016-09-23 10:34:48', 'Продано 1 штук товара "Открой свою судьбу с монахом, который продал свой "феррари", Р. Шарма. АСТ" в магазине "Магазин Алматы"', 'Продажа'),
(806, 1, 5, '2016-09-23 10:34:55', 'Продано 1 штук товара "Ежедневник 90 дней, Ш. Аляутдинов. Диля" в магазине "Магазин Алматы"', 'Продажа'),
(807, 1, 5, '2016-09-23 10:35:04', 'Продано 1 штук товара "Финансы триллионера,  Ш. Аляутдинов. Диля" в магазине "Магазин Алматы"', 'Продажа'),
(808, 1, 5, '2016-09-23 10:35:14', 'Продано 1 штук товара "Мир души, Ш. Аляутдинов. Диля" в магазине "Магазин Алматы"', 'Продажа'),
(809, 1, 5, '2016-09-23 10:35:35', 'Продано 1 штук товара "Подсознание может все (фио. мг.), Дж. Кехо. Попурри" в магазине "Магазин Алматы"', 'Продажа'),
(810, 1, 5, '2016-09-23 10:35:43', 'Продано 1 штук товара "Не грусти. Аль-Карни" в магазине "Магазин Алматы"', 'Продажа'),
(811, 1, 5, '2016-09-23 10:35:58', 'Произведен отток на кассу "Магазин Алматы" с комментарием "Использован Бонусы Садыркулова Зауре" в размере 585 тг ', 'Отток на кассу'),
(812, 1, 5, '2016-09-23 10:36:22', 'Произведен отток на кассу "Магазин Алматы" с комментарием "Использован Бонусы Каратаева Айжан" в размере 420 тг ', 'Отток на кассу'),
(813, 1, 5, '2016-09-23 10:37:52', 'Произведен приток на кассу "Магазин Алматы" с комментарием "путь к вере и сов тв по 2080, 2 штуки" в размере 4160 тг ', 'Приток на кассу'),
(814, 1, 5, '2016-09-23 10:38:07', 'Продано 1 штук товара "Тәжуид ережелеріне сай Құран оқуды үйрететін жаңа муаллим сәни" в магазине "Магазин Алматы"', 'Продажа'),
(815, 1, 5, '2016-09-23 10:38:22', 'Продано 1 штук товара "Триллионер слушает, Ш. Аляутдинов. Диля" в магазине "Магазин Алматы"', 'Продажа'),
(816, 1, 5, '2016-09-23 10:38:30', 'Продано 1 штук товара "Үйретуші құрал English 4+" в магазине "Магазин Алматы"', 'Продажа'),
(817, 1, 5, '2016-09-23 10:38:38', 'Продано 1 штук товара "Финансы триллионера,  Ш. Аляутдинов. Диля" в магазине "Магазин Алматы"', 'Продажа'),
(818, 1, 5, '2016-09-23 10:38:52', 'Произведен отток на кассу "Магазин Алматы" с комментарием "Исмаил" в размере 5000 тг ', 'Отток на кассу'),
(819, 1, 5, '2016-09-23 10:39:09', 'Продано 1 штук товара "Триллионер слушает, Ш. Аляутдинов. Диля" в магазине "Магазин Алматы"', 'Продажа'),
(820, 1, 5, '2016-09-23 10:39:20', 'Продано 1 штук товара "Как увидеть Рай, Ш. Аляутдинов. Диля" в магазине "Магазин Алматы"', 'Продажа'),
(821, 1, 5, '2016-09-23 10:39:30', 'Продано 1 штук товара "Высказывания Пророка (толстая). Ш. Аляутдинов. Диля" в магазине "Магазин Алматы"', 'Продажа'),
(822, 1, 5, '2016-09-23 10:39:41', 'Продано 1 штук товара "Жизнь Пророка (c.а.с.)" в магазине "Магазин Алматы"', 'Продажа'),
(823, 1, 5, '2016-09-23 10:39:51', 'Продано 1 штук товара "Алтын сақа" в магазине "Магазин Алматы"', 'Продажа'),
(824, 1, 5, '2016-09-23 10:40:43', 'Оприходавано 1 штук товара "Алтын сақа" на склад "Магазин Алматы"', 'Оприходование'),
(825, 1, 5, '2016-09-23 10:44:40', 'Произведен отток на кассу "Магазин Алматы" с комментарием "ценовая разница тажуид ереж." в размере 500 тг ', 'Отток на кассу'),
(826, 1, 5, '2016-09-23 10:56:24', 'Произведен отток на кассу "Магазин Алматы" с комментарием "Финансы триллионера, epay или на карточку" в размере 4200 тг ', 'Отток на кассу'),
(827, 1, 5, '2016-09-23 10:56:56', 'Добавлена категория денежного потока "Epay или на карточку" с описанием ""', 'Новая категория денежних потоков'),
(828, 1, 5, '2016-09-23 10:57:14', 'Произведен приток на кассу "Банк" с комментарием "Финансы триллионера, epay или на карточку" в размере 4200 тг ', 'Приток на кассу'),
(829, 1, 5, '2016-09-23 10:57:39', 'Продано 1 штук товара "Дараның көктемгі саяхаты. Боямақ (Весеннее путешествие Дары. Раскраска)" в магазине "Магазин Алматы"', 'Продажа'),
(830, 1, 5, '2016-09-23 10:57:59', 'Продано 1 штук товара "Важные годы, М. Джей" в магазине "Магазин Алматы"', 'Продажа'),
(831, 1, 5, '2016-09-23 10:58:29', 'Произведен приток на кассу "Магазин Алматы" с комментарием "Жадыра оплатила за детские книги" в размере 2230 тг ', 'Приток на кассу'),
(832, 1, 5, '2016-09-23 10:58:44', 'Продано 1 штук товара "Кеш қалма" в магазине "Магазин Алматы"', 'Продажа'),
(833, 1, 5, '2016-09-23 10:59:18', 'Произведен отток на кассу "Магазин Алматы" с комментарием "Исмаил бонус за август" в размере 5000 тг ', 'Отток на кассу'),
(834, 1, 5, '2016-09-23 10:59:50', 'Произведен отток на кассу "Магазин Алматы" с комментарием "РДЦ" в размере 12896 тг ', 'Отток на кассу'),
(835, 1, 5, '2016-09-23 11:01:04', 'Произведен отток на кассу "Магазин Алматы" с комментарием "Айжан книги, пакеты, ленты," в размере 1000 тг ', 'Отток на кассу'),
(836, 1, 5, '2016-09-23 11:01:19', 'Произведен отток на кассу "Магазин Алматы" с комментарием "парковка" в размере 400 тг ', 'Отток на кассу'),
(837, 1, 5, '2016-09-23 11:02:30', 'Произведен отток на кассу "Магазин Алматы" с комментарием "билеты на семинар" в размере 4800 тг ', 'Отток на кассу'),
(838, 1, 5, '2016-09-23 11:02:51', 'Произведен отток на кассу "Магазин Алматы" с комментарием "" в размере 4160 тг ', 'Отток на кассу'),
(839, 1, 5, '2016-09-23 11:03:08', 'Произведен отток на кассу "Магазин Алматы" с комментарием "ленты" в размере 4200 тг ', 'Отток на кассу'),
(840, 1, 5, '2016-09-23 11:03:35', 'Продано 1 штук товара "Избавь свою жизнь от хлама, Э.  Меллен. Альпина" в магазине "Магазин Алматы"', 'Продажа'),
(841, 1, 5, '2016-09-23 11:03:44', 'Продано 1 штук товара "Св.Коран (Смыслы) (Богословский перевод), Ш. Аляутдинов. Диля" в магазине "Магазин Алматы"', 'Продажа'),
(842, 1, 5, '2016-09-23 11:03:52', 'Продано 1 штук товара "Женщина и Ислам (борд), Ш. Аляутдинов. Диля" в магазине "Магазин Алматы"', 'Продажа'),
(843, 1, 5, '2016-09-23 11:04:04', 'Продано 1 штук товара "Картина "Чемпионами становятся …."Уммастор" в магазине "Магазин Алматы"', 'Продажа'),
(844, 1, 5, '2016-09-23 11:04:23', 'Продано 1 штук товара "Он и она, Ш. Аляутдинов. Диля" в магазине "Магазин Алматы"', 'Продажа'),
(845, 1, 5, '2016-09-23 11:04:32', 'Продано 1 штук товара "Мир души, Ш. Аляутдинов. Диля" в магазине "Магазин Алматы"', 'Продажа'),
(846, 1, 5, '2016-09-23 11:04:41', 'Продано 1 штук товара "Не грусти. Аль-Карни" в магазине "Магазин Алматы"', 'Продажа'),
(847, 1, 5, '2016-09-23 11:05:24', 'Произведен отток на кассу "Магазин Алматы" с комментарием "Адилет" в размере 53100 тг ', 'Отток на кассу'),
(848, 1, 5, '2016-09-23 11:09:31', 'Продано 1 штук товара "Св.Коран (Смыслы) (1-дорожный), Ш. Аляутдинов. Диля" в магазине "Магазин Алматы"', 'Продажа'),
(849, 1, 5, '2016-09-23 11:09:37', 'Продано 1 штук товара "Св.Коран (Смыслы) (2-дорожный), Ш. Аляутдинов. Диля" в магазине "Магазин Алматы"', 'Продажа'),
(850, 1, 5, '2016-09-23 11:09:43', 'Продано 1 штук товара "Св.Коран (Смыслы) (3-дорожный), Ш. Аляутдинов. Диля" в магазине "Магазин Алматы"', 'Продажа'),
(851, 1, 5, '2016-09-23 11:09:50', 'Продано 1 штук товара "Св.Коран (Смыслы) (4-дорожный), Ш. Аляутдинов. Диля" в магазине "Магазин Алматы"', 'Продажа'),
(852, 1, 5, '2016-09-23 11:09:58', 'Продано 1 штук товара "Св.Коран (Смыслы) (5-дорожный), Ш. Аляутдинов. Диля" в магазине "Магазин Алматы"', 'Продажа'),
(853, 1, 5, '2016-09-23 11:10:08', 'Продано 1 штук товара "Женщина и Ислам (борд), Ш. Аляутдинов. Диля" в магазине "Магазин Алматы"', 'Продажа'),
(854, 1, 5, '2016-09-23 11:10:26', 'Продано 1 штук товара "Жизнь Пророка (c.а.с.)" в магазине "Магазин Алматы"', 'Продажа'),
(855, 1, 5, '2016-09-23 11:10:59', 'Оприходавано 10 штук товара "Достоинства намаза" на склад "Магазин Алматы"', 'Оприходование'),
(856, 1, 5, '2016-09-23 11:11:07', 'Оприходавано 3 штук товара "Мой первый Коран" на склад "Магазин Алматы"', 'Оприходование'),
(857, 1, 5, '2016-09-23 11:11:16', 'Оприходавано 2 штук товара "Исследование сокровенных тайн сердец" на склад "Магазин Алматы"', 'Оприходование'),
(858, 1, 5, '2016-09-23 11:11:27', 'Продано 1 штук товара "Исследование сокровенных тайн сердец" в магазине "Магазин Алматы"', 'Продажа'),
(859, 1, 5, '2016-09-23 11:11:39', 'Продано 1 штук товара "Ежедневник 90 дней, Ш. Аляутдинов. Диля" в магазине "Магазин Алматы"', 'Продажа'),
(860, 1, 5, '2016-09-23 11:12:16', 'Произведен приток на кассу "Магазин Алматы" с комментарием "путь к вере и сов тв" в размере 2600 тг ', 'Приток на кассу'),
(861, 1, 5, '2016-09-23 11:12:35', 'Продано 1 штук товара "Не грусти. Аль-Карни" в магазине "Магазин Алматы"', 'Продажа'),
(862, 1, 5, '2016-09-23 11:12:44', 'Продано 1 штук товара "Мир души, Ш. Аляутдинов. Диля" в магазине "Магазин Алматы"', 'Продажа'),
(863, 1, 5, '2016-09-23 11:13:53', 'Оприходавано 1 штук товара "Как разговаривать с кем угодно. Уверенное общение в любой ситуации, М. Роудз. МИФ" на склад "Магазин Алматы"', 'Оприходование'),
(864, 1, 5, '2016-09-23 11:14:00', 'Продано 1 штук товара "Как разговаривать с кем угодно. Уверенное общение в любой ситуации, М. Роудз. МИФ" в магазине "Магазин Алматы"', 'Продажа'),
(865, 1, 5, '2016-09-23 11:16:21', 'Добавлена категория денежного потока "Возмещение за доставку" с описанием ""', 'Новая категория денежних потоков'),
(866, 1, 5, '2016-09-23 11:16:39', 'Произведен приток на кассу "Магазин Алматы" с комментарием "" в размере 3900 тг ', 'Приток на кассу'),
(867, 1, 5, '2016-09-23 11:17:05', 'Произведен отток на кассу "Магазин Алматы" с комментарием "" в размере 6669 тг ', 'Отток на кассу'),
(868, 1, 5, '2016-09-23 11:17:23', 'Произведен отток на кассу "Магазин Алматы" с комментарием "" в размере 60000 тг ', 'Отток на кассу'),
(869, 1, 5, '2016-09-23 11:17:41', 'Оприходавано 2 штук товара "Загадки женского мозга, Д. Амен. Эксмо" на склад "Магазин Алматы"', 'Оприходование'),
(870, 1, 5, '2016-09-23 11:22:53', 'Добавлен новый товар. \n					Категория: "Деловая литература",\n					Штрих-код: "978-5-000-57-080-7", \n					Название: "Как писать так, чтобы вам доверяли, К. Роуман. МИФ",\n				Описание: "",\n				Цена: "4935",\n				Себестоимость: "2468",\n				Бонус: "0%",\n				Скидка: "0%".', 'Новый товар'),
(871, 1, 5, '2016-09-23 11:22:58', 'Добавлен новый товар. \n					Категория: "Деловая литература",\n					Штрих-код: "978-5-699-63074-5", \n					Название: "Правила развития мозга вашего ребенка, Дж. Медина. Эксмо",\n				Описание: "",\n				Цена: "2500",\n				Себестоимость: "1249",\n				Бонус: "0%",\n				Скидка: "0%".', 'Новый товар'),
(872, 1, 5, '2016-09-23 11:23:27', 'Оприходавано 2 штук товара "Правила развития мозга вашего ребенка, Дж. Медина. Эксмо" на склад "Магазин Алматы"', 'Оприходование'),
(873, 1, 5, '2016-09-23 11:23:33', 'Оприходавано 2 штук товара "Как писать так, чтобы вам доверяли, К. Роуман. МИФ" на склад "Магазин Алматы"', 'Оприходование'),
(874, 1, 5, '2016-09-23 11:23:42', 'Оприходавано 1 штук товара "Как разговаривать с кем угодно. Уверенное общение в любой ситуации, М. Роудз. МИФ" на склад "Магазин Алматы"', 'Оприходование'),
(875, 1, 5, '2016-09-23 11:24:02', 'Оприходавано 5 штук товара "365 дней с Любимым Пророком" на склад "Магазин Алматы"', 'Оприходование'),
(876, 1, 5, '2016-09-23 11:24:36', 'Продано 1 штук товара "Мир души, Ш. Аляутдинов. Диля" в магазине "Магазин Алматы"', 'Продажа'),
(877, 1, 5, '2016-09-23 11:24:51', 'Продано 1 штук товара "Ежедневник 90 дней, Ш. Аляутдинов. Диля" в магазине "Магазин Алматы"', 'Продажа'),
(878, 1, 5, '2016-09-23 11:25:31', 'Произведен отток на кассу "Магазин Алматы" с комментарием "Бонусы Махаметова Алмаса " в размере 779 тг ', 'Отток на кассу'),
(879, 1, 5, '2016-09-23 11:25:49', 'Продано 1 штук товара "Кеш қалма" в магазине "Магазин Алматы"', 'Продажа'),
(880, 1, 5, '2016-09-23 11:26:08', 'Продано 1 штук товара "Женщина и Ислам (борд), Ш. Аляутдинов. Диля" в магазине "Магазин Алматы"', 'Продажа'),
(881, 1, 5, '2016-09-23 11:26:17', 'Продано 1 штук товара "Финансы триллионера,  Ш. Аляутдинов. Диля" в магазине "Магазин Алматы"', 'Продажа'),
(882, 1, 5, '2016-09-23 11:26:28', 'Продано 1 штук товара "Расписание триллионера, Ш. Аляутдинов. Диля" в магазине "Магазин Алматы"', 'Продажа'),
(883, 1, 5, '2016-09-23 11:31:26', 'Произведен отток на кассу "Магазин Алматы" с комментарием "Айжан бонус август" в размере 24231 тг ', 'Отток на кассу'),
(884, 1, 5, '2016-09-23 11:35:45', 'Добавлен новый товар. \n					Категория: "Религиозная литература",\n					Штрих-код: "978-5-903324-07-1", \n					Название: "Путь  к вере и совершенству (тв), Ш. Аляутдинов. Диля",\n				Описание: "",\n				Цена: "2600",\n				Себестоимость: "658",\n				Бонус: "0%",\n				Скидка: "0%".', 'Новый товар');
INSERT INTO `history` (`history_id`, `emp_id`, `comp_id`, `history_date`, `history_text`, `history_type`) VALUES
(885, 1, 5, '2016-09-23 11:37:10', 'Оприходавано 29 штук товара "Путь  к вере и совершенству (тв), Ш. Аляутдинов. Диля" на склад "Магазин Алматы"', 'Оприходование'),
(886, 1, 5, '2016-09-23 11:51:29', 'Перемещено 1 штук товара "12 принципов лидерского превосходства, Б. Трейси. Попурри" со склада "Магазин Алматы" на склад "Интернет магазин склад\r\n"', 'Перемещение'),
(887, 1, 5, '2016-09-23 11:53:44', 'Продано 1 штук товара "12 принципов лидерского превосходства, Б. Трейси. Попурри" в магазине "Интернет магазин склад\r\n"', 'Продажа'),
(888, 1, 5, '2016-09-23 12:37:32', ' Пользователь зашел в веб-сайт ', 'Вход'),
(889, 1, 5, '2016-09-23 17:06:41', ' Пользователь зашел в веб-сайт ', 'Вход'),
(890, 1, 5, '2016-09-23 17:07:26', 'Удалена операция типа: ''Перемещение'' сотрудником ''Жиенбаев Саннат Алексеевич''. Информация об удаленной операции: товар ''12 принципов лидерского превосходства, Б. Трейси. Попурри'', сотрудник ''Жиенбаев Саннат Алексеевич'', магазин ''Магазин Алматы'', куда(магазин) ''Интернет магазин склад\r\n'', количество ''1'', дата ''23/09/2016  11:51:29''.', 'Удаление операции'),
(891, 1, 5, '2016-09-23 17:07:34', 'Удалена операция типа: ''Продажа'' сотрудником ''Жиенбаев Саннат Алексеевич''. Информация об удаленной операции: товар ''12 принципов лидерского превосходства, Б. Трейси. Попурри'', сотрудник ''Жиенбаев Саннат Алексеевич'', магазин ''Интернет магазин склад\r\n'', клиент ''[Не известно]'', цена ''1500'', количество ''1'', скидка ''0%'', бонус ''0%'', дата ''23/09/2016  11:53:44''.', 'Удаление операции'),
(892, 1, 5, '2016-09-23 17:09:16', 'Удалена операция типа: ''Оприходование'' сотрудником ''Жиенбаев Саннат Алексеевич''. Информация об удаленной операции: товар ''Путь  к вере и совершенству (тв), Ш. Аляутдинов. Диля'', сотрудник ''Жиенбаев Саннат Алексеевич'', магазин ''Магазин Алматы'', количество ''29'', дата ''23/09/2016  11:37:10''.', 'Удаление операции'),
(893, 1, 5, '2016-09-23 17:11:35', 'Произведен отток на кассу "Магазин Алматы" с комментарием "ценовая разница как разг с кем уг" в размере 20 тг ', 'Отток на кассу'),
(894, 1, 5, '2016-09-23 17:14:53', 'Продано 1 штук товара "Ежедневник 90 дней, Ш. Аляутдинов. Диля" в магазине "Магазин Алматы"', 'Продажа'),
(895, 1, 5, '2016-09-23 17:31:15', ' Пользователь зашел в веб-сайт ', 'Вход'),
(896, 1, 5, '2016-09-23 17:31:55', 'Перемещено 1 штук товара "Триллионер думает, Ш. Аляутдинов. Диля" со склада "Магазин Алматы" на склад "Интернет магазин склад\r\n"', 'Перемещение'),
(897, 1, 5, '2016-09-23 17:44:09', ' Пользователь зашел в веб-сайт ', 'Вход'),
(898, 1, 5, '2016-09-23 17:44:25', 'Перемещено 1 штук товара "Мир души, Ш. Аляутдинов. Диля" со склада "Магазин Алматы" на склад "Интернет магазин склад\r\n"', 'Перемещение'),
(899, 1, 5, '2016-09-23 17:44:54', 'Перемещено 1 штук товара "Ежедневник 90 дней, Ш. Аляутдинов. Диля" со склада "Магазин Алматы" на склад "Интернет магазин склад\r\n"', 'Перемещение'),
(900, 1, 5, '2016-09-23 17:46:46', 'Перемещено 1 штук товара "Семья и ислам, Ш. Аляутдинов. Диля" со склада "Магазин Алматы" на склад "Интернет магазин склад\r\n"', 'Перемещение'),
(901, 1, 5, '2016-09-23 17:47:05', 'Перемещено 1 штук товара "Мужчины и Ислам (новый), Ш. Аляутдинов. Диля" со склада "Магазин Алматы" на склад "Интернет магазин склад\r\n"', 'Перемещение'),
(902, 1, 5, '2016-09-23 17:47:29', 'Перемещено 1 штук товара "Мир души, Ш. Аляутдинов. Диля" со склада "Магазин Алматы" на склад "Интернет магазин склад\r\n"', 'Перемещение'),
(903, 1, 5, '2016-09-23 17:47:53', 'Перемещено 1 штук товара "Стань самым умным и самым богатым 1, Ш. Аляутдинов. Диля" со склада "Магазин Алматы" на склад "Интернет магазин склад\r\n"', 'Перемещение'),
(904, 1, 5, '2016-09-23 17:48:01', 'Перемещено 1 штук товара "Не грусти. Аль-Карни" со склада "Магазин Алматы" на склад "Интернет магазин склад\r\n"', 'Перемещение'),
(905, 1, 5, '2016-09-23 17:48:16', 'Перемещено 1 штук товара "Высказывания Пророка (толстая). Ш. Аляутдинов. Диля" со склада "Магазин Алматы" на склад "Интернет магазин склад\r\n"', 'Перемещение'),
(906, 1, 5, '2016-09-23 17:48:28', 'Перемещено 1 штук товара "Женщина и Ислам (борд), Ш. Аляутдинов. Диля" со склада "Магазин Алматы" на склад "Интернет магазин склад\r\n"', 'Перемещение'),
(907, 1, 5, '2016-09-23 17:48:39', 'Перемещено 1 штук товара "Зачем мне ислам?, Ш. Аляутдинов. Диля" со склада "Магазин Алматы" на склад "Интернет магазин склад\r\n"', 'Перемещение'),
(908, 1, 5, '2016-09-23 17:48:54', 'Перемещено 1 штук товара "Потусторонние миры (мг), Ш. Аляутдинов. Диля" со склада "Магазин Алматы" на склад "Интернет магазин склад\r\n"', 'Перемещение'),
(909, 1, 5, '2016-09-23 17:49:04', 'Перемещено 1 штук товара "Think like a Trillionaire, Ш. Аляутдинов. Диля" со склада "Магазин Алматы" на склад "Интернет магазин склад\r\n"', 'Перемещение'),
(910, 1, 5, '2016-09-23 17:49:17', 'Перемещено 1 штук товара "Не грусти. Аль-Карни" со склада "Магазин Алматы" на склад "Интернет магазин склад\r\n"', 'Перемещение'),
(911, 1, 5, '2016-09-23 17:49:38', 'Перемещено 1 штук товара "Мир души, Ш. Аляутдинов. Диля" со склада "Магазин Алматы" на склад "Интернет магазин склад\r\n"', 'Перемещение'),
(912, 1, 5, '2016-09-23 17:49:47', 'Перемещено 1 штук товара "Не грусти. Аль-Карни" со склада "Магазин Алматы" на склад "Интернет магазин склад\r\n"', 'Перемещение'),
(913, 1, 5, '2016-09-23 17:50:06', 'Перемещено 2 штук товара "Ежедневник 90 дней, Ш. Аляутдинов. Диля" со склада "Магазин Алматы" на склад "Интернет магазин склад\r\n"', 'Перемещение'),
(914, 1, 5, '2016-09-23 17:50:21', 'Перемещено 1 штук товара "Мир души, Ш. Аляутдинов. Диля" со склада "Магазин Алматы" на склад "Интернет магазин склад\r\n"', 'Перемещение'),
(915, 1, 5, '2016-09-23 17:50:32', 'Перемещено 1 штук товара "Дети и Ислам, Ш. Аляутдинов. Диля" со склада "Магазин Алматы" на склад "Интернет магазин склад\r\n"', 'Перемещение'),
(916, 1, 5, '2016-09-23 17:50:45', 'Перемещено 1 штук товара "Триллионер слушает (Супер обл 60х90/16)" со склада "Магазин Алматы" на склад "Интернет магазин склад\r\n"', 'Перемещение'),
(917, 1, 5, '2016-09-23 17:50:56', 'Перемещено 1 штук товара "Женщина и Ислам (борд), Ш. Аляутдинов. Диля" со склада "Магазин Алматы" на склад "Интернет магазин склад\r\n"', 'Перемещение'),
(918, 1, 5, '2016-09-23 17:51:11', 'Перемещено 1 штук товара "Ежедневник 90 дней, Ш. Аляутдинов. Диля" со склада "Магазин Алматы" на склад "Интернет магазин склад\r\n"', 'Перемещение'),
(919, 1, 5, '2016-09-23 17:51:19', 'Перемещено 1 штук товара "Не грусти. Аль-Карни" со склада "Магазин Алматы" на склад "Интернет магазин склад\r\n"', 'Перемещение'),
(920, 1, 5, '2016-09-23 17:51:33', 'Перемещено 1 штук товара "Как увидеть Рай, Ш. Аляутдинов. Диля" со склада "Магазин Алматы" на склад "Интернет магазин склад\r\n"', 'Перемещение'),
(921, 1, 5, '2016-09-23 17:51:44', 'Перемещено 1 штук товара "Семья и ислам, Ш. Аляутдинов. Диля" со склада "Магазин Алматы" на склад "Интернет магазин склад\r\n"', 'Перемещение'),
(922, 1, 5, '2016-09-23 17:51:57', 'Перемещено 1 штук товара "Не грусти. Аль-Карни" со склада "Магазин Алматы" на склад "Интернет магазин склад\r\n"', 'Перемещение'),
(923, 1, 5, '2016-09-23 17:52:13', 'Перемещено 1 штук товара "Жизнь Пророка (c.а.с.)" со склада "Магазин Алматы" на склад "Интернет магазин склад\r\n"', 'Перемещение'),
(924, 1, 5, '2016-09-23 17:52:32', 'Перемещено 3 штук товара "Не грусти. Аль-Карни" со склада "Магазин Алматы" на склад "Интернет магазин склад\r\n"', 'Перемещение'),
(925, 1, 5, '2016-09-23 17:52:39', 'Перемещено 1 штук товара "Жизнь Пророка (c.а.с.)" со склада "Магазин Алматы" на склад "Интернет магазин склад\r\n"', 'Перемещение'),
(926, 1, 5, '2016-09-23 17:53:17', 'Перемещено 2 штук товара "Мир души, Ш. Аляутдинов. Диля" со склада "Магазин Алматы" на склад "Интернет магазин склад\r\n"', 'Перемещение'),
(927, 1, 5, '2016-09-23 17:53:51', 'Перемещено 2 штук товара "Триллионер думает, Ш. Аляутдинов. Диля" со склада "Магазин Алматы" на склад "Интернет магазин склад\r\n"', 'Перемещение'),
(928, 1, 5, '2016-09-23 17:54:13', 'Перемещено 2 штук товара "Триллионер действует, Ш. Аляутдинов. Диля" со склада "Магазин Алматы" на склад "Интернет магазин склад\r\n"', 'Перемещение'),
(929, 1, 5, '2016-09-23 17:54:24', 'Перемещено 1 штук товара "Триллионер слушает (Супер обл 60х90/16)" со склада "Магазин Алматы" на склад "Интернет магазин склад\r\n"', 'Перемещение'),
(930, 1, 5, '2016-09-23 17:54:35', 'Перемещено 1 штук товара "Триллионер слушает, Ш. Аляутдинов. Диля" со склада "Магазин Алматы" на склад "Интернет магазин склад\r\n"', 'Перемещение'),
(931, 1, 5, '2016-09-23 17:54:45', 'Перемещено 1 штук товара "Женщина и Ислам (борд), Ш. Аляутдинов. Диля" со склада "Магазин Алматы" на склад "Интернет магазин склад\r\n"', 'Перемещение'),
(932, 1, 5, '2016-09-23 17:54:55', 'Перемещено 1 штук товара "Дети и Ислам, Ш. Аляутдинов. Диля" со склада "Магазин Алматы" на склад "Интернет магазин склад\r\n"', 'Перемещение'),
(933, 1, 5, '2016-09-23 17:55:08', 'Перемещено 1 штук товара "Мужчины и Ислам (новый), Ш. Аляутдинов. Диля" со склада "Магазин Алматы" на склад "Интернет магазин склад\r\n"', 'Перемещение'),
(934, 1, 5, '2016-09-23 17:55:27', 'Перемещено 1 штук товара "Стань самым умным и самым богатым 1, Ш. Аляутдинов. Диля" со склада "Магазин Алматы" на склад "Интернет магазин склад\r\n"', 'Перемещение'),
(935, 1, 5, '2016-09-23 17:55:34', 'Перемещено 1 штук товара "Стань самым умным и самым богатым 2, Ш. Аляутдинов. Диля" со склада "Магазин Алматы" на склад "Интернет магазин склад\r\n"', 'Перемещение'),
(936, 1, 5, '2016-09-23 17:55:55', 'Перемещено 3 штук товара "Ежедневник 90 дней, Ш. Аляутдинов. Диля" со склада "Магазин Алматы" на склад "Интернет магазин склад\r\n"', 'Перемещение'),
(937, 1, 5, '2016-09-23 17:59:09', 'Перемещено 2 штук товара "Не грусти. Аль-Карни" со склада "Магазин Алматы" на склад "Интернет магазин склад\r\n"', 'Перемещение'),
(938, 1, 5, '2016-09-23 17:59:39', 'Перемещено 1 штук товара "Ответы на вопросы об Исламе, Ш. Аляутдинов. Диля" со склада "Магазин Алматы" на склад "Интернет магазин склад\r\n"', 'Перемещение'),
(939, 1, 5, '2016-09-23 17:59:55', 'Перемещено 1 штук товара "Опыт дурака, или Где зимует миллион решений, М. Норбеков. АСТ" со склада "Магазин Алматы" на склад "Интернет магазин склад\r\n"', 'Перемещение'),
(940, 1, 5, '2016-09-23 18:00:04', 'Перемещено 1 штук товара "Высказывания Пророка (толстая). Ш. Аляутдинов. Диля" со склада "Магазин Алматы" на склад "Интернет магазин склад\r\n"', 'Перемещение'),
(941, 1, 5, '2016-09-23 18:00:18', 'Перемещено 1 штук товара "Женщина и Ислам (борд), Ш. Аляутдинов. Диля" со склада "Магазин Алматы" на склад "Интернет магазин склад\r\n"', 'Перемещение'),
(942, 1, 5, '2016-09-23 18:00:31', 'Перемещено 1 штук товара "Св.Коран (Смыслы) (1-настольный), Ш. Аляутдинов. Диля" со склада "Магазин Алматы" на склад "Интернет магазин склад\r\n"', 'Перемещение'),
(943, 1, 5, '2016-09-23 18:00:51', 'Перемещено 1 штук товара "Расписание триллионера, Ш. Аляутдинов. Диля" со склада "Магазин Алматы" на склад "Интернет магазин склад\r\n"', 'Перемещение'),
(944, 1, 5, '2016-09-23 18:01:06', 'Перемещено 1 штук товара "Семья и ислам, Ш. Аляутдинов. Диля" со склада "Магазин Алматы" на склад "Интернет магазин склад\r\n"', 'Перемещение'),
(945, 1, 5, '2016-09-23 19:20:33', ' Пользователь зашел в веб-сайт ', 'Вход'),
(946, 1, 5, '2016-09-24 10:49:59', ' Пользователь зашел в веб-сайт ', 'Вход'),
(947, 1, 5, '2016-09-24 10:50:32', ' Пользователь зашел в веб-сайт ', 'Вход'),
(948, 7, 5, '2016-09-24 10:57:16', ' Пользователь зашел в веб-сайт ', 'Вход'),
(949, 7, 5, '2016-09-24 11:12:59', ' Пользователь зашел в веб-сайт ', 'Вход'),
(950, 1, 5, '2016-09-24 11:20:11', 'Перемещено 30 штук товара "Адамзаттың асыл тәжі, Д. Өмірзақ қызы Ибрагим. Алтын қалам" со склада "Магазин Алматы" на склад "Склад магазина Атырау"', 'Перемещение'),
(951, 1, 5, '2016-09-24 11:20:42', 'Перемещено 20 штук товара "Жизнь Пророка (c.а.с.)" со склада "Магазин Алматы" на склад "Склад магазина Атырау"', 'Перемещение'),
(952, 1, 5, '2016-09-24 11:20:59', 'Перемещено 8 штук товара "Св.Коран (Смыслы) (1-дорожный), Ш. Аляутдинов. Диля" со склада "Магазин Алматы" на склад "Склад магазина Атырау"', 'Перемещение'),
(953, 1, 5, '2016-09-24 11:21:10', 'Перемещено 4 штук товара "Св.Коран (Смыслы) (1-настольный), Ш. Аляутдинов. Диля" со склада "Магазин Алматы" на склад "Склад магазина Атырау"', 'Перемещение'),
(954, 1, 5, '2016-09-24 11:21:22', 'Перемещено 20 штук товара "Взгляни на мир шире (диск), Ш. Аляутдинов" со склада "Магазин Алматы" на склад "Склад магазина Атырау"', 'Перемещение'),
(955, 1, 5, '2016-09-24 11:21:38', 'Перемещено 2 штук товара "Таджвид, Ш. Аляутдинов. Диля" со склада "Магазин Алматы" на склад "Склад магазина Атырау"', 'Перемещение'),
(956, 1, 5, '2016-09-24 11:22:11', 'Перемещено 2 штук товара "Потусторонние миры (диск), Ш. Аляутдинов. Диля" со склада "Магазин Алматы" на склад "Склад магазина Атырау"', 'Перемещение'),
(957, 1, 5, '2016-09-24 11:22:36', 'Перемещено 5 штук товара "Мусульманское право, Ш. Аляутдинов. Диля" со склада "Магазин Алматы" на склад "Склад магазина Атырау"', 'Перемещение'),
(958, 1, 5, '2016-09-24 11:23:04', 'Перемещено 2 штук товара "Мұңайма, Д.Мырзакожа" со склада "Магазин Алматы" на склад "Склад магазина Атырау"', 'Перемещение'),
(959, 1, 5, '2016-09-24 11:41:57', ' Пользователь зашел в веб-сайт ', 'Вход'),
(960, 1, 5, '2016-09-24 11:42:16', 'Продано 1 штук товара "Финансы триллионера,  Ш. Аляутдинов. Диля" в магазине "Магазин Алматы"', 'Продажа'),
(961, 1, 5, '2016-09-24 11:43:02', 'Произведен отток на кассу "Магазин Алматы" с комментарием "Айжан подарок на др Фин трилл" в размере 4200 тг ', 'Отток на кассу'),
(962, 1, 5, '2016-09-24 11:43:46', 'Перемещено 5 штук товара "Прочнее стали (диск), Ш. Аляутдинов" со склада "Магазин Алматы" на склад "Склад магазина Атырау"', 'Перемещение'),
(963, 1, 5, '2016-09-24 11:43:56', 'Перемещено 20 штук товара "Один триллион (диск), Ш. Аляутдинов" со склада "Магазин Алматы" на склад "Склад магазина Атырау"', 'Перемещение'),
(964, 1, 5, '2016-09-24 11:46:57', 'Продано 1 штук товара "Путь  к вере и совершенству (тв), Ш. Аляутдинов. Диля" в магазине "Магазин Алматы"', 'Продажа'),
(965, 1, 5, '2016-09-24 11:48:07', 'Продано 3 штук товара "Путь  к вере и совершенству (тв), Ш. Аляутдинов. Диля" в магазине "Магазин Алматы"', 'Продажа'),
(966, 1, 5, '2016-09-24 11:48:42', 'Удалена операция типа: ''Не известно'' сотрудником ''Жиенбаев Саннат Алексеевич''. Информация об удаленной операции: товар '''', сотрудник ''Жиенбаев Саннат Алексеевич'', магазин ''Магазин Алматы'', дата ''23/09/2016  11:12:16''.', 'Удаление операции'),
(967, 1, 5, '2016-09-24 11:49:06', 'Удалена операция типа: ''Не известно'' сотрудником ''Жиенбаев Саннат Алексеевич''. Информация об удаленной операции: товар '''', сотрудник ''Жиенбаев Саннат Алексеевич'', магазин ''Магазин Алматы'', дата ''23/09/2016  10:37:52''.', 'Удаление операции'),
(968, 1, 5, '2016-09-24 11:49:28', 'Удалена операция типа: ''Не известно'' сотрудником ''Жиенбаев Саннат Алексеевич''. Информация об удаленной операции: товар '''', сотрудник ''Жиенбаев Саннат Алексеевич'', магазин ''Магазин Алматы'', дата ''23/09/2016  10:24:18''.', 'Удаление операции'),
(969, 1, 5, '2016-09-24 11:49:59', 'Произведен отток на кассу "Магазин Алматы" с комментарием "" в размере 1040 тг ', 'Отток на кассу'),
(970, 1, 5, '2016-09-24 11:50:50', 'Перемещено 3 штук товара "Путь  к вере и совершенству (тв), Ш. Аляутдинов. Диля" со склада "Магазин Алматы" на склад "Интернет магазин склад\r\n"', 'Перемещение');

-- --------------------------------------------------------

--
-- Структура таблицы `moves`
--
-- Создание: Сен 22 2016 г., 23:16
--

CREATE TABLE IF NOT EXISTS `moves` (
  `move_id` int(30) NOT NULL AUTO_INCREMENT,
  `good_id` int(30) NOT NULL,
  `comp_id` int(30) NOT NULL,
  `from_store_id` int(30) NOT NULL,
  `to_store_id` int(30) NOT NULL,
  `count` int(30) NOT NULL,
  `employee_id` int(30) NOT NULL,
  `move_date` datetime NOT NULL,
  PRIMARY KEY (`move_id`)
) ENGINE=InnoDB  DEFAULT CHARSET=utf8 AUTO_INCREMENT=62 ;

--
-- Дамп данных таблицы `moves`
--

INSERT INTO `moves` (`move_id`, `good_id`, `comp_id`, `from_store_id`, `to_store_id`, `count`, `employee_id`, `move_date`) VALUES
(2, 5000104, 5, 8, 14, 1, 1, '2016-09-23 17:31:55'),
(3, 5000039, 5, 8, 14, 1, 1, '2016-09-23 17:44:25'),
(4, 5000013, 5, 8, 14, 1, 1, '2016-09-23 17:44:54'),
(5, 5000092, 5, 8, 14, 1, 1, '2016-09-23 17:46:46'),
(6, 5000040, 5, 8, 14, 1, 1, '2016-09-23 17:47:05'),
(7, 5000039, 5, 8, 14, 1, 1, '2016-09-23 17:47:29'),
(8, 5000098, 5, 8, 14, 1, 1, '2016-09-23 17:47:53'),
(9, 5000857, 5, 8, 14, 1, 1, '2016-09-23 17:48:01'),
(10, 5000010, 5, 8, 14, 1, 1, '2016-09-23 17:48:16'),
(11, 5000014, 5, 8, 14, 1, 1, '2016-09-23 17:48:28'),
(12, 5000022, 5, 8, 14, 1, 1, '2016-09-23 17:48:39'),
(13, 5000057, 5, 8, 14, 1, 1, '2016-09-23 17:48:54'),
(14, 5000002, 5, 8, 14, 1, 1, '2016-09-23 17:49:04'),
(15, 5000857, 5, 8, 14, 1, 1, '2016-09-23 17:49:17'),
(16, 5000039, 5, 8, 14, 1, 1, '2016-09-23 17:49:38'),
(17, 5000857, 5, 8, 14, 1, 1, '2016-09-23 17:49:47'),
(18, 5000013, 5, 8, 14, 2, 1, '2016-09-23 17:50:06'),
(19, 5000039, 5, 8, 14, 1, 1, '2016-09-23 17:50:21'),
(20, 5000012, 5, 8, 14, 1, 1, '2016-09-23 17:50:32'),
(21, 5000106, 5, 8, 14, 1, 1, '2016-09-23 17:50:45'),
(22, 5000014, 5, 8, 14, 1, 1, '2016-09-23 17:50:56'),
(23, 5000013, 5, 8, 14, 1, 1, '2016-09-23 17:51:11'),
(24, 5000857, 5, 8, 14, 1, 1, '2016-09-23 17:51:19'),
(25, 5000028, 5, 8, 14, 1, 1, '2016-09-23 17:51:33'),
(26, 5000092, 5, 8, 14, 1, 1, '2016-09-23 17:51:44'),
(27, 5000857, 5, 8, 14, 1, 1, '2016-09-23 17:51:57'),
(28, 5000820, 5, 8, 14, 1, 1, '2016-09-23 17:52:13'),
(29, 5000857, 5, 8, 14, 3, 1, '2016-09-23 17:52:32'),
(30, 5000820, 5, 8, 14, 1, 1, '2016-09-23 17:52:39'),
(31, 5000039, 5, 8, 14, 2, 1, '2016-09-23 17:53:17'),
(32, 5000104, 5, 8, 14, 2, 1, '2016-09-23 17:53:51'),
(33, 5000103, 5, 8, 14, 2, 1, '2016-09-23 17:54:13'),
(34, 5000106, 5, 8, 14, 1, 1, '2016-09-23 17:54:24'),
(35, 5000107, 5, 8, 14, 1, 1, '2016-09-23 17:54:35'),
(36, 5000014, 5, 8, 14, 1, 1, '2016-09-23 17:54:45'),
(37, 5000012, 5, 8, 14, 1, 1, '2016-09-23 17:54:55'),
(38, 5000040, 5, 8, 14, 1, 1, '2016-09-23 17:55:08'),
(39, 5000098, 5, 8, 14, 1, 1, '2016-09-23 17:55:27'),
(40, 5000099, 5, 8, 14, 1, 1, '2016-09-23 17:55:34'),
(41, 5000013, 5, 8, 14, 3, 1, '2016-09-23 17:55:55'),
(42, 5000857, 5, 8, 14, 2, 1, '2016-09-23 17:59:09'),
(43, 5000050, 5, 8, 14, 1, 1, '2016-09-23 17:59:39'),
(44, 5000543, 5, 8, 14, 1, 1, '2016-09-23 17:59:55'),
(45, 5000010, 5, 8, 14, 1, 1, '2016-09-23 18:00:04'),
(46, 5000014, 5, 8, 14, 1, 1, '2016-09-23 18:00:18'),
(47, 5000083, 5, 8, 14, 1, 1, '2016-09-23 18:00:31'),
(48, 5000066, 5, 8, 14, 1, 1, '2016-09-23 18:00:51'),
(49, 5000092, 5, 8, 14, 1, 1, '2016-09-23 18:01:06'),
(50, 5000006, 5, 8, 9, 30, 1, '2016-09-24 11:20:11'),
(51, 5000820, 5, 8, 9, 20, 1, '2016-09-24 11:20:42'),
(52, 5000082, 5, 8, 9, 8, 1, '2016-09-24 11:20:59'),
(53, 5000083, 5, 8, 9, 4, 1, '2016-09-24 11:21:10'),
(54, 5000007, 5, 8, 9, 20, 1, '2016-09-24 11:21:22'),
(55, 5000101, 5, 8, 9, 2, 1, '2016-09-24 11:21:38'),
(56, 5000056, 5, 8, 9, 2, 1, '2016-09-24 11:22:11'),
(57, 5000043, 5, 8, 9, 5, 1, '2016-09-24 11:22:36'),
(58, 5000852, 5, 8, 9, 2, 1, '2016-09-24 11:23:04'),
(59, 5000061, 5, 8, 9, 5, 1, '2016-09-24 11:43:46'),
(60, 5000047, 5, 8, 9, 20, 1, '2016-09-24 11:43:56'),
(61, 5000062, 5, 8, 14, 3, 1, '2016-09-24 11:50:50');

-- --------------------------------------------------------

--
-- Структура таблицы `net_prices`
--
-- Создание: Сен 22 2016 г., 23:16
--

CREATE TABLE IF NOT EXISTS `net_prices` (
  `net_price_id` int(30) NOT NULL AUTO_INCREMENT,
  `from_date` datetime NOT NULL,
  `net_price` int(30) NOT NULL,
  `good_id` int(30) NOT NULL,
  `comp_id` int(30) NOT NULL,
  PRIMARY KEY (`net_price_id`)
) ENGINE=InnoDB DEFAULT CHARSET=utf8 AUTO_INCREMENT=1 ;

-- --------------------------------------------------------

--
-- Структура таблицы `returns`
--
-- Создание: Сен 22 2016 г., 23:16
--

CREATE TABLE IF NOT EXISTS `returns` (
  `return_id` int(30) NOT NULL AUTO_INCREMENT,
  `good_id` int(30) NOT NULL,
  `comp_id` int(30) NOT NULL,
  `store_id` int(30) NOT NULL,
  `employee_id` int(30) NOT NULL,
  `client_id` int(30) NOT NULL,
  `return_date` datetime NOT NULL,
  `price` int(30) NOT NULL,
  `net_price` int(30) NOT NULL,
  `count` int(30) NOT NULL,
  `discount` int(30) NOT NULL,
  `bonus` int(30) NOT NULL,
  `reason` varchar(100) NOT NULL,
  PRIMARY KEY (`return_id`)
) ENGINE=InnoDB DEFAULT CHARSET=utf8 AUTO_INCREMENT=1 ;

-- --------------------------------------------------------

--
-- Структура таблицы `sells`
--
-- Создание: Сен 22 2016 г., 23:16
--

CREATE TABLE IF NOT EXISTS `sells` (
  `sell_id` int(30) NOT NULL AUTO_INCREMENT,
  `good_id` int(30) NOT NULL,
  `comp_id` int(30) NOT NULL,
  `store_id` int(30) NOT NULL,
  `employee_id` int(30) NOT NULL,
  `client_id` int(30) NOT NULL,
  `sell_date` datetime NOT NULL,
  `price` int(30) NOT NULL,
  `net_price` int(30) NOT NULL,
  `count` int(30) NOT NULL,
  `discount` int(30) NOT NULL,
  `bonus` int(30) NOT NULL,
  PRIMARY KEY (`sell_id`)
) ENGINE=InnoDB  DEFAULT CHARSET=utf8 AUTO_INCREMENT=314 ;

--
-- Дамп данных таблицы `sells`
--

INSERT INTO `sells` (`sell_id`, `good_id`, `comp_id`, `store_id`, `employee_id`, `client_id`, `sell_date`, `price`, `net_price`, `count`, `discount`, `bonus`) VALUES
(142, 5000460, 5, 8, 1, 0, '2016-09-22 18:17:02', 6065, 0, 1, 0, 0),
(143, 5000593, 5, 8, 1, 0, '2016-09-22 18:17:16', 1700, 0, 1, 0, 0),
(144, 5000028, 5, 8, 1, 0, '2016-09-22 18:17:31', 3000, 0, 1, 0, 0),
(145, 5000998, 5, 8, 1, 0, '2016-09-22 18:18:18', 330, 0, 1, 0, 0),
(146, 5000989, 5, 8, 1, 0, '2016-09-22 18:19:15', 750, 0, 1, 0, 0),
(147, 5000083, 5, 8, 1, 0, '2016-09-22 18:19:26', 4400, 0, 1, 0, 0),
(148, 5000085, 5, 8, 1, 0, '2016-09-22 18:19:36', 4400, 0, 1, 0, 0),
(149, 5000087, 5, 8, 1, 0, '2016-09-22 18:19:48', 4600, 0, 1, 0, 0),
(150, 5000089, 5, 8, 1, 0, '2016-09-22 18:19:56', 6500, 0, 1, 0, 0),
(151, 5000045, 5, 8, 1, 0, '2016-09-22 18:20:15', 750, 0, 1, 0, 0),
(152, 5000003, 5, 8, 1, 0, '2016-09-22 18:20:22', 750, 0, 1, 0, 0),
(153, 5000820, 5, 8, 1, 0, '2016-09-22 18:20:35', 600, 0, 1, 0, 0),
(154, 5001000, 5, 8, 1, 0, '2016-09-22 18:21:35', 460, 0, 1, 0, 0),
(155, 5000898, 5, 8, 1, 0, '2016-09-22 18:21:46', 705, 0, 1, 0, 0),
(156, 5000730, 5, 8, 1, 0, '2016-09-22 18:21:55', 5100, 0, 1, 0, 0),
(157, 5000354, 5, 8, 1, 0, '2016-09-22 18:22:03', 3500, 0, 1, 0, 0),
(158, 5000012, 5, 8, 1, 0, '2016-09-22 18:22:13', 1800, 0, 1, 0, 0),
(159, 5000781, 5, 8, 1, 0, '2016-09-22 18:23:27', 4800, 0, 1, 0, 0),
(160, 5000749, 5, 8, 1, 0, '2016-09-22 18:23:39', 1710, 0, 1, 0, 0),
(161, 5000890, 5, 8, 1, 0, '2016-09-22 18:23:46', 2000, 0, 1, 0, 0),
(162, 5000048, 5, 8, 1, 0, '2016-09-22 18:23:57', 7000, 0, 1, 0, 0),
(163, 5000754, 5, 8, 1, 0, '2016-09-22 18:24:10', 1890, 0, 1, 0, 0),
(164, 5000813, 5, 8, 1, 0, '2016-09-22 18:24:20', 840, 0, 1, 0, 0),
(165, 5000820, 5, 8, 1, 0, '2016-09-22 18:24:33', 600, 0, 1, 0, 0),
(166, 5000035, 5, 8, 1, 0, '2016-09-22 18:24:46', 1000, 0, 1, 0, 0),
(167, 5000107, 5, 8, 1, 0, '2016-09-22 18:25:03', 3100, 0, 1, 0, 0),
(168, 5000111, 5, 8, 1, 0, '2016-09-22 18:25:55', 750, 0, 1, 0, 0),
(169, 5000039, 5, 8, 1, 0, '2016-09-22 18:26:04', 2500, 0, 1, 0, 0),
(170, 5000095, 5, 8, 1, 0, '2016-09-22 18:26:13', 750, 0, 1, 0, 0),
(171, 5000003, 5, 8, 1, 0, '2016-09-22 18:26:19', 750, 0, 1, 0, 0),
(172, 5000857, 5, 8, 1, 0, '2016-09-22 18:26:31', 3600, 0, 1, 0, 0),
(173, 5000091, 5, 8, 1, 0, '2016-09-22 18:26:38', 14000, 0, 1, 0, 0),
(174, 5000041, 5, 8, 1, 0, '2016-09-22 18:26:50', 1100, 0, 1, 0, 0),
(175, 5000037, 5, 8, 1, 0, '2016-09-22 18:27:26', 1750, 0, 1, 0, 0),
(176, 5000107, 5, 8, 1, 0, '2016-09-22 18:27:42', 3100, 0, 1, 0, 0),
(177, 5000098, 5, 8, 1, 0, '2016-09-22 18:27:53', 3200, 0, 1, 0, 0),
(178, 5000041, 5, 8, 1, 0, '2016-09-22 18:28:07', 1100, 0, 1, 0, 0),
(179, 5000014, 5, 8, 1, 0, '2016-09-22 18:28:52', 1200, 0, 1, 0, 0),
(180, 5000039, 5, 8, 1, 0, '2016-09-22 18:29:01', 2500, 0, 1, 0, 0),
(181, 5000014, 5, 8, 1, 0, '2016-09-22 18:29:16', 1200, 0, 1, 0, 0),
(182, 5000012, 5, 8, 1, 0, '2016-09-22 18:30:37', 1800, 0, 1, 0, 0),
(183, 5000048, 5, 8, 1, 0, '2016-09-22 18:30:48', 7000, 0, 1, 0, 0),
(184, 5000098, 5, 8, 1, 0, '2016-09-22 18:30:53', 3200, 0, 1, 0, 0),
(185, 5000487, 5, 8, 1, 0, '2016-09-22 18:31:02', 1250, 0, 1, 0, 0),
(186, 5000039, 5, 8, 1, 0, '2016-09-22 18:32:00', 2500, 0, 1, 0, 0),
(187, 5000013, 5, 8, 1, 0, '2016-09-22 18:32:30', 3200, 0, 1, 0, 0),
(188, 5000107, 5, 8, 1, 0, '2016-09-22 18:33:34', 3100, 0, 1, 0, 0),
(189, 5000106, 5, 8, 1, 0, '2016-09-22 18:33:41', 4100, 0, 1, 0, 0),
(190, 5000857, 5, 8, 1, 0, '2016-09-22 18:33:47', 3600, 0, 1, 0, 0),
(191, 5000754, 5, 8, 1, 0, '2016-09-22 18:33:55', 1890, 0, 1, 0, 0),
(192, 5000857, 5, 8, 1, 0, '2016-09-22 18:34:09', 3600, 0, 1, 0, 0),
(193, 5000063, 5, 8, 1, 0, '2016-09-22 18:34:18', 2600, 0, 1, 0, 0),
(194, 5000019, 5, 8, 1, 0, '2016-09-22 18:34:24', 1600, 0, 1, 0, 0),
(195, 5000028, 5, 8, 1, 0, '2016-09-22 18:34:40', 3000, 0, 1, 0, 0),
(196, 5000107, 5, 8, 1, 0, '2016-09-22 18:34:46', 3100, 0, 1, 0, 0),
(197, 5000822, 5, 8, 1, 0, '2016-09-22 18:34:57', 5200, 0, 1, 0, 0),
(198, 5000010, 5, 8, 1, 0, '2016-09-22 18:35:05', 3600, 0, 1, 0, 0),
(199, 5000813, 5, 8, 1, 0, '2016-09-22 18:35:30', 840, 0, 1, 0, 0),
(200, 5000101, 5, 8, 1, 0, '2016-09-22 18:35:44', 3200, 0, 1, 0, 0),
(201, 5000103, 5, 8, 1, 0, '2016-09-22 18:36:11', 3000, 0, 1, 0, 0),
(202, 5000107, 5, 8, 1, 0, '2016-09-22 18:36:17', 3100, 0, 1, 0, 0),
(203, 5000104, 5, 8, 1, 0, '2016-09-22 18:36:23', 2600, 0, 1, 0, 0),
(204, 5000109, 5, 8, 1, 0, '2016-09-22 18:36:32', 4200, 0, 1, 0, 0),
(205, 5000189, 5, 8, 1, 0, '2016-09-22 18:37:45', 2500, 0, 1, 0, 0),
(206, 5000918, 5, 8, 1, 0, '2016-09-22 18:38:12', 4230, 0, 1, 0, 0),
(207, 5000039, 5, 8, 1, 0, '2016-09-22 18:38:47', 2500, 0, 1, 0, 0),
(208, 5000048, 5, 8, 1, 0, '2016-09-22 18:38:54', 7000, 0, 1, 0, 0),
(209, 5000857, 5, 8, 1, 0, '2016-09-22 18:46:37', 3600, 0, 1, 0, 0),
(210, 5000107, 5, 8, 1, 0, '2016-09-22 18:47:40', 3100, 0, 1, 0, 0),
(211, 5000098, 5, 8, 1, 0, '2016-09-22 18:47:45', 3200, 0, 1, 0, 0),
(212, 5000099, 5, 8, 1, 0, '2016-09-22 18:47:52', 3200, 0, 1, 0, 0),
(213, 5000039, 5, 8, 1, 0, '2016-09-22 18:48:02', 2500, 0, 1, 0, 0),
(214, 5000014, 5, 8, 1, 0, '2016-09-22 18:48:17', 1200, 0, 1, 0, 0),
(215, 5000106, 5, 8, 1, 0, '2016-09-22 18:48:30', 4100, 0, 1, 0, 0),
(216, 5000170, 5, 8, 1, 0, '2016-09-22 18:48:52', 2620, 0, 1, 0, 0),
(217, 5000857, 5, 8, 1, 0, '2016-09-22 18:48:57', 3600, 0, 1, 0, 0),
(218, 5000066, 5, 8, 1, 0, '2016-09-23 10:02:55', 3700, 0, 1, 0, 0),
(219, 5000770, 5, 8, 1, 0, '2016-09-23 10:03:11', 4300, 0, 1, 0, 0),
(220, 5000794, 5, 8, 1, 0, '2016-09-23 10:03:23', 8600, 0, 1, 0, 0),
(221, 5000366, 5, 8, 1, 0, '2016-09-23 10:03:33', 1500, 0, 1, 0, 0),
(222, 5000107, 5, 8, 1, 0, '2016-09-23 10:03:53', 3100, 0, 1, 0, 0),
(223, 5000104, 5, 8, 1, 0, '2016-09-23 10:04:00', 2600, 0, 1, 0, 0),
(224, 5000103, 5, 8, 1, 0, '2016-09-23 10:04:09', 3000, 0, 1, 0, 0),
(225, 5000107, 5, 8, 1, 0, '2016-09-23 10:04:22', 3100, 0, 1, 0, 0),
(226, 5000861, 5, 8, 1, 0, '2016-09-23 10:04:32', 1500, 0, 1, 0, 0),
(227, 5000042, 5, 8, 1, 0, '2016-09-23 10:04:42', 1600, 0, 1, 0, 0),
(228, 5000581, 5, 8, 1, 0, '2016-09-23 10:05:01', 1700, 0, 1, 0, 0),
(229, 5000091, 5, 8, 1, 0, '2016-09-23 10:05:14', 14000, 0, 1, 0, 0),
(230, 5000109, 5, 8, 1, 0, '2016-09-23 10:08:52', 4200, 0, 1, 0, 0),
(231, 5000027, 5, 8, 1, 0, '2016-09-23 10:09:19', 5400, 0, 1, 0, 0),
(232, 5000366, 5, 8, 1, 0, '2016-09-23 10:09:27', 1500, 0, 1, 0, 0),
(233, 5000109, 5, 8, 1, 0, '2016-09-23 10:09:38', 4200, 0, 1, 0, 0),
(234, 5000042, 5, 8, 1, 0, '2016-09-23 10:09:59', 1600, 0, 1, 0, 0),
(235, 5000057, 5, 8, 1, 0, '2016-09-23 10:10:10', 1100, 0, 1, 0, 0),
(236, 5000291, 5, 8, 1, 0, '2016-09-23 10:10:19', 3000, 0, 1, 0, 0),
(237, 5000318, 5, 8, 1, 0, '2016-09-23 10:10:31', 2310, 0, 1, 0, 0),
(238, 5000066, 5, 8, 1, 0, '2016-09-23 10:22:48', 3700, 0, 2, 0, 0),
(239, 5000505, 5, 8, 1, 0, '2016-09-23 10:23:29', 2000, 0, 1, 0, 0),
(240, 5000688, 5, 8, 1, 0, '2016-09-23 10:23:36', 2900, 0, 1, 0, 0),
(241, 5000045, 5, 8, 1, 0, '2016-09-23 10:25:26', 750, 0, 1, 0, 0),
(242, 5000007, 5, 8, 1, 0, '2016-09-23 10:25:34', 750, 0, 1, 0, 0),
(243, 5000047, 5, 8, 1, 0, '2016-09-23 10:25:42', 750, 0, 1, 0, 0),
(244, 5000061, 5, 8, 1, 0, '2016-09-23 10:25:49', 750, 0, 1, 0, 0),
(245, 5000106, 5, 8, 1, 0, '2016-09-23 10:25:59', 4100, 0, 1, 0, 0),
(246, 5000102, 5, 8, 1, 0, '2016-09-23 10:26:12', 750, 0, 1, 0, 0),
(247, 5000007, 5, 8, 1, 0, '2016-09-23 10:26:19', 750, 0, 1, 0, 0),
(248, 5000045, 5, 8, 1, 0, '2016-09-23 10:26:29', 750, 0, 1, 0, 0),
(249, 5000061, 5, 8, 1, 0, '2016-09-23 10:26:44', 750, 0, 1, 0, 0),
(250, 5000047, 5, 8, 1, 0, '2016-09-23 10:26:53', 750, 0, 1, 0, 0),
(251, 5000056, 5, 8, 1, 0, '2016-09-23 10:27:06', 3000, 0, 1, 0, 0),
(252, 5000035, 5, 8, 1, 0, '2016-09-23 10:27:18', 1000, 0, 1, 0, 0),
(253, 5000100, 5, 8, 1, 0, '2016-09-23 10:27:27', 750, 0, 1, 0, 0),
(254, 5000046, 5, 8, 1, 0, '2016-09-23 10:27:37', 750, 0, 1, 0, 0),
(255, 5000111, 5, 8, 1, 0, '2016-09-23 10:27:45', 750, 0, 1, 0, 0),
(256, 5000857, 5, 8, 1, 0, '2016-09-23 10:28:35', 3600, 0, 2, 0, 0),
(257, 5000935, 5, 8, 1, 0, '2016-09-23 10:31:40', 1665, 0, 1, 0, 0),
(258, 5000960, 5, 8, 1, 0, '2016-09-23 10:31:48', 245, 0, 1, 0, 0),
(259, 5000109, 5, 8, 1, 0, '2016-09-23 10:32:23', 4200, 0, 1, 0, 0),
(260, 5000680, 5, 8, 1, 0, '2016-09-23 10:32:33', 5170, 0, 1, 0, 0),
(261, 5000981, 5, 8, 1, 0, '2016-09-23 10:33:14', 1075, 0, 1, 0, 0),
(262, 5000575, 5, 8, 1, 0, '2016-09-23 10:34:15', 2000, 0, 1, 0, 0),
(263, 5000109, 5, 8, 1, 0, '2016-09-23 10:34:21', 4200, 0, 1, 0, 0),
(264, 5000255, 5, 8, 1, 0, '2016-09-23 10:34:30', 1900, 0, 1, 0, 0),
(265, 5000291, 5, 8, 1, 0, '2016-09-23 10:34:39', 3000, 0, 1, 0, 0),
(266, 5000553, 5, 8, 1, 0, '2016-09-23 10:34:48', 1800, 0, 1, 0, 0),
(267, 5000013, 5, 8, 1, 0, '2016-09-23 10:34:55', 3200, 0, 1, 0, 0),
(268, 5000109, 5, 8, 1, 0, '2016-09-23 10:35:04', 4200, 0, 1, 0, 0),
(269, 5000039, 5, 8, 1, 0, '2016-09-23 10:35:14', 2500, 0, 1, 0, 0),
(270, 5000580, 5, 8, 1, 0, '2016-09-23 10:35:35', 1400, 0, 1, 0, 0),
(271, 5000857, 5, 8, 1, 0, '2016-09-23 10:35:43', 3600, 0, 1, 0, 0),
(272, 5000871, 5, 8, 1, 0, '2016-09-23 10:38:07', 2200, 0, 1, 0, 0),
(273, 5000107, 5, 8, 1, 0, '2016-09-23 10:38:22', 3100, 0, 1, 0, 0),
(274, 5000995, 5, 8, 1, 0, '2016-09-23 10:38:30', 1075, 0, 1, 0, 0),
(275, 5000109, 5, 8, 1, 0, '2016-09-23 10:38:38', 4200, 0, 1, 0, 0),
(276, 5000107, 5, 8, 1, 0, '2016-09-23 10:39:09', 3100, 0, 1, 0, 0),
(277, 5000028, 5, 8, 1, 0, '2016-09-23 10:39:20', 3000, 0, 1, 0, 0),
(278, 5000010, 5, 8, 1, 0, '2016-09-23 10:39:30', 3600, 0, 1, 0, 0),
(279, 5000820, 5, 8, 1, 0, '2016-09-23 10:39:41', 600, 0, 1, 0, 0),
(280, 5000903, 5, 8, 1, 0, '2016-09-23 10:39:51', 1665, 0, 1, 0, 0),
(281, 5000923, 5, 8, 1, 0, '2016-09-23 10:57:39', 405, 0, 1, 0, 0),
(282, 5000207, 5, 8, 1, 0, '2016-09-23 10:57:59', 4800, 0, 1, 0, 0),
(283, 5000890, 5, 8, 1, 0, '2016-09-23 10:58:44', 2000, 0, 1, 0, 0),
(284, 5000316, 5, 8, 1, 0, '2016-09-23 11:03:35', 3200, 0, 1, 0, 0),
(285, 5000091, 5, 8, 1, 0, '2016-09-23 11:03:44', 14000, 0, 1, 0, 0),
(286, 5000014, 5, 8, 1, 0, '2016-09-23 11:03:52', 1200, 0, 1, 0, 0),
(287, 5000836, 5, 8, 1, 0, '2016-09-23 11:04:04', 7700, 0, 1, 0, 0),
(288, 5000048, 5, 8, 1, 0, '2016-09-23 11:04:23', 7000, 0, 1, 0, 0),
(289, 5000039, 5, 8, 1, 0, '2016-09-23 11:04:32', 2500, 0, 1, 0, 0),
(290, 5000857, 5, 8, 1, 0, '2016-09-23 11:04:41', 3600, 0, 1, 0, 0),
(291, 5000082, 5, 8, 1, 0, '2016-09-23 11:09:31', 3200, 0, 1, 0, 0),
(292, 5000084, 5, 8, 1, 0, '2016-09-23 11:09:37', 3200, 0, 1, 0, 0),
(293, 5000086, 5, 8, 1, 0, '2016-09-23 11:09:43', 3400, 0, 1, 0, 0),
(294, 5000088, 5, 8, 1, 0, '2016-09-23 11:09:50', 3200, 0, 1, 0, 0),
(295, 5000090, 5, 8, 1, 0, '2016-09-23 11:09:58', 3200, 0, 1, 0, 0),
(296, 5000014, 5, 8, 1, 0, '2016-09-23 11:10:08', 1200, 0, 1, 0, 0),
(297, 5000820, 5, 8, 1, 0, '2016-09-23 11:10:26', 600, 0, 1, 0, 0),
(298, 5000885, 5, 8, 1, 0, '2016-09-23 11:11:27', 2900, 0, 1, 0, 0),
(299, 5000013, 5, 8, 1, 0, '2016-09-23 11:11:39', 3200, 0, 1, 0, 0),
(300, 5000857, 5, 8, 1, 0, '2016-09-23 11:12:35', 3600, 0, 1, 0, 0),
(301, 5000039, 5, 8, 1, 0, '2016-09-23 11:12:44', 2500, 0, 1, 0, 0),
(302, 5000372, 5, 8, 1, 0, '2016-09-23 11:14:00', 4820, 0, 1, 0, 0),
(303, 5000039, 5, 8, 1, 0, '2016-09-23 11:24:36', 2500, 0, 1, 0, 0),
(304, 5000013, 5, 8, 1, 0, '2016-09-23 11:24:51', 3200, 0, 1, 0, 0),
(305, 5000890, 5, 8, 1, 0, '2016-09-23 11:25:49', 2000, 0, 1, 0, 0),
(306, 5000014, 5, 8, 1, 0, '2016-09-23 11:26:08', 1200, 0, 1, 0, 0),
(307, 5000109, 5, 8, 1, 0, '2016-09-23 11:26:17', 4200, 0, 1, 0, 0),
(308, 5000066, 5, 8, 1, 0, '2016-09-23 11:26:28', 3700, 0, 1, 0, 0),
(310, 5000013, 5, 8, 1, 0, '2016-09-23 17:14:53', 3200, 0, 1, 0, 0),
(311, 5000109, 5, 8, 1, 0, '2016-09-24 11:42:16', 4200, 0, 1, 0, 0),
(312, 5000062, 5, 8, 1, 0, '2016-09-24 11:46:57', 2600, 0, 1, 0, 0),
(313, 5000062, 5, 8, 1, 0, '2016-09-24 11:48:07', 2600, 0, 3, 0, 0);

-- --------------------------------------------------------

--
-- Структура таблицы `stores`
--
-- Создание: Сен 22 2016 г., 23:16
--

CREATE TABLE IF NOT EXISTS `stores` (
  `store_id` int(11) NOT NULL AUTO_INCREMENT,
  `pic_url` varchar(255) NOT NULL,
  `name` varchar(255) NOT NULL,
  `address` varchar(255) NOT NULL,
  `comp_id` int(11) NOT NULL,
  PRIMARY KEY (`store_id`)
) ENGINE=InnoDB  DEFAULT CHARSET=utf8 AUTO_INCREMENT=16 ;

--
-- Дамп данных таблицы `stores`
--

INSERT INTO `stores` (`store_id`, `pic_url`, `name`, `address`, `comp_id`) VALUES
(8, '', 'Магазин Алматы', 'г. Алматы, торговый дом Алматы Молл', 5),
(9, '', 'Склад магазина Атырау', 'г. Атырау', 5),
(10, '', 'Магазин Астана', 'г. Астана, пр. Бауыржана Момышулы д.10 (торг. дом РАХМЕТ, 3 этаж)', 5),
(11, '', 'Склад магазина Астана', 'г. Астана, пр. Бауыржана Момышулы д.10 (торг. дом РАХМЕТ, 3 этаж)', 5),
(12, '', 'Контейнер', 'г. Алматы', 5),
(14, '', 'Интернет магазин склад\r\n', 'Интернет', 5),
(15, '', 'Банк', 'Интернет', 5);

-- --------------------------------------------------------

--
-- Структура таблицы `users`
--
-- Создание: Сен 22 2016 г., 23:16
--

CREATE TABLE IF NOT EXISTS `users` (
  `id` int(30) NOT NULL AUTO_INCREMENT,
  `name` varchar(30) CHARACTER SET utf8 NOT NULL,
  `surname` varchar(30) CHARACTER SET utf8 NOT NULL,
  `patronymic` varchar(30) CHARACTER SET utf8 NOT NULL,
  `pic_url` varchar(200) CHARACTER SET utf8 DEFAULT NULL,
  `gender` varchar(10) CHARACTER SET utf8 NOT NULL,
  `info` text CHARACTER SET utf8 NOT NULL,
  `type` varchar(30) CHARACTER SET utf8 NOT NULL,
  `job` int(30) NOT NULL DEFAULT '0',
  `comp_id` int(30) NOT NULL,
  `email` varchar(30) CHARACTER SET utf8 NOT NULL,
  `password` varchar(30) CHARACTER SET utf8 NOT NULL,
  PRIMARY KEY (`id`),
  UNIQUE KEY `email` (`email`)
) ENGINE=InnoDB  DEFAULT CHARSET=utf8 COLLATE=utf8_unicode_ci AUTO_INCREMENT=13 ;

--
-- Дамп данных таблицы `users`
--

INSERT INTO `users` (`id`, `name`, `surname`, `patronymic`, `pic_url`, `gender`, `info`, `type`, `job`, `comp_id`, `email`, `password`) VALUES
(1, 'Саннат', 'Жиенбаев', 'Алексеевич', '', 'M', '', 'Менеджер', 255, 5, 'zhienbaevsa@gmail.com', 'ummabarakat'),
(2, 'Айжан', 'Искакова', 'Бакытжанкызы', '', 'F', '', 'Продавец', 23, 5, 'iskakova199@gmail.com', 'barakat'),
(3, 'Исмаил', 'Лома', '', '', 'M', '', 'Продавец', 23, 5, 'ismail_loma@mail.ru', 'barakat'),
(4, 'Малика', 'Сулейменкызы', '', '', 'F', '', 'Продавец', 23, 5, 'maleka.95.95@mail.ru', 'barakat'),
(7, 'Аманкос', 'Рахымбергенов', 'Канатович', 'images/amankos_ava.jpg', 'M', '...', 'admin', 255, 5, 'amankosss@gmail.com', 'A555555a'),
(8, 'Гаухар', 'Каиргалиева', 'Ерболовна', '', 'F', '', 'Менеджер', 255, 5, 'g.kairgaliyeva@brk.kz', 'qwerty123'),
(11, 'Алишер', 'Атантаев', '', '', 'M', '', 'admin', 255, 5, 'alish1309@rambler.ru', 'amankosinfo98'),
(12, 'Сейткарим', 'Жадыра', '', '', 'F', '', 'Продавец интернет-магазина', 31, 5, 'brk.trade@gmail.com', 'barakat');

/*!40101 SET CHARACTER_SET_CLIENT=@OLD_CHARACTER_SET_CLIENT */;
/*!40101 SET CHARACTER_SET_RESULTS=@OLD_CHARACTER_SET_RESULTS */;
/*!40101 SET COLLATION_CONNECTION=@OLD_COLLATION_CONNECTION */;
